2026-04-12 18:42:04,552  INFO      ════════════════════════════════════════════════════════════
2026-04-12 18:42:04,553  INFO      Job Market Pipeline  |  mode=transform  |  2026-04-12 18:42:04.553636
2026-04-12 18:42:04,554  INFO      ════════════════════════════════════════════════════════════
2026-04-12 18:42:04,555  INFO      ▶ STAGE 2 — Transform
2026-04-12 18:42:04,562  ERROR     ✘ Pipeline failed: No module named 'pandas'
Traceback (most recent call last):
  File "main.py", line 39, in run_pipeline
    from scripts.transform import run as transform_run
  File "/home/zonic/workspace/automated-data-pipeline/scripts/transform.py", line 21, in <module>
    import pandas as pd
ModuleNotFoundError: No module named 'pandas'
2026-04-12 18:50:24,697  INFO      ════════════════════════════════════════════════════════════
2026-04-12 18:50:24,697  INFO      Job Market Pipeline  |  mode=transform  |  2026-04-12 18:50:24.697332
2026-04-12 18:50:24,697  INFO      ════════════════════════════════════════════════════════════
2026-04-12 18:50:24,697  INFO      ▶ STAGE 2 — Transform
2026-04-12 18:50:25,113  ERROR     ✘ Pipeline failed: 'type' object is not subscriptable
Traceback (most recent call last):
  File "main.py", line 39, in run_pipeline
    from scripts.transform import run as transform_run
  File "/home/zonic/workspace/automated-data-pipeline/scripts/transform.py", line 31, in <module>
    SKILL_PATTERNS: dict[str, list[str]] = {
TypeError: 'type' object is not subscriptable
2026-04-12 18:53:38,260  INFO      ════════════════════════════════════════════════════════════
2026-04-12 18:53:38,261  INFO      Job Market Pipeline  |  mode=transform  |  2026-04-12 18:53:38.261279
2026-04-12 18:53:38,261  INFO      ════════════════════════════════════════════════════════════
2026-04-12 18:53:38,261  INFO      ▶ STAGE 2 — Transform
2026-04-12 18:53:38,708  ERROR     ✘ Pipeline failed: unsupported operand type(s) for |: 'type' and 'NoneType'
Traceback (most recent call last):
  File "main.py", line 39, in run_pipeline
    from scripts.transform import run as transform_run
  File "/home/zonic/workspace/automated-data-pipeline/scripts/transform.py", line 123, in <module>
    def parse_date(raw_date: str | None) -> str | None:
TypeError: unsupported operand type(s) for |: 'type' and 'NoneType'
2026-04-12 18:56:28,202  INFO      ════════════════════════════════════════════════════════════
2026-04-12 18:56:28,202  INFO      Job Market Pipeline  |  mode=transform  |  2026-04-12 18:56:28.202795
2026-04-12 18:56:28,203  INFO      ════════════════════════════════════════════════════════════
2026-04-12 18:56:28,203  INFO      ▶ STAGE 2 — Transform
2026-04-12 18:56:28,648  INFO        Reading data/raw/jobs_2026-04-12.json
2026-04-12 18:56:28,673  INFO        Loaded 846 raw records
2026-04-12 18:56:28,675  INFO        Deduplication: 846 → 846 rows
2026-04-12 18:56:29,536  INFO        After cleaning: 846 rows
2026-04-12 18:56:29,575  INFO        Written → data/clean/jobs_2026-04-12.parquet
2026-04-12 18:56:29,576  INFO         Saved clean data → data/clean/jobs_2026-04-12.parquet
2026-04-12 18:56:29,576  INFO      ✔ Pipeline finished successfully
2026-04-12 19:05:01,855  INFO      ════════════════════════════════════════════════════════════
2026-04-12 19:05:01,855  INFO      Job Market Pipeline  |  mode=load  |  2026-04-12 19:05:01.855738
2026-04-12 19:05:01,856  INFO      ════════════════════════════════════════════════════════════
2026-04-12 19:05:01,856  INFO      ▶ STAGE 3 — Load
2026-04-12 19:05:02,436  ERROR     ✘ Pipeline failed: name 'EOF' is not defined
Traceback (most recent call last):
  File "main.py", line 45, in run_pipeline
    from scripts.load import run as load_run
  File "/home/zonic/workspace/automated-data-pipeline/scripts/load.py", line 26, in <module>
    from scripts.config import DATABASE_URL
  File "/home/zonic/workspace/automated-data-pipeline/scripts/config.py", line 19, in <module>
    EOF
NameError: name 'EOF' is not defined
2026-04-12 19:06:15,284  INFO      ════════════════════════════════════════════════════════════
2026-04-12 19:06:15,284  INFO      Job Market Pipeline  |  mode=load  |  2026-04-12 19:06:15.284960
2026-04-12 19:06:15,285  INFO      ════════════════════════════════════════════════════════════
2026-04-12 19:06:15,285  INFO      ▶ STAGE 3 — Load
2026-04-12 19:06:16,021  INFO        Loading 846 rows from data/clean/jobs_2026-04-12.parquet
2026-04-12 19:06:16,048  ERROR     ✘ Pipeline failed: Can't operate on closed transaction inside context manager.  Please complete the context manager before emitting further commands.
Traceback (most recent call last):
  File "main.py", line 46, in run_pipeline
    rows = load_run()
  File "/home/zonic/workspace/automated-data-pipeline/scripts/load.py", line 171, in run
    job_id = _upsert_job(conn, row)
  File "/home/zonic/workspace/automated-data-pipeline/scripts/load.py", line 97, in _upsert_job
    result = conn.execute(stmt, {
  File "/home/zonic/workspace/.venv/lib/python3.8/site-packages/sqlalchemy/engine/base.py", line 1418, in execute
    return meth(
  File "/home/zonic/workspace/.venv/lib/python3.8/site-packages/sqlalchemy/sql/elements.py", line 515, in _execute_on_connection
    return connection._execute_clauseelement(
  File "/home/zonic/workspace/.venv/lib/python3.8/site-packages/sqlalchemy/engine/base.py", line 1640, in _execute_clauseelement
    ret = self._execute_context(
  File "/home/zonic/workspace/.venv/lib/python3.8/site-packages/sqlalchemy/engine/base.py", line 1836, in _execute_context
    TransactionalContext._trans_ctx_check(self)
  File "/home/zonic/workspace/.venv/lib/python3.8/site-packages/sqlalchemy/engine/util.py", line 111, in _trans_ctx_check
    raise exc.InvalidRequestError(
sqlalchemy.exc.InvalidRequestError: Can't operate on closed transaction inside context manager.  Please complete the context manager before emitting further commands.
2026-04-12 19:08:19,618  INFO      ════════════════════════════════════════════════════════════
2026-04-12 19:08:19,618  INFO      Job Market Pipeline  |  mode=load  |  2026-04-12 19:08:19.618683
2026-04-12 19:08:19,618  INFO      ════════════════════════════════════════════════════════════
2026-04-12 19:08:19,618  INFO      ▶ STAGE 3 — Load
2026-04-12 19:08:20,358  INFO        Loading 846 rows from data/clean/jobs_2026-04-12.parquet
2026-04-12 19:08:20,363  WARNING     Skipping row due to error: (sqlite3.OperationalError) near "RETURNING": syntax error
[SQL: 
        INSERT INTO jobs
            (source, external_id, title, company, city, region, country,
             is_remote, salary_min, salary_max, salary_mid, url, date_posted)
        VALUES
            (?, ?, ?, ?, ?, ?, ?,
             ?, ?, ?, ?, ?, ?)
        ON CONFLICT (source, external_id) DO NOTHING
        RETURNING id;
    ]
[parameters: ('adzuna', '5685053810', 'Data Engineer', 'Experis', 'Addison', 'Dallas', None, False, 149870.98, 149870.98, 149870.98, 'https://www.adzuna.com/details/5685053810?utm_medium=api&utm_source=8d05c7a4', '2026-04-01')]
(Background on this error at: https://sqlalche.me/e/20/e3q8)
2026-04-12 19:08:20,364  WARNING     Skipping row due to error: (sqlite3.OperationalError) near "RETURNING": syntax error
[SQL: 
        INSERT INTO jobs
            (source, external_id, title, company, city, region, country,
             is_remote, salary_min, salary_max, salary_mid, url, date_posted)
        VALUES
            (?, ?, ?, ?, ?, ?, ?,
             ?, ?, ?, ?, ?, ?)
        ON CONFLICT (source, external_id) DO NOTHING
        RETURNING id;
    ]
[parameters: ('adzuna', '5693341333', 'Leucipa Lead Data Engineer', 'Baker Hughes', 'Houston', 'Harris County', None, False, 198841.25, 198841.25, 198841.25, 'https://www.adzuna.com/land/ad/5693341333?se=jt_87VA28RGxboRaoq6V0w&utm_medium=api&utm_source=8d05c7a4&v=68C8C2C4B9DD50830B17C5DD1C02081943E98630', '2026-04-08')]
(Background on this error at: https://sqlalche.me/e/20/e3q8)
2026-04-12 19:08:20,366  WARNING     Skipping row due to error: (sqlite3.OperationalError) near "RETURNING": syntax error
[SQL: 
        INSERT INTO jobs
            (source, external_id, title, company, city, region, country,
             is_remote, salary_min, salary_max, salary_mid, url, date_posted)
        VALUES
            (?, ?, ?, ?, ?, ?, ?,
             ?, ?, ?, ?, ?, ?)
        ON CONFLICT (source, external_id) DO NOTHING
        RETURNING id;
    ]
[parameters: ('adzuna', '5665940670', 'Data Engineer', 'Cargill', 'Atlanta', 'Fulton County', None, False, 85531.73, 85531.73, 85531.73, 'https://www.adzuna.com/land/ad/5665940670?se=jt_87VA28RGxboRaoq6V0w&utm_medium=api&utm_source=8d05c7a4&v=AE5D0F397F0D9C46F939030A37501EE20442CC51', '2026-03-14')]
(Background on this error at: https://sqlalche.me/e/20/e3q8)
2026-04-12 19:08:20,367  WARNING     Skipping row due to error: (sqlite3.OperationalError) near "RETURNING": syntax error
[SQL: 
        INSERT INTO jobs
            (source, external_id, title, company, city, region, country,
             is_remote, salary_min, salary_max, salary_mid, url, date_posted)
        VALUES
            (?, ?, ?, ?, ?, ?, ?,
             ?, ?, ?, ?, ?, ?)
        ON CONFLICT (source, external_id) DO NOTHING
        RETURNING id;
    ]
[parameters: ('adzuna', '5680353052', 'Data Engineer', 'Randstad Digital', 'Pennsylvania', 'US', None, False, 97625.64, 97625.64, 97625.64, 'https://www.adzuna.com/land/ad/5680353052?se=jt_87VA28RGxboRaoq6V0w&utm_medium=api&utm_source=8d05c7a4&v=2694C10B643B8D99CDFE0DDFF129698F74DC5502', '2026-03-27')]
(Background on this error at: https://sqlalche.me/e/20/e3q8)
2026-04-12 19:08:20,368  WARNING     Skipping row due to error: (sqlite3.OperationalError) near "RETURNING": syntax error
[SQL: 
        INSERT INTO jobs
            (source, external_id, title, company, city, region, country,
             is_remote, salary_min, salary_max, salary_mid, url, date_posted)
        VALUES
            (?, ?, ?, ?, ?, ?, ?,
             ?, ?, ?, ?, ?, ?)
        ON CONFLICT (source, external_id) DO NOTHING
        RETURNING id;
    ]
[parameters: ('adzuna', '5680352019', 'Data Engineer', 'NRMP', 'US', None, None, False, 115727.96, 115727.96, 115727.96, 'https://www.adzuna.com/land/ad/5680352019?se=jt_87VA28RGxboRaoq6V0w&utm_medium=api&utm_source=8d05c7a4&v=D4E54DC2AFE0D311918E15EB3DBB91C46017B0D9', '2026-03-27')]
(Background on this error at: https://sqlalche.me/e/20/e3q8)
2026-04-12 19:08:20,369  WARNING     Skipping row due to error: (sqlite3.OperationalError) near "RETURNING": syntax error
[SQL: 
        INSERT INTO jobs
            (source, external_id, title, company, city, region, country,
             is_remote, salary_min, salary_max, salary_mid, url, date_posted)
        VALUES
            (?, ?, ?, ?, ?, ?, ?,
             ?, ?, ?, ?, ?, ?)
        ON CONFLICT (source, external_id) DO NOTHING
        RETURNING id;
    ]
[parameters: ('adzuna', '5680352798', 'Data Engineer', 'Booz Allen Hamilton', 'Mount Rainier', "Prince George's County", None, False, 159255.0, 159255.0, 159255.0, 'https://www.adzuna.com/land/ad/5680352798?se=jt_87VA28RGxboRaoq6V0w&utm_medium=api&utm_source=8d05c7a4&v=5C59447498396FDE197946461452D86A04CFEE5C', '2026-03-27')]
(Background on this error at: https://sqlalche.me/e/20/e3q8)
2026-04-12 19:08:20,370  WARNING     Skipping row due to error: (sqlite3.OperationalError) near "RETURNING": syntax error
[SQL: 
        INSERT INTO jobs
            (source, external_id, title, company, city, region, country,
             is_remote, salary_min, salary_max, salary_mid, url, date_posted)
        VALUES
            (?, ?, ?, ?, ?, ?, ?,
             ?, ?, ?, ?, ?, ?)
        ON CONFLICT (source, external_id) DO NOTHING
        RETURNING id;
    ]
[parameters: ('adzuna', '5680358792', 'Data Engineer', 'Kforce Technology Staffing', 'Juno Beach', 'Palm Beach County', None, False, 111847.57, 111847.57, 111847.57, 'https://www.adzuna.com/land/ad/5680358792?se=jt_87VA28RGxboRaoq6V0w&utm_medium=api&utm_source=8d05c7a4&v=834E95ABBFE72F638C08ED30DCDBAC2BA496867B', '2026-03-27')]
(Background on this error at: https://sqlalche.me/e/20/e3q8)
2026-04-12 19:08:20,371  WARNING     Skipping row due to error: (sqlite3.OperationalError) near "RETURNING": syntax error
[SQL: 
        INSERT INTO jobs
            (source, external_id, title, company, city, region, country,
             is_remote, salary_min, salary_max, salary_mid, url, date_posted)
        VALUES
            (?, ?, ?, ?, ?, ?, ?,
             ?, ?, ?, ?, ?, ?)
        ON CONFLICT (source, external_id) DO NOTHING
        RETURNING id;
    ]
[parameters: ('adzuna', '5680357205', 'Data Engineer', 'Booz Allen Hamilton', 'Tampa Palms', 'Hillsborough County', None, False, 164620.53, 164620.53, 164620.53, 'https://www.adzuna.com/land/ad/5680357205?se=jt_87VA28RGxboRaoq6V0w&utm_medium=api&utm_source=8d05c7a4&v=5906714960142896EA622220E47900A3CDCF7D68', '2026-03-27')]
(Background on this error at: https://sqlalche.me/e/20/e3q8)
2026-04-12 19:08:20,372  WARNING     Skipping row due to error: (sqlite3.OperationalError) near "RETURNING": syntax error
[SQL: 
        INSERT INTO jobs
            (source, external_id, title, company, city, region, country,
             is_remote, salary_min, salary_max, salary_mid, url, date_posted)
        VALUES
            (?, ?, ?, ?, ?, ?, ?,
             ?, ?, ?, ?, ?, ?)
        ON CONFLICT (source, external_id) DO NOTHING
        RETURNING id;
    ]
[parameters: ('adzuna', '5680352788', 'Data Engineer', 'Booz Allen Hamilton', 'Offutt Air Force Base', 'Sarpy County', None, False, 129863.42, 129863.42, 129863.42, 'https://www.adzuna.com/land/ad/5680352788?se=jt_87VA28RGxboRaoq6V0w&utm_medium=api&utm_source=8d05c7a4&v=7B32CAE8C6595AD0E0E45E4EA449F8C986CC03B2', '2026-03-27')]
(Background on this error at: https://sqlalche.me/e/20/e3q8)
2026-04-12 19:08:20,373  WARNING     Skipping row due to error: (sqlite3.OperationalError) near "RETURNING": syntax error
[SQL: 
        INSERT INTO jobs
            (source, external_id, title, company, city, region, country,
             is_remote, salary_min, salary_max, salary_mid, url, date_posted)
        VALUES
            (?, ?, ?, ?, ?, ?, ?,
             ?, ?, ?, ?, ?, ?)
        ON CONFLICT (source, external_id) DO NOTHING
        RETURNING id;
    ]
[parameters: ('adzuna', '5689328813', 'Data Engineer', 'Booz Allen Hamilton', 'Haymount', 'Cumberland County', None, False, 149875.27, 149875.27, 149875.27, 'https://www.adzuna.com/land/ad/5689328813?se=jt_87VA28RGxboRaoq6V0w&utm_medium=api&utm_source=8d05c7a4&v=CCB5879CC76D9941C8A8194C4576A9B008FCA19C', '2026-04-03')]
(Background on this error at: https://sqlalche.me/e/20/e3q8)
2026-04-12 19:08:20,374  WARNING     Skipping row due to error: (sqlite3.OperationalError) near "RETURNING": syntax error
[SQL: 
        INSERT INTO jobs
            (source, external_id, title, company, city, region, country,
             is_remote, salary_min, salary_max, salary_mid, url, date_posted)
        VALUES
            (?, ?, ?, ?, ?, ?, ?,
             ?, ?, ?, ?, ?, ?)
        ON CONFLICT (source, external_id) DO NOTHING
        RETURNING id;
    ]
[parameters: ('adzuna', '5680355924', 'Data Engineer', 'Booz Allen Hamilton', 'Reston', 'Fairfax County', None, False, 230509.92, 230509.92, 230509.92, 'https://www.adzuna.com/land/ad/5680355924?se=jt_87VA28RGxboRaoq6V0w&utm_medium=api&utm_source=8d05c7a4&v=08BB0D162576ED515B1B3F0A0EB7A5790C7C7454', '2026-03-27')]
(Background on this error at: https://sqlalche.me/e/20/e3q8)
2026-04-12 19:08:20,375  WARNING     Skipping row due to error: (sqlite3.OperationalError) near "RETURNING": syntax error
[SQL: 
        INSERT INTO jobs
            (source, external_id, title, company, city, region, country,
             is_remote, salary_min, salary_max, salary_mid, url, date_posted)
        VALUES
            (?, ?, ?, ?, ?, ?, ?,
             ?, ?, ?, ?, ?, ?)
        ON CONFLICT (source, external_id) DO NOTHING
        RETURNING id;
    ]
[parameters: ('adzuna', '5687250571', 'Data Engineer', 'Booz Allen Hamilton', 'Wake Island', 'Honolulu', None, False, 122603.17, 122603.17, 122603.17, 'https://www.adzuna.com/land/ad/5687250571?se=jt_87VA28RGxboRaoq6V0w&utm_medium=api&utm_source=8d05c7a4&v=61880E88B1D16DD5BA5761B28E40633259319A70', '2026-04-02')]
(Background on this error at: https://sqlalche.me/e/20/e3q8)
2026-04-12 19:08:20,376  WARNING     Skipping row due to error: (sqlite3.OperationalError) near "RETURNING": syntax error
[SQL: 
        INSERT INTO jobs
            (source, external_id, title, company, city, region, country,
             is_remote, salary_min, salary_max, salary_mid, url, date_posted)
        VALUES
            (?, ?, ?, ?, ?, ?, ?,
             ?, ?, ?, ?, ?, ?)
        ON CONFLICT (source, external_id) DO NOTHING
        RETURNING id;
    ]
[parameters: ('adzuna', '5680352971', 'Data Engineer', 'Booz Allen Hamilton', 'San Diego', 'San Diego County', None, False, 127148.0, 127148.0, 127148.0, 'https://www.adzuna.com/land/ad/5680352971?se=jt_87VA28RGxboRaoq6V0w&utm_medium=api&utm_source=8d05c7a4&v=48D8DB904B1B09B2B9C195FC1A5E7DFD55C5C9AE', '2026-03-27')]
(Background on this error at: https://sqlalche.me/e/20/e3q8)
2026-04-12 19:08:20,377  WARNING     Skipping row due to error: (sqlite3.OperationalError) near "RETURNING": syntax error
[SQL: 
        INSERT INTO jobs
            (source, external_id, title, company, city, region, country,
             is_remote, salary_min, salary_max, salary_mid, url, date_posted)
        VALUES
            (?, ?, ?, ?, ?, ?, ?,
             ?, ?, ?, ?, ?, ?)
        ON CONFLICT (source, external_id) DO NOTHING
        RETURNING id;
    ]
[parameters: ('adzuna', '5680362931', 'Data Engineer', 'Booz Allen Hamilton', 'Reston', 'Fairfax County', None, False, 239619.7, 239619.7, 239619.7, 'https://www.adzuna.com/land/ad/5680362931?se=jt_87VA28RGxboRaoq6V0w&utm_medium=api&utm_source=8d05c7a4&v=B73A7483FCEAE078CBECC18F71B1E988C08FC375', '2026-03-27')]
(Background on this error at: https://sqlalche.me/e/20/e3q8)
2026-04-12 19:08:20,378  WARNING     Skipping row due to error: (sqlite3.OperationalError) near "RETURNING": syntax error
[SQL: 
        INSERT INTO jobs
            (source, external_id, title, company, city, region, country,
             is_remote, salary_min, salary_max, salary_mid, url, date_posted)
        VALUES
            (?, ?, ?, ?, ?, ?, ?,
             ?, ?, ?, ?, ?, ?)
        ON CONFLICT (source, external_id) DO NOTHING
        RETURNING id;
    ]
[parameters: ('adzuna', '5680364972', 'Data Engineer', 'Booz Allen Hamilton', 'State Farm', 'Arlington County', None, False, 141000.77, 141000.77, 141000.77, 'https://www.adzuna.com/land/ad/5680364972?se=jt_87VA28RGxboRaoq6V0w&utm_medium=api&utm_source=8d05c7a4&v=7711006FBDC50746954CD44D3ACFBDC8B41A1106', '2026-03-27')]
(Background on this error at: https://sqlalche.me/e/20/e3q8)
2026-04-12 19:08:20,380  WARNING     Skipping row due to error: (sqlite3.OperationalError) near "RETURNING": syntax error
[SQL: 
        INSERT INTO jobs
            (source, external_id, title, company, city, region, country,
             is_remote, salary_min, salary_max, salary_mid, url, date_posted)
        VALUES
            (?, ?, ?, ?, ?, ?, ?,
             ?, ?, ?, ?, ?, ?)
        ON CONFLICT (source, external_id) DO NOTHING
        RETURNING id;
    ]
[parameters: ('adzuna', '5680355867', 'Data Engineer', 'Booz Allen Hamilton', 'Haymount', 'Cumberland County', None, False, 163783.06, 163783.06, 163783.06, 'https://www.adzuna.com/land/ad/5680355867?se=jt_87VA28RGxboRaoq6V0w&utm_medium=api&utm_source=8d05c7a4&v=7BD781D51A51E3A35EBC386166AC9264789A7100', '2026-03-27')]
(Background on this error at: https://sqlalche.me/e/20/e3q8)
2026-04-12 19:08:20,381  WARNING     Skipping row due to error: (sqlite3.OperationalError) near "RETURNING": syntax error
[SQL: 
        INSERT INTO jobs
            (source, external_id, title, company, city, region, country,
             is_remote, salary_min, salary_max, salary_mid, url, date_posted)
        VALUES
            (?, ?, ?, ?, ?, ?, ?,
             ?, ?, ?, ?, ?, ?)
        ON CONFLICT (source, external_id) DO NOTHING
        RETURNING id;
    ]
[parameters: ('adzuna', '5680361307', 'Data Engineer', 'Booz Allen Hamilton', 'Offutt Air Force Base', 'Sarpy County', None, False, 105277.39, 105277.39, 105277.39, 'https://www.adzuna.com/land/ad/5680361307?se=jt_87VA28RGxboRaoq6V0w&utm_medium=api&utm_source=8d05c7a4&v=A9CB93722100CE7D036100F186F1908CEC50778C', '2026-03-27')]
(Background on this error at: https://sqlalche.me/e/20/e3q8)
2026-04-12 19:08:20,383  WARNING     Skipping row due to error: (sqlite3.OperationalError) near "RETURNING": syntax error
[SQL: 
        INSERT INTO jobs
            (source, external_id, title, company, city, region, country,
             is_remote, salary_min, salary_max, salary_mid, url, date_posted)
        VALUES
            (?, ?, ?, ?, ?, ?, ?,
             ?, ?, ?, ?, ?, ?)
        ON CONFLICT (source, external_id) DO NOTHING
        RETURNING id;
    ]
[parameters: ('adzuna', '5680733379', 'Data Engineer', 'Kforce Technology Staffing', 'Salt Lake City', 'Salt Lake County', None, False, 127674.87, 127674.87, 127674.87, 'https://www.adzuna.com/land/ad/5680733379?se=jt_87VA28RGxboRaoq6V0w&utm_medium=api&utm_source=8d05c7a4&v=F1722F0B322980123B8077522C2931BCF5199892', '2026-03-27')]
(Background on this error at: https://sqlalche.me/e/20/e3q8)
2026-04-12 19:08:20,385  WARNING     Skipping row due to error: (sqlite3.OperationalError) near "RETURNING": syntax error
[SQL: 
        INSERT INTO jobs
            (source, external_id, title, company, city, region, country,
             is_remote, salary_min, salary_max, salary_mid, url, date_posted)
        VALUES
            (?, ?, ?, ?, ?, ?, ?,
             ?, ?, ?, ?, ?, ?)
        ON CONFLICT (source, external_id) DO NOTHING
        RETURNING id;
    ]
[parameters: ('adzuna', '5684616538', 'Data Engineer', 'Randstad Digital', 'Pennsylvania', 'US', None, False, 74281.78, 74281.78, 74281.78, 'https://www.adzuna.com/land/ad/5684616538?se=jt_87VA28RGxboRaoq6V0w&utm_medium=api&utm_source=8d05c7a4&v=68E6662DB93BACF1AB738539A2A24B834FEF132D', '2026-03-31')]
(Background on this error at: https://sqlalche.me/e/20/e3q8)
2026-04-12 19:08:20,387  WARNING     Skipping row due to error: (sqlite3.OperationalError) near "RETURNING": syntax error
[SQL: 
        INSERT INTO jobs
            (source, external_id, title, company, city, region, country,
             is_remote, salary_min, salary_max, salary_mid, url, date_posted)
        VALUES
            (?, ?, ?, ?, ?, ?, ?,
             ?, ?, ?, ?, ?, ?)
        ON CONFLICT (source, external_id) DO NOTHING
        RETURNING id;
    ]
[parameters: ('adzuna', '5694415217', 'Data Engineer', 'Booz Allen Hamilton', 'Haymount', 'Cumberland County', None, False, 137673.3, 137673.3, 137673.3, 'https://www.adzuna.com/land/ad/5694415217?se=jt_87VA28RGxboRaoq6V0w&utm_medium=api&utm_source=8d05c7a4&v=A58C7F5B2E45756B19E415579E69032F900B9523', '2026-04-09')]
(Background on this error at: https://sqlalche.me/e/20/e3q8)
2026-04-12 19:08:20,388  WARNING     Skipping row due to error: (sqlite3.OperationalError) near "RETURNING": syntax error
[SQL: 
        INSERT INTO jobs
            (source, external_id, title, company, city, region, country,
             is_remote, salary_min, salary_max, salary_mid, url, date_posted)
        VALUES
            (?, ?, ?, ?, ?, ?, ?,
             ?, ?, ?, ?, ?, ?)
        ON CONFLICT (source, external_id) DO NOTHING
        RETURNING id;
    ]
[parameters: ('adzuna', '5680364899', 'Data Engineer', 'Booz Allen Hamilton', 'Wake Island', 'Honolulu', None, False, 176281.23, 176281.23, 176281.23, 'https://www.adzuna.com/land/ad/5680364899?se=jt_87VA28RGxboRaoq6V0w&utm_medium=api&utm_source=8d05c7a4&v=2A1657F12A661D6DFCDDCF176EB81D50BB7F2C19', '2026-03-27')]
(Background on this error at: https://sqlalche.me/e/20/e3q8)
2026-04-12 19:08:20,389  WARNING     Skipping row due to error: (sqlite3.OperationalError) near "RETURNING": syntax error
[SQL: 
        INSERT INTO jobs
            (source, external_id, title, company, city, region, country,
             is_remote, salary_min, salary_max, salary_mid, url, date_posted)
        VALUES
            (?, ?, ?, ?, ?, ?, ?,
             ?, ?, ?, ?, ?, ?)
        ON CONFLICT (source, external_id) DO NOTHING
        RETURNING id;
    ]
[parameters: ('adzuna', '5680360022', 'Data Engineer', 'Booz Allen Hamilton', 'Northlake', 'DeKalb County', None, False, 127345.08, 127345.08, 127345.08, 'https://www.adzuna.com/land/ad/5680360022?se=jt_87VA28RGxboRaoq6V0w&utm_medium=api&utm_source=8d05c7a4&v=ED53A02CAB82F1629E441C6AD0B2B015BCC74FDE', '2026-03-27')]
(Background on this error at: https://sqlalche.me/e/20/e3q8)
2026-04-12 19:08:20,390  WARNING     Skipping row due to error: (sqlite3.OperationalError) near "RETURNING": syntax error
[SQL: 
        INSERT INTO jobs
            (source, external_id, title, company, city, region, country,
             is_remote, salary_min, salary_max, salary_mid, url, date_posted)
        VALUES
            (?, ?, ?, ?, ?, ?, ?,
             ?, ?, ?, ?, ?, ?)
        ON CONFLICT (source, external_id) DO NOTHING
        RETURNING id;
    ]
[parameters: ('adzuna', '5680355756', 'Data engineer', 'Soft Tek Sol', 'Charlotte', 'Mecklenburg County', None, False, 175999.69, 175999.69, 175999.69, 'https://www.adzuna.com/land/ad/5680355756?se=jt_87VA28RGxboRaoq6V0w&utm_medium=api&utm_source=8d05c7a4&v=8A27763D3FF23DA3325E6FF7CC088533DFEB0181', '2026-03-27')]
(Background on this error at: https://sqlalche.me/e/20/e3q8)
2026-04-12 19:08:20,392  WARNING     Skipping row due to error: (sqlite3.OperationalError) near "RETURNING": syntax error
[SQL: 
        INSERT INTO jobs
            (source, external_id, title, company, city, region, country,
             is_remote, salary_min, salary_max, salary_mid, url, date_posted)
        VALUES
            (?, ?, ?, ?, ?, ?, ?,
             ?, ?, ?, ?, ?, ?)
        ON CONFLICT (source, external_id) DO NOTHING
        RETURNING id;
    ]
[parameters: ('adzuna', '5683305779', 'Data Engineer', 'Kforce Technology Staffing', 'Lazy Lake', 'Broward County', None, False, 147381.36, 147381.36, 147381.36, 'https://www.adzuna.com/land/ad/5683305779?se=jt_87VA28RGxboRaoq6V0w&utm_medium=api&utm_source=8d05c7a4&v=701019269704CE90D5FB82FC258C5F59A4C8C8CB', '2026-03-30')]
(Background on this error at: https://sqlalche.me/e/20/e3q8)
2026-04-12 19:08:20,393  WARNING     Skipping row due to error: (sqlite3.OperationalError) near "RETURNING": syntax error
[SQL: 
        INSERT INTO jobs
            (source, external_id, title, company, city, region, country,
             is_remote, salary_min, salary_max, salary_mid, url, date_posted)
        VALUES
            (?, ?, ?, ?, ?, ?, ?,
             ?, ?, ?, ?, ?, ?)
        ON CONFLICT (source, external_id) DO NOTHING
        RETURNING id;
    ]
[parameters: ('adzuna', '5680353702', 'Data Engineer', 'Kforce Technology Staffing', 'Nashville', 'Davidson County', None, False, 141607.6, 141607.6, 141607.6, 'https://www.adzuna.com/land/ad/5680353702?se=jt_87VA28RGxboRaoq6V0w&utm_medium=api&utm_source=8d05c7a4&v=FF55A2372B82A7B2DABC6ECF5C9B1CD69D21A522', '2026-03-27')]
(Background on this error at: https://sqlalche.me/e/20/e3q8)
2026-04-12 19:08:20,394  WARNING     Skipping row due to error: (sqlite3.OperationalError) near "RETURNING": syntax error
[SQL: 
        INSERT INTO jobs
            (source, external_id, title, company, city, region, country,
             is_remote, salary_min, salary_max, salary_mid, url, date_posted)
        VALUES
            (?, ?, ?, ?, ?, ?, ?,
             ?, ?, ?, ?, ?, ?)
        ON CONFLICT (source, external_id) DO NOTHING
        RETURNING id;
    ]
[parameters: ('adzuna', '5685926841', 'Data Engineer', 'Kforce Technology Staffing', 'Coral Springs', 'Broward County', None, False, 123325.42, 123325.42, 123325.42, 'https://www.adzuna.com/land/ad/5685926841?se=jt_87VA28RGxboRaoq6V0w&utm_medium=api&utm_source=8d05c7a4&v=47154C224FA215C86A89E14275F6C5BB2AD20BEA', '2026-04-01')]
(Background on this error at: https://sqlalche.me/e/20/e3q8)
2026-04-12 19:08:20,395  WARNING     Skipping row due to error: (sqlite3.OperationalError) near "RETURNING": syntax error
[SQL: 
        INSERT INTO jobs
            (source, external_id, title, company, city, region, country,
             is_remote, salary_min, salary_max, salary_mid, url, date_posted)
        VALUES
            (?, ?, ?, ?, ?, ?, ?,
             ?, ?, ?, ?, ?, ?)
        ON CONFLICT (source, external_id) DO NOTHING
        RETURNING id;
    ]
[parameters: ('adzuna', '5683252796', 'Data Engineer', 'Meta Platforms, Inc.', 'Menlo Park', 'San Mateo County', None, False, 177971.1, 177971.1, 177971.1, 'https://www.adzuna.com/land/ad/5683252796?se=jt_87VA28RGxboRaoq6V0w&utm_medium=api&utm_source=8d05c7a4&v=BEF55E0C57D820705F391D21937F427B1D94EE5E', '2026-03-30')]
(Background on this error at: https://sqlalche.me/e/20/e3q8)
2026-04-12 19:08:20,396  WARNING     Skipping row due to error: (sqlite3.OperationalError) near "RETURNING": syntax error
[SQL: 
        INSERT INTO jobs
            (source, external_id, title, company, city, region, country,
             is_remote, salary_min, salary_max, salary_mid, url, date_posted)
        VALUES
            (?, ?, ?, ?, ?, ?, ?,
             ?, ?, ?, ?, ?, ?)
        ON CONFLICT (source, external_id) DO NOTHING
        RETURNING id;
    ]
[parameters: ('adzuna', '5680353025', 'Data Engineer', 'Randstad Digital', 'Pennsylvania', 'US', None, False, 116454.79, 116454.79, 116454.79, 'https://www.adzuna.com/land/ad/5680353025?se=jt_87VA28RGxboRaoq6V0w&utm_medium=api&utm_source=8d05c7a4&v=81911636FDB4A4D7E24D7809E2D2B60AEA6333BA', '2026-03-27')]
(Background on this error at: https://sqlalche.me/e/20/e3q8)
2026-04-12 19:08:20,397  WARNING     Skipping row due to error: (sqlite3.OperationalError) near "RETURNING": syntax error
[SQL: 
        INSERT INTO jobs
            (source, external_id, title, company, city, region, country,
             is_remote, salary_min, salary_max, salary_mid, url, date_posted)
        VALUES
            (?, ?, ?, ?, ?, ?, ?,
             ?, ?, ?, ?, ?, ?)
        ON CONFLICT (source, external_id) DO NOTHING
        RETURNING id;
    ]
[parameters: ('adzuna', '5680364897', 'Data Engineer', 'Booz Allen Hamilton', 'Trade', 'Alexandria City', None, False, 172964.16, 172964.16, 172964.16, 'https://www.adzuna.com/land/ad/5680364897?se=jt_87VA28RGxboRaoq6V0w&utm_medium=api&utm_source=8d05c7a4&v=BA421D01A42A1544823731540C2574DC0368D488', '2026-03-27')]
(Background on this error at: https://sqlalche.me/e/20/e3q8)
2026-04-12 19:08:20,399  WARNING     Skipping row due to error: (sqlite3.OperationalError) near "RETURNING": syntax error
[SQL: 
        INSERT INTO jobs
            (source, external_id, title, company, city, region, country,
             is_remote, salary_min, salary_max, salary_mid, url, date_posted)
        VALUES
            (?, ?, ?, ?, ?, ?, ?,
             ?, ?, ?, ?, ?, ?)
        ON CONFLICT (source, external_id) DO NOTHING
        RETURNING id;
    ]
[parameters: ('adzuna', '5680356521', 'Data Engineer', 'Kforce Technology Staffing', 'Centerdale', 'Providence County', None, False, 156961.02, 156961.02, 156961.02, 'https://www.adzuna.com/land/ad/5680356521?se=jt_87VA28RGxboRaoq6V0w&utm_medium=api&utm_source=8d05c7a4&v=4C962883045B2E8916F4B9DE8738747D0610B45F', '2026-03-27')]
(Background on this error at: https://sqlalche.me/e/20/e3q8)
2026-04-12 19:08:20,399  WARNING     Skipping row due to error: (sqlite3.OperationalError) near "RETURNING": syntax error
[SQL: 
        INSERT INTO jobs
            (source, external_id, title, company, city, region, country,
             is_remote, salary_min, salary_max, salary_mid, url, date_posted)
        VALUES
            (?, ?, ?, ?, ?, ?, ?,
             ?, ?, ?, ?, ?, ?)
        ON CONFLICT (source, external_id) DO NOTHING
        RETURNING id;
    ]
[parameters: ('adzuna', '5692725214', 'Data Engineer', 'TEKsystems c/o Allegis Group', 'Waterloo', 'Douglas County', None, False, 99158.86, 99158.86, 99158.86, 'https://www.adzuna.com/land/ad/5692725214?se=jt_87VA28RGxboRaoq6V0w&utm_medium=api&utm_source=8d05c7a4&v=81AF519CF29048F1E6F882B00A580061227D7E32', '2026-04-07')]
(Background on this error at: https://sqlalche.me/e/20/e3q8)
2026-04-12 19:08:20,400  WARNING     Skipping row due to error: (sqlite3.OperationalError) near "RETURNING": syntax error
[SQL: 
        INSERT INTO jobs
            (source, external_id, title, company, city, region, country,
             is_remote, salary_min, salary_max, salary_mid, url, date_posted)
        VALUES
            (?, ?, ?, ?, ?, ?, ?,
             ?, ?, ?, ?, ?, ?)
        ON CONFLICT (source, external_id) DO NOTHING
        RETURNING id;
    ]
[parameters: ('adzuna', '5680361378', 'Data Engineer', 'Judge Group, Inc.', 'Raleigh', 'Wake County', None, False, 244617.64, 244617.64, 244617.64, 'https://www.adzuna.com/land/ad/5680361378?se=jt_87VA28RGxboRaoq6V0w&utm_medium=api&utm_source=8d05c7a4&v=328648540411E1D67B9A222C1A7EDA914CA5948A', '2026-03-27')]
(Background on this error at: https://sqlalche.me/e/20/e3q8)
2026-04-12 19:08:20,401  WARNING     Skipping row due to error: (sqlite3.OperationalError) near "RETURNING": syntax error
[SQL: 
        INSERT INTO jobs
            (source, external_id, title, company, city, region, country,
             is_remote, salary_min, salary_max, salary_mid, url, date_posted)
        VALUES
            (?, ?, ?, ?, ?, ?, ?,
             ?, ?, ?, ?, ?, ?)
        ON CONFLICT (source, external_id) DO NOTHING
        RETURNING id;
    ]
[parameters: ('adzuna', '5687653423', 'Data Engineer', 'Kforce Technology Staffing', 'Northlake', 'DeKalb County', None, False, 143779.16, 143779.16, 143779.16, 'https://www.adzuna.com/land/ad/5687653423?se=jt_87VA28RGxboRaoq6V0w&utm_medium=api&utm_source=8d05c7a4&v=A1A1FB8493E5BCDD21BE76A69A97FD82BF0D7822', '2026-04-02')]
(Background on this error at: https://sqlalche.me/e/20/e3q8)
2026-04-12 19:08:20,402  WARNING     Skipping row due to error: (sqlite3.OperationalError) near "RETURNING": syntax error
[SQL: 
        INSERT INTO jobs
            (source, external_id, title, company, city, region, country,
             is_remote, salary_min, salary_max, salary_mid, url, date_posted)
        VALUES
            (?, ?, ?, ?, ?, ?, ?,
             ?, ?, ?, ?, ?, ?)
        ON CONFLICT (source, external_id) DO NOTHING
        RETURNING id;
    ]
[parameters: ('adzuna', '5685927554', 'Data Engineer', 'Kforce Technology Staffing', 'Merrimack', 'Hillsborough County', None, False, 211194.6, 211194.6, 211194.6, 'https://www.adzuna.com/land/ad/5685927554?se=jt_87VA28RGxboRaoq6V0w&utm_medium=api&utm_source=8d05c7a4&v=7DC3CCB1BA37F373F03FED634260FB986F37599C', '2026-04-01')]
(Background on this error at: https://sqlalche.me/e/20/e3q8)
2026-04-12 19:08:20,403  WARNING     Skipping row due to error: (sqlite3.OperationalError) near "RETURNING": syntax error
[SQL: 
        INSERT INTO jobs
            (source, external_id, title, company, city, region, country,
             is_remote, salary_min, salary_max, salary_mid, url, date_posted)
        VALUES
            (?, ?, ?, ?, ?, ?, ?,
             ?, ?, ?, ?, ?, ?)
        ON CONFLICT (source, external_id) DO NOTHING
        RETURNING id;
    ]
[parameters: ('adzuna', '5683636313', 'Data Engineer', 'Meta Platforms, Inc.', 'Menlo Park', 'San Mateo County', None, False, 174605.4, 174605.4, 174605.4, 'https://www.adzuna.com/land/ad/5683636313?se=jt_87VA28RGxboRaoq6V0w&utm_medium=api&utm_source=8d05c7a4&v=E1D759C16C70AB9375FC8697D06068B545AA1CD9', '2026-03-30')]
(Background on this error at: https://sqlalche.me/e/20/e3q8)
2026-04-12 19:08:20,404  WARNING     Skipping row due to error: (sqlite3.OperationalError) near "RETURNING": syntax error
[SQL: 
        INSERT INTO jobs
            (source, external_id, title, company, city, region, country,
             is_remote, salary_min, salary_max, salary_mid, url, date_posted)
        VALUES
            (?, ?, ?, ?, ?, ?, ?,
             ?, ?, ?, ?, ?, ?)
        ON CONFLICT (source, external_id) DO NOTHING
        RETURNING id;
    ]
[parameters: ('adzuna', '5692193986', 'Data Engineer', 'Meta Platforms, Inc.', 'Menlo Park', 'San Mateo County', None, False, 173877.58, 173877.58, 173877.58, 'https://www.adzuna.com/land/ad/5692193986?se=jt_87VA28RGxboRaoq6V0w&utm_medium=api&utm_source=8d05c7a4&v=2CD8D0C0B6456CC4CBDFAAD10AFD8642348A746F', '2026-04-07')]
(Background on this error at: https://sqlalche.me/e/20/e3q8)
2026-04-12 19:08:20,405  WARNING     Skipping row due to error: (sqlite3.OperationalError) near "RETURNING": syntax error
[SQL: 
        INSERT INTO jobs
            (source, external_id, title, company, city, region, country,
             is_remote, salary_min, salary_max, salary_mid, url, date_posted)
        VALUES
            (?, ?, ?, ?, ?, ?, ?,
             ?, ?, ?, ?, ?, ?)
        ON CONFLICT (source, external_id) DO NOTHING
        RETURNING id;
    ]
[parameters: ('adzuna', '5691377767', 'Data Engineer', 'Meta Platforms, Inc.', 'Burlingame', 'San Mateo County', None, False, 191312.78, 191312.78, 191312.78, 'https://www.adzuna.com/land/ad/5691377767?se=jt_87VA28RGxboRaoq6V0w&utm_medium=api&utm_source=8d05c7a4&v=9712F7071F51D716E68F12A79A621817D4D90B8D', '2026-04-06')]
(Background on this error at: https://sqlalche.me/e/20/e3q8)
2026-04-12 19:08:20,407  WARNING     Skipping row due to error: (sqlite3.OperationalError) near "RETURNING": syntax error
[SQL: 
        INSERT INTO jobs
            (source, external_id, title, company, city, region, country,
             is_remote, salary_min, salary_max, salary_mid, url, date_posted)
        VALUES
            (?, ?, ?, ?, ?, ?, ?,
             ?, ?, ?, ?, ?, ?)
        ON CONFLICT (source, external_id) DO NOTHING
        RETURNING id;
    ]
[parameters: ('adzuna', '5683253206', 'Data Engineer', 'Meta Platforms, Inc.', 'US', None, None, False, 223397.2, 223397.2, 223397.2, 'https://www.adzuna.com/land/ad/5683253206?se=jt_87VA28RGxboRaoq6V0w&utm_medium=api&utm_source=8d05c7a4&v=7661C2106E3E2901D112836E669BCD4FCF9594AA', '2026-03-30')]
(Background on this error at: https://sqlalche.me/e/20/e3q8)
2026-04-12 19:08:20,408  WARNING     Skipping row due to error: (sqlite3.OperationalError) near "RETURNING": syntax error
[SQL: 
        INSERT INTO jobs
            (source, external_id, title, company, city, region, country,
             is_remote, salary_min, salary_max, salary_mid, url, date_posted)
        VALUES
            (?, ?, ?, ?, ?, ?, ?,
             ?, ?, ?, ?, ?, ?)
        ON CONFLICT (source, external_id) DO NOTHING
        RETURNING id;
    ]
[parameters: ('adzuna', '5692190065', 'Data Engineer', 'Meta Platforms, Inc.', 'Menlo Park', 'San Mateo County', None, False, 174662.36, 174662.36, 174662.36, 'https://www.adzuna.com/land/ad/5692190065?se=jt_87VA28RGxboRaoq6V0w&utm_medium=api&utm_source=8d05c7a4&v=19F015D5EB46DCB00E6F59C4390AC39E88FCA0FA', '2026-04-07')]
(Background on this error at: https://sqlalche.me/e/20/e3q8)
2026-04-12 19:08:20,409  WARNING     Skipping row due to error: (sqlite3.OperationalError) near "RETURNING": syntax error
[SQL: 
        INSERT INTO jobs
            (source, external_id, title, company, city, region, country,
             is_remote, salary_min, salary_max, salary_mid, url, date_posted)
        VALUES
            (?, ?, ?, ?, ?, ?, ?,
             ?, ?, ?, ?, ?, ?)
        ON CONFLICT (source, external_id) DO NOTHING
        RETURNING id;
    ]
[parameters: ('adzuna', '5692192913', 'Data Engineer', 'Meta Platforms, Inc.', 'Menlo Park', 'San Mateo County', None, False, 172309.39, 172309.39, 172309.39, 'https://www.adzuna.com/land/ad/5692192913?se=jt_87VA28RGxboRaoq6V0w&utm_medium=api&utm_source=8d05c7a4&v=C107BACD1E3392322304D9522AB18458EA79F2B0', '2026-04-07')]
(Background on this error at: https://sqlalche.me/e/20/e3q8)
2026-04-12 19:08:20,411  WARNING     Skipping row due to error: (sqlite3.OperationalError) near "RETURNING": syntax error
[SQL: 
        INSERT INTO jobs
            (source, external_id, title, company, city, region, country,
             is_remote, salary_min, salary_max, salary_mid, url, date_posted)
        VALUES
            (?, ?, ?, ?, ?, ?, ?,
             ?, ?, ?, ?, ?, ?)
        ON CONFLICT (source, external_id) DO NOTHING
        RETURNING id;
    ]
[parameters: ('adzuna', '5680732938', 'Data Engineer', 'Thermo Fisher Scientific', 'Bloomfield', 'Allegheny County', None, False, 188466.78, 188466.78, 188466.78, 'https://www.adzuna.com/land/ad/5680732938?se=jt_87VA28RGxboRaoq6V0w&utm_medium=api&utm_source=8d05c7a4&v=18926BA0D54F7685D7ACD5D7A1CCFA62297DA992', '2026-03-27')]
(Background on this error at: https://sqlalche.me/e/20/e3q8)
2026-04-12 19:08:20,413  WARNING     Skipping row due to error: (sqlite3.OperationalError) near "RETURNING": syntax error
[SQL: 
        INSERT INTO jobs
            (source, external_id, title, company, city, region, country,
             is_remote, salary_min, salary_max, salary_mid, url, date_posted)
        VALUES
            (?, ?, ?, ?, ?, ?, ?,
             ?, ?, ?, ?, ?, ?)
        ON CONFLICT (source, external_id) DO NOTHING
        RETURNING id;
    ]
[parameters: ('adzuna', '5688023332', 'Data Engineer', 'Eliassen Group', 'Merrimack', 'Hillsborough County', None, False, 173481.22, 173481.22, 173481.22, 'https://www.adzuna.com/land/ad/5688023332?se=jt_87VA28RGxboRaoq6V0w&utm_medium=api&utm_source=8d05c7a4&v=6ED4BF77E12785DA0F3781303A82300E9B4CF760', '2026-04-02')]
(Background on this error at: https://sqlalche.me/e/20/e3q8)
2026-04-12 19:08:20,415  WARNING     Skipping row due to error: (sqlite3.OperationalError) near "RETURNING": syntax error
[SQL: 
        INSERT INTO jobs
            (source, external_id, title, company, city, region, country,
             is_remote, salary_min, salary_max, salary_mid, url, date_posted)
        VALUES
            (?, ?, ?, ?, ?, ?, ?,
             ?, ?, ?, ?, ?, ?)
        ON CONFLICT (source, external_id) DO NOTHING
        RETURNING id;
    ]
[parameters: ('adzuna', '5690261390', 'Data Engineer', 'FanDuel', 'Northlake', 'DeKalb County', None, False, 163917.77, 163917.77, 163917.77, 'https://www.adzuna.com/land/ad/5690261390?se=jt_87VA28RGxboRaoq6V0w&utm_medium=api&utm_source=8d05c7a4&v=7BF6AA0DA326201295B8B8B56A828ADE5C08F46F', '2026-04-04')]
(Background on this error at: https://sqlalche.me/e/20/e3q8)
2026-04-12 19:08:20,416  WARNING     Skipping row due to error: (sqlite3.OperationalError) near "RETURNING": syntax error
[SQL: 
        INSERT INTO jobs
            (source, external_id, title, company, city, region, country,
             is_remote, salary_min, salary_max, salary_mid, url, date_posted)
        VALUES
            (?, ?, ?, ?, ?, ?, ?,
             ?, ?, ?, ?, ?, ?)
        ON CONFLICT (source, external_id) DO NOTHING
        RETURNING id;
    ]
[parameters: ('adzuna', '5680355915', 'Data Engineer', 'FanDuel', 'Grand Central', 'Manhattan', None, False, 186274.27, 186274.27, 186274.27, 'https://www.adzuna.com/land/ad/5680355915?se=jt_87VA28RGxboRaoq6V0w&utm_medium=api&utm_source=8d05c7a4&v=795712FE72416571B80929B5088A67C42D1C1267', '2026-03-27')]
(Background on this error at: https://sqlalche.me/e/20/e3q8)
2026-04-12 19:08:20,417  WARNING     Skipping row due to error: (sqlite3.OperationalError) near "RETURNING": syntax error
[SQL: 
        INSERT INTO jobs
            (source, external_id, title, company, city, region, country,
             is_remote, salary_min, salary_max, salary_mid, url, date_posted)
        VALUES
            (?, ?, ?, ?, ?, ?, ?,
             ?, ?, ?, ?, ?, ?)
        ON CONFLICT (source, external_id) DO NOTHING
        RETURNING id;
    ]
[parameters: ('adzuna', '5680357094', 'Data Engineer', 'Redhorse Corporation', 'Stephenson', 'Frederick County', None, False, 131025.83, 131025.83, 131025.83, 'https://www.adzuna.com/land/ad/5680357094?se=jt_87VA28RGxboRaoq6V0w&utm_medium=api&utm_source=8d05c7a4&v=1CFD97ECA502995277C48D445426375E8EBFBF19', '2026-03-27')]
(Background on this error at: https://sqlalche.me/e/20/e3q8)
2026-04-12 19:08:20,418  WARNING     Skipping row due to error: (sqlite3.OperationalError) near "RETURNING": syntax error
[SQL: 
        INSERT INTO jobs
            (source, external_id, title, company, city, region, country,
             is_remote, salary_min, salary_max, salary_mid, url, date_posted)
        VALUES
            (?, ?, ?, ?, ?, ?, ?,
             ?, ?, ?, ?, ?, ?)
        ON CONFLICT (source, external_id) DO NOTHING
        RETURNING id;
    ]
[parameters: ('adzuna', '5680360907', 'Data Engineer', 'Eliassen Group', 'Durham', 'Durham County', None, False, 117445.86, 117445.86, 117445.86, 'https://www.adzuna.com/land/ad/5680360907?se=jt_87VA28RGxboRaoq6V0w&utm_medium=api&utm_source=8d05c7a4&v=B112D10A093844E79F49E2F4D15F3521927A775A', '2026-03-27')]
(Background on this error at: https://sqlalche.me/e/20/e3q8)
2026-04-12 19:08:20,419  WARNING     Skipping row due to error: (sqlite3.OperationalError) near "RETURNING": syntax error
[SQL: 
        INSERT INTO jobs
            (source, external_id, title, company, city, region, country,
             is_remote, salary_min, salary_max, salary_mid, url, date_posted)
        VALUES
            (?, ?, ?, ?, ?, ?, ?,
             ?, ?, ?, ?, ?, ?)
        ON CONFLICT (source, external_id) DO NOTHING
        RETURNING id;
    ]
[parameters: ('adzuna', '5694993268', 'Data Engineer', 'Eliassen Group', 'Westlake', 'Denton County', None, False, 125150.26, 125150.26, 125150.26, 'https://www.adzuna.com/land/ad/5694993268?se=jt_87VA28RGxboRaoq6V0w&utm_medium=api&utm_source=8d05c7a4&v=99D64E5B9D66AE10C473235B40C1DCC9EC0B2CAA', '2026-04-09')]
(Background on this error at: https://sqlalche.me/e/20/e3q8)
2026-04-12 19:08:20,420  WARNING     Skipping row due to error: (sqlite3.OperationalError) near "RETURNING": syntax error
[SQL: 
        INSERT INTO jobs
            (source, external_id, title, company, city, region, country,
             is_remote, salary_min, salary_max, salary_mid, url, date_posted)
        VALUES
            (?, ?, ?, ?, ?, ?, ?,
             ?, ?, ?, ?, ?, ?)
        ON CONFLICT (source, external_id) DO NOTHING
        RETURNING id;
    ]
[parameters: ('adzuna', '5691587536', 'Data Engineer', 'Kforce Technology Staffing', 'Westlake', 'Denton County', None, False, 137131.98, 137131.98, 137131.98, 'https://www.adzuna.com/land/ad/5691587536?se=jt_87VA28RGxboRaoq6V0w&utm_medium=api&utm_source=8d05c7a4&v=B81A0D8E63252790BF57BBC6EB53B7DFF394ED8B', '2026-04-06')]
(Background on this error at: https://sqlalche.me/e/20/e3q8)
2026-04-12 19:08:20,422  WARNING     Skipping row due to error: (sqlite3.OperationalError) near "RETURNING": syntax error
[SQL: 
        INSERT INTO jobs
            (source, external_id, title, company, city, region, country,
             is_remote, salary_min, salary_max, salary_mid, url, date_posted)
        VALUES
            (?, ?, ?, ?, ?, ?, ?,
             ?, ?, ?, ?, ?, ?)
        ON CONFLICT (source, external_id) DO NOTHING
        RETURNING id;
    ]
[parameters: ('adzuna', '5689328815', 'Data Engineer', 'Booz Allen Hamilton', 'Beaver Creek', 'Greene County', None, False, 128467.91, 128467.91, 128467.91, 'https://www.adzuna.com/land/ad/5689328815?se=jt_87VA28RGxboRaoq6V0w&utm_medium=api&utm_source=8d05c7a4&v=11D46C54B9BB1C0E16EB507330BCF7D82CD32E15', '2026-04-03')]
(Background on this error at: https://sqlalche.me/e/20/e3q8)
2026-04-12 19:08:20,423  WARNING     Skipping row due to error: (sqlite3.OperationalError) near "RETURNING": syntax error
[SQL: 
        INSERT INTO jobs
            (source, external_id, title, company, city, region, country,
             is_remote, salary_min, salary_max, salary_mid, url, date_posted)
        VALUES
            (?, ?, ?, ?, ?, ?, ?,
             ?, ?, ?, ?, ?, ?)
        ON CONFLICT (source, external_id) DO NOTHING
        RETURNING id;
    ]
[parameters: ('adzuna', '5692533495', 'Data Engineer', 'Booz Allen Hamilton', 'West Destin', 'Okaloosa County', None, False, 144597.33, 144597.33, 144597.33, 'https://www.adzuna.com/land/ad/5692533495?se=jt_87VA28RGxboRaoq6V0w&utm_medium=api&utm_source=8d05c7a4&v=74662FCE43C00116E24ABF1AB6F403E7207372B2', '2026-04-07')]
(Background on this error at: https://sqlalche.me/e/20/e3q8)
2026-04-12 19:08:20,425  WARNING     Skipping row due to error: (sqlite3.OperationalError) near "RETURNING": syntax error
[SQL: 
        INSERT INTO jobs
            (source, external_id, title, company, city, region, country,
             is_remote, salary_min, salary_max, salary_mid, url, date_posted)
        VALUES
            (?, ?, ?, ?, ?, ?, ?,
             ?, ?, ?, ?, ?, ?)
        ON CONFLICT (source, external_id) DO NOTHING
        RETURNING id;
    ]
[parameters: ('adzuna', '5694100330', 'Data Engineer', 'Judge Group, Inc.', 'Clarkson Valley', 'Saint Louis County', None, False, 141832.89, 141832.89, 141832.89, 'https://www.adzuna.com/land/ad/5694100330?se=WMgq71A28RGxboRaoq6V0w&utm_medium=api&utm_source=8d05c7a4&v=30801EFE6F2E7A110ABBC08FDBE033FF867B4518', '2026-04-08')]
(Background on this error at: https://sqlalche.me/e/20/e3q8)
2026-04-12 19:08:20,428  WARNING     Skipping row due to error: (sqlite3.OperationalError) near "RETURNING": syntax error
[SQL: 
        INSERT INTO jobs
            (source, external_id, title, company, city, region, country,
             is_remote, salary_min, salary_max, salary_mid, url, date_posted)
        VALUES
            (?, ?, ?, ?, ?, ?, ?,
             ?, ?, ?, ?, ?, ?)
        ON CONFLICT (source, external_id) DO NOTHING
        RETURNING id;
    ]
[parameters: ('adzuna', '5689174946', 'Data Engineer', 'Randstad Digital', 'Texas', 'US', None, False, 105905.35, 105905.35, 105905.35, 'https://www.adzuna.com/land/ad/5689174946?se=WMgq71A28RGxboRaoq6V0w&utm_medium=api&utm_source=8d05c7a4&v=D259AFB4AE2D6B2FC79B8FD81C525815D6556E57', '2026-04-03')]
(Background on this error at: https://sqlalche.me/e/20/e3q8)
2026-04-12 19:08:20,429  WARNING     Skipping row due to error: (sqlite3.OperationalError) near "RETURNING": syntax error
[SQL: 
        INSERT INTO jobs
            (source, external_id, title, company, city, region, country,
             is_remote, salary_min, salary_max, salary_mid, url, date_posted)
        VALUES
            (?, ?, ?, ?, ?, ?, ?,
             ?, ?, ?, ?, ?, ?)
        ON CONFLICT (source, external_id) DO NOTHING
        RETURNING id;
    ]
[parameters: ('adzuna', '5639051214', 'Data Engineer', 'Advance Local', 'Iselin', 'Middlesex County', None, False, 100901.51, 100901.51, 100901.51, 'https://www.adzuna.com/land/ad/5639051214?se=WMgq71A28RGxboRaoq6V0w&utm_medium=api&utm_source=8d05c7a4&v=32BCBED25081E5B6E6C6FAF8153DE875501EE530', '2026-02-20')]
(Background on this error at: https://sqlalche.me/e/20/e3q8)
2026-04-12 19:08:20,430  WARNING     Skipping row due to error: (sqlite3.OperationalError) near "RETURNING": syntax error
[SQL: 
        INSERT INTO jobs
            (source, external_id, title, company, city, region, country,
             is_remote, salary_min, salary_max, salary_mid, url, date_posted)
        VALUES
            (?, ?, ?, ?, ?, ?, ?,
             ?, ?, ?, ?, ?, ?)
        ON CONFLICT (source, external_id) DO NOTHING
        RETURNING id;
    ]
[parameters: ('adzuna', '5639051528', 'Data Engineer', 'Advance Local', 'Portland', 'Multnomah County', None, False, 79343.8, 79343.8, 79343.8, 'https://www.adzuna.com/land/ad/5639051528?se=WMgq71A28RGxboRaoq6V0w&utm_medium=api&utm_source=8d05c7a4&v=C65151144C320997D1E229762CE4480D657B47D8', '2026-02-20')]
(Background on this error at: https://sqlalche.me/e/20/e3q8)
2026-04-12 19:08:20,433  WARNING     Skipping row due to error: (sqlite3.OperationalError) near "RETURNING": syntax error
[SQL: 
        INSERT INTO jobs
            (source, external_id, title, company, city, region, country,
             is_remote, salary_min, salary_max, salary_mid, url, date_posted)
        VALUES
            (?, ?, ?, ?, ?, ?, ?,
             ?, ?, ?, ?, ?, ?)
        ON CONFLICT (source, external_id) DO NOTHING
        RETURNING id;
    ]
[parameters: ('adzuna', '5639042785', 'Data Engineer', 'Advance Local', 'Birmingham', 'Jefferson County', None, False, 78092.24, 78092.24, 78092.24, 'https://www.adzuna.com/land/ad/5639042785?se=WMgq71A28RGxboRaoq6V0w&utm_medium=api&utm_source=8d05c7a4&v=3E36F98AF16EAA46A64A3F076B52E4B798D780BA', '2026-02-20')]
(Background on this error at: https://sqlalche.me/e/20/e3q8)
2026-04-12 19:08:20,434  WARNING     Skipping row due to error: (sqlite3.OperationalError) near "RETURNING": syntax error
[SQL: 
        INSERT INTO jobs
            (source, external_id, title, company, city, region, country,
             is_remote, salary_min, salary_max, salary_mid, url, date_posted)
        VALUES
            (?, ?, ?, ?, ?, ?, ?,
             ?, ?, ?, ?, ?, ?)
        ON CONFLICT (source, external_id) DO NOTHING
        RETURNING id;
    ]
[parameters: ('adzuna', '5688103089', 'Data Engineer', 'Guidehouse', 'Uptown', 'Marion County', None, False, 179230.48, 179230.48, 179230.48, 'https://www.adzuna.com/land/ad/5688103089?se=WMgq71A28RGxboRaoq6V0w&utm_medium=api&utm_source=8d05c7a4&v=1B49C3BE20394F946763FDAFC373D884D443BEE7', '2026-04-02')]
(Background on this error at: https://sqlalche.me/e/20/e3q8)
2026-04-12 19:08:20,435  WARNING     Skipping row due to error: (sqlite3.OperationalError) near "RETURNING": syntax error
[SQL: 
        INSERT INTO jobs
            (source, external_id, title, company, city, region, country,
             is_remote, salary_min, salary_max, salary_mid, url, date_posted)
        VALUES
            (?, ?, ?, ?, ?, ?, ?,
             ?, ?, ?, ?, ?, ?)
        ON CONFLICT (source, external_id) DO NOTHING
        RETURNING id;
    ]
[parameters: ('adzuna', '5658062612', 'Data Engineer', 'EMCOR Group', 'Huntington', 'Orange County', None, False, 147301.4, 147301.4, 147301.4, 'https://www.adzuna.com/land/ad/5658062612?se=WMgq71A28RGxboRaoq6V0w&utm_medium=api&utm_source=8d05c7a4&v=13DD6DDDC18FC47B23B3ED1A4EBDD16DAA2C0038', '2026-03-07')]
(Background on this error at: https://sqlalche.me/e/20/e3q8)
2026-04-12 19:08:20,436  WARNING     Skipping row due to error: (sqlite3.OperationalError) near "RETURNING": syntax error
[SQL: 
        INSERT INTO jobs
            (source, external_id, title, company, city, region, country,
             is_remote, salary_min, salary_max, salary_mid, url, date_posted)
        VALUES
            (?, ?, ?, ?, ?, ?, ?,
             ?, ?, ?, ?, ?, ?)
        ON CONFLICT (source, external_id) DO NOTHING
        RETURNING id;
    ]
[parameters: ('adzuna', '5696376816', 'Data Engineer', 'Insight Global', 'Salmon Creek', 'Clark County', None, False, 166097.53, 166097.53, 166097.53, 'https://www.adzuna.com/land/ad/5696376816?se=WMgq71A28RGxboRaoq6V0w&utm_medium=api&utm_source=8d05c7a4&v=9C802B8B40FB4A4467F9056AAB546E01CA2C89A6', '2026-04-11')]
(Background on this error at: https://sqlalche.me/e/20/e3q8)
2026-04-12 19:08:20,437  WARNING     Skipping row due to error: (sqlite3.OperationalError) near "RETURNING": syntax error
[SQL: 
        INSERT INTO jobs
            (source, external_id, title, company, city, region, country,
             is_remote, salary_min, salary_max, salary_mid, url, date_posted)
        VALUES
            (?, ?, ?, ?, ?, ?, ?,
             ?, ?, ?, ?, ?, ?)
        ON CONFLICT (source, external_id) DO NOTHING
        RETURNING id;
    ]
[parameters: ('adzuna', '5679832654', 'Data Engineer', 'Ford Motor Company', 'Dearborn', 'Wayne County', None, False, 110453.66, 110453.66, 110453.66, 'https://www.adzuna.com/land/ad/5679832654?se=WMgq71A28RGxboRaoq6V0w&utm_medium=api&utm_source=8d05c7a4&v=EA249CA0BBEC8C4377DB772D187AFD627D46558D', '2026-03-26')]
(Background on this error at: https://sqlalche.me/e/20/e3q8)
2026-04-12 19:08:20,437  WARNING     Skipping row due to error: (sqlite3.OperationalError) near "RETURNING": syntax error
[SQL: 
        INSERT INTO jobs
            (source, external_id, title, company, city, region, country,
             is_remote, salary_min, salary_max, salary_mid, url, date_posted)
        VALUES
            (?, ?, ?, ?, ?, ?, ?,
             ?, ?, ?, ?, ?, ?)
        ON CONFLICT (source, external_id) DO NOTHING
        RETURNING id;
    ]
[parameters: ('adzuna', '5688136677', 'Data Engineer', 'Robert Half', 'Grandview Heights', 'Franklin County', None, False, 125761.04, 125761.04, 125761.04, 'https://www.adzuna.com/land/ad/5688136677?se=WMgq71A28RGxboRaoq6V0w&utm_medium=api&utm_source=8d05c7a4&v=30FFC7453DC5C554A75BB1460297CAC5B887A5F6', '2026-04-02')]
(Background on this error at: https://sqlalche.me/e/20/e3q8)
2026-04-12 19:08:20,438  WARNING     Skipping row due to error: (sqlite3.OperationalError) near "RETURNING": syntax error
[SQL: 
        INSERT INTO jobs
            (source, external_id, title, company, city, region, country,
             is_remote, salary_min, salary_max, salary_mid, url, date_posted)
        VALUES
            (?, ?, ?, ?, ?, ?, ?,
             ?, ?, ?, ?, ?, ?)
        ON CONFLICT (source, external_id) DO NOTHING
        RETURNING id;
    ]
[parameters: ('adzuna', '5690231397', 'Data Engineer', 'Insight Global', 'Beach', 'Orange County', None, False, 116130.17, 116130.17, 116130.17, 'https://www.adzuna.com/land/ad/5690231397?se=WMgq71A28RGxboRaoq6V0w&utm_medium=api&utm_source=8d05c7a4&v=47DB372517AE6AB00AD470769210EF27FD8E8EB5', '2026-04-04')]
(Background on this error at: https://sqlalche.me/e/20/e3q8)
2026-04-12 19:08:20,440  WARNING     Skipping row due to error: (sqlite3.OperationalError) near "RETURNING": syntax error
[SQL: 
        INSERT INTO jobs
            (source, external_id, title, company, city, region, country,
             is_remote, salary_min, salary_max, salary_mid, url, date_posted)
        VALUES
            (?, ?, ?, ?, ?, ?, ?,
             ?, ?, ?, ?, ?, ?)
        ON CONFLICT (source, external_id) DO NOTHING
        RETURNING id;
    ]
[parameters: ('adzuna', '5696377135', 'Data Engineer', 'Microsoft Corporation', 'Redmond', 'King County', None, False, 164391.8, 164391.8, 164391.8, 'https://www.adzuna.com/land/ad/5696377135?se=WMgq71A28RGxboRaoq6V0w&utm_medium=api&utm_source=8d05c7a4&v=44A54F3A4B14A371F62AB917E7181E369EDA1ABA', '2026-04-11')]
(Background on this error at: https://sqlalche.me/e/20/e3q8)
2026-04-12 19:08:20,442  WARNING     Skipping row due to error: (sqlite3.OperationalError) near "RETURNING": syntax error
[SQL: 
        INSERT INTO jobs
            (source, external_id, title, company, city, region, country,
             is_remote, salary_min, salary_max, salary_mid, url, date_posted)
        VALUES
            (?, ?, ?, ?, ?, ?, ?,
             ?, ?, ?, ?, ?, ?)
        ON CONFLICT (source, external_id) DO NOTHING
        RETURNING id;
    ]
[parameters: ('adzuna', '5690324422', 'Data Engineer', 'Honeywell', 'Atlanta', 'Fulton County', None, False, 139544.25, 139544.25, 139544.25, 'https://www.adzuna.com/land/ad/5690324422?se=WMgq71A28RGxboRaoq6V0w&utm_medium=api&utm_source=8d05c7a4&v=9A2BDF6359BF9F21C1C5E658214E259CCAB7BCD2', '2026-04-04')]
(Background on this error at: https://sqlalche.me/e/20/e3q8)
2026-04-12 19:08:20,443  WARNING     Skipping row due to error: (sqlite3.OperationalError) near "RETURNING": syntax error
[SQL: 
        INSERT INTO jobs
            (source, external_id, title, company, city, region, country,
             is_remote, salary_min, salary_max, salary_mid, url, date_posted)
        VALUES
            (?, ?, ?, ?, ?, ?, ?,
             ?, ?, ?, ?, ?, ?)
        ON CONFLICT (source, external_id) DO NOTHING
        RETURNING id;
    ]
[parameters: ('adzuna', '5468735817', 'Data Engineer', 'Insight Global', 'Saint Bernard', 'Hamilton County', None, False, 133508.05, 133508.05, 133508.05, 'https://www.adzuna.com/land/ad/5468735817?se=WMgq71A28RGxboRaoq6V0w&utm_medium=api&utm_source=8d05c7a4&v=E852FBD4E6D5AAF1403839EEB19B4C973C539086', '2025-10-28')]
(Background on this error at: https://sqlalche.me/e/20/e3q8)
2026-04-12 19:08:20,446  WARNING     Skipping row due to error: (sqlite3.OperationalError) near "RETURNING": syntax error
[SQL: 
        INSERT INTO jobs
            (source, external_id, title, company, city, region, country,
             is_remote, salary_min, salary_max, salary_mid, url, date_posted)
        VALUES
            (?, ?, ?, ?, ?, ?, ?,
             ?, ?, ?, ?, ?, ?)
        ON CONFLICT (source, external_id) DO NOTHING
        RETURNING id;
    ]
[parameters: ('adzuna', '5619951069', 'Data Engineer', 'Robert Half', 'Saddle Brook', 'Bergen County', None, False, 113129.41, 113129.41, 113129.41, 'https://www.adzuna.com/land/ad/5619951069?se=WMgq71A28RGxboRaoq6V0w&utm_medium=api&utm_source=8d05c7a4&v=125681A376126D0E39D13561795723E42A68DC4C', '2026-02-07')]
(Background on this error at: https://sqlalche.me/e/20/e3q8)
2026-04-12 19:08:20,448  WARNING     Skipping row due to error: (sqlite3.OperationalError) near "RETURNING": syntax error
[SQL: 
        INSERT INTO jobs
            (source, external_id, title, company, city, region, country,
             is_remote, salary_min, salary_max, salary_mid, url, date_posted)
        VALUES
            (?, ?, ?, ?, ?, ?, ?,
             ?, ?, ?, ?, ?, ?)
        ON CONFLICT (source, external_id) DO NOTHING
        RETURNING id;
    ]
[parameters: ('adzuna', '5695082230', 'Data Engineer', 'Cushman & Wakefield', 'Washington', 'D.C.', 'US', False, 153180.03, 153180.03, 153180.03, 'https://www.adzuna.com/land/ad/5695082230?se=WMgq71A28RGxboRaoq6V0w&utm_medium=api&utm_source=8d05c7a4&v=27825DBE996894752FC1422D15B8DFC0330725C3', '2026-04-09')]
(Background on this error at: https://sqlalche.me/e/20/e3q8)
2026-04-12 19:08:20,450  WARNING     Skipping row due to error: (sqlite3.OperationalError) near "RETURNING": syntax error
[SQL: 
        INSERT INTO jobs
            (source, external_id, title, company, city, region, country,
             is_remote, salary_min, salary_max, salary_mid, url, date_posted)
        VALUES
            (?, ?, ?, ?, ?, ?, ?,
             ?, ?, ?, ?, ?, ?)
        ON CONFLICT (source, external_id) DO NOTHING
        RETURNING id;
    ]
[parameters: ('adzuna', '5695182425', 'Data Engineer', 'Cushman & Wakefield', 'Wellston', 'Saint Louis County', None, False, 155267.05, 155267.05, 155267.05, 'https://www.adzuna.com/land/ad/5695182425?se=WMgq71A28RGxboRaoq6V0w&utm_medium=api&utm_source=8d05c7a4&v=57FA68A4435989DFF7DB6678334A9F850A06D279', '2026-04-09')]
(Background on this error at: https://sqlalche.me/e/20/e3q8)
2026-04-12 19:08:20,451  WARNING     Skipping row due to error: (sqlite3.OperationalError) near "RETURNING": syntax error
[SQL: 
        INSERT INTO jobs
            (source, external_id, title, company, city, region, country,
             is_remote, salary_min, salary_max, salary_mid, url, date_posted)
        VALUES
            (?, ?, ?, ?, ?, ?, ?,
             ?, ?, ?, ?, ?, ?)
        ON CONFLICT (source, external_id) DO NOTHING
        RETURNING id;
    ]
[parameters: ('adzuna', '5695101097', 'Data Engineer', 'Cushman & Wakefield', 'Atlanta', 'Fulton County', None, False, 211511.25, 211511.25, 211511.25, 'https://www.adzuna.com/land/ad/5695101097?se=WMgq71A28RGxboRaoq6V0w&utm_medium=api&utm_source=8d05c7a4&v=457F32FE38B3E3B89A6B7771A426DBE2DD37966F', '2026-04-09')]
(Background on this error at: https://sqlalche.me/e/20/e3q8)
2026-04-12 19:08:20,452  WARNING     Skipping row due to error: (sqlite3.OperationalError) near "RETURNING": syntax error
[SQL: 
        INSERT INTO jobs
            (source, external_id, title, company, city, region, country,
             is_remote, salary_min, salary_max, salary_mid, url, date_posted)
        VALUES
            (?, ?, ?, ?, ?, ?, ?,
             ?, ?, ?, ?, ?, ?)
        ON CONFLICT (source, external_id) DO NOTHING
        RETURNING id;
    ]
[parameters: ('adzuna', '5689259276', 'Data Engineer', 'Robert Half', 'Pico Heights', 'Los Angeles County', None, False, 100533.63, 100533.63, 100533.63, 'https://www.adzuna.com/land/ad/5689259276?se=WMgq71A28RGxboRaoq6V0w&utm_medium=api&utm_source=8d05c7a4&v=8F540CC8619EFB434364C344B165479B19CA53DA', '2026-04-03')]
(Background on this error at: https://sqlalche.me/e/20/e3q8)
2026-04-12 19:08:20,454  WARNING     Skipping row due to error: (sqlite3.OperationalError) near "RETURNING": syntax error
[SQL: 
        INSERT INTO jobs
            (source, external_id, title, company, city, region, country,
             is_remote, salary_min, salary_max, salary_mid, url, date_posted)
        VALUES
            (?, ?, ?, ?, ?, ?, ?,
             ?, ?, ?, ?, ?, ?)
        ON CONFLICT (source, external_id) DO NOTHING
        RETURNING id;
    ]
[parameters: ('adzuna', '5590910843', 'Data Engineer', 'Safran', 'Gonic', 'Strafford County', None, False, 78478.08, 78478.08, 78478.08, 'https://www.adzuna.com/land/ad/5590910843?se=WMgq71A28RGxboRaoq6V0w&utm_medium=api&utm_source=8d05c7a4&v=B5B470AA239AA1C723D43278F4D06CF996285C7E', '2026-01-18')]
(Background on this error at: https://sqlalche.me/e/20/e3q8)
2026-04-12 19:08:20,455  WARNING     Skipping row due to error: (sqlite3.OperationalError) near "RETURNING": syntax error
[SQL: 
        INSERT INTO jobs
            (source, external_id, title, company, city, region, country,
             is_remote, salary_min, salary_max, salary_mid, url, date_posted)
        VALUES
            (?, ?, ?, ?, ?, ?, ?,
             ?, ?, ?, ?, ?, ?)
        ON CONFLICT (source, external_id) DO NOTHING
        RETURNING id;
    ]
[parameters: ('adzuna', '5694045057', 'Data Engineer', 'Robert Half', 'Newburgh Heights', 'Cuyahoga County', None, False, 115998.23, 115998.23, 115998.23, 'https://www.adzuna.com/land/ad/5694045057?se=WMgq71A28RGxboRaoq6V0w&utm_medium=api&utm_source=8d05c7a4&v=E785CD4F7AE8C0A3299DE918220A4E36F14CFF0A', '2026-04-08')]
(Background on this error at: https://sqlalche.me/e/20/e3q8)
2026-04-12 19:08:20,456  WARNING     Skipping row due to error: (sqlite3.OperationalError) near "RETURNING": syntax error
[SQL: 
        INSERT INTO jobs
            (source, external_id, title, company, city, region, country,
             is_remote, salary_min, salary_max, salary_mid, url, date_posted)
        VALUES
            (?, ?, ?, ?, ?, ?, ?,
             ?, ?, ?, ?, ?, ?)
        ON CONFLICT (source, external_id) DO NOTHING
        RETURNING id;
    ]
[parameters: ('adzuna', '5678722931', 'Data Engineer', 'SMBC', 'Charlotte', 'Mecklenburg County', None, False, 80725.59, 80725.59, 80725.59, 'https://www.adzuna.com/land/ad/5678722931?se=WMgq71A28RGxboRaoq6V0w&utm_medium=api&utm_source=8d05c7a4&v=32D31B5A4E5A4278F3B401C409CD3683DAC719BA', '2026-03-25')]
(Background on this error at: https://sqlalche.me/e/20/e3q8)
2026-04-12 19:08:20,457  WARNING     Skipping row due to error: (sqlite3.OperationalError) near "RETURNING": syntax error
[SQL: 
        INSERT INTO jobs
            (source, external_id, title, company, city, region, country,
             is_remote, salary_min, salary_max, salary_mid, url, date_posted)
        VALUES
            (?, ?, ?, ?, ?, ?, ?,
             ?, ?, ?, ?, ?, ?)
        ON CONFLICT (source, external_id) DO NOTHING
        RETURNING id;
    ]
[parameters: ('adzuna', '5599646582', 'Data Engineer', 'Insight Global', 'Bentonville', 'Benton County', None, False, 119649.37, 119649.37, 119649.37, 'https://www.adzuna.com/land/ad/5599646582?se=WMgq71A28RGxboRaoq6V0w&utm_medium=api&utm_source=8d05c7a4&v=C46510FC8518637334DFB50603F2AFCF38A1585F', '2026-01-24')]
(Background on this error at: https://sqlalche.me/e/20/e3q8)
2026-04-12 19:08:20,457  WARNING     Skipping row due to error: (sqlite3.OperationalError) near "RETURNING": syntax error
[SQL: 
        INSERT INTO jobs
            (source, external_id, title, company, city, region, country,
             is_remote, salary_min, salary_max, salary_mid, url, date_posted)
        VALUES
            (?, ?, ?, ?, ?, ?, ?,
             ?, ?, ?, ?, ?, ?)
        ON CONFLICT (source, external_id) DO NOTHING
        RETURNING id;
    ]
[parameters: ('adzuna', '5355535980', 'Data Engineer', 'Insight Global', 'Uptown', 'Marion County', None, False, 101438.44, 101438.44, 101438.44, 'https://www.adzuna.com/land/ad/5355535980?se=WMgq71A28RGxboRaoq6V0w&utm_medium=api&utm_source=8d05c7a4&v=09019A12F2052616B266FD1E01254F6B3692E608', '2025-08-16')]
(Background on this error at: https://sqlalche.me/e/20/e3q8)
2026-04-12 19:08:20,459  WARNING     Skipping row due to error: (sqlite3.OperationalError) near "RETURNING": syntax error
[SQL: 
        INSERT INTO jobs
            (source, external_id, title, company, city, region, country,
             is_remote, salary_min, salary_max, salary_mid, url, date_posted)
        VALUES
            (?, ?, ?, ?, ?, ?, ?,
             ?, ?, ?, ?, ?, ?)
        ON CONFLICT (source, external_id) DO NOTHING
        RETURNING id;
    ]
[parameters: ('adzuna', '5690882189', 'Data Engineer', 'Robert Half', 'Woodland Hills', 'Los Angeles County', None, False, 144313.27, 144313.27, 144313.27, 'https://www.adzuna.com/land/ad/5690882189?se=WMgq71A28RGxboRaoq6V0w&utm_medium=api&utm_source=8d05c7a4&v=BD6B2267D7030BE2BD707C63E4C51F1AA3812172', '2026-04-05')]
(Background on this error at: https://sqlalche.me/e/20/e3q8)
2026-04-12 19:08:20,461  WARNING     Skipping row due to error: (sqlite3.OperationalError) near "RETURNING": syntax error
[SQL: 
        INSERT INTO jobs
            (source, external_id, title, company, city, region, country,
             is_remote, salary_min, salary_max, salary_mid, url, date_posted)
        VALUES
            (?, ?, ?, ?, ?, ?, ?,
             ?, ?, ?, ?, ?, ?)
        ON CONFLICT (source, external_id) DO NOTHING
        RETURNING id;
    ]
[parameters: ('adzuna', '5577148660', 'Data Engineer', 'Cognizant', 'Pierre', 'Hughes County', None, False, 170976.12, 170976.12, 170976.12, 'https://www.adzuna.com/land/ad/5577148660?se=WMgq71A28RGxboRaoq6V0w&utm_medium=api&utm_source=8d05c7a4&v=0FE3FBD504144547CA6B330223315388728EE252', '2026-01-09')]
(Background on this error at: https://sqlalche.me/e/20/e3q8)
2026-04-12 19:08:20,462  WARNING     Skipping row due to error: (sqlite3.OperationalError) near "RETURNING": syntax error
[SQL: 
        INSERT INTO jobs
            (source, external_id, title, company, city, region, country,
             is_remote, salary_min, salary_max, salary_mid, url, date_posted)
        VALUES
            (?, ?, ?, ?, ?, ?, ?,
             ?, ?, ?, ?, ?, ?)
        ON CONFLICT (source, external_id) DO NOTHING
        RETURNING id;
    ]
[parameters: ('adzuna', '5577019242', 'Data Engineer', 'Cognizant', 'Topeka', 'Shawnee County', None, False, 115693.64, 115693.64, 115693.64, 'https://www.adzuna.com/land/ad/5577019242?se=WMgq71A28RGxboRaoq6V0w&utm_medium=api&utm_source=8d05c7a4&v=180C0F40E3A66D104D1A08EC855499C6F1C966F2', '2026-01-09')]
(Background on this error at: https://sqlalche.me/e/20/e3q8)
2026-04-12 19:08:20,464  WARNING     Skipping row due to error: (sqlite3.OperationalError) near "RETURNING": syntax error
[SQL: 
        INSERT INTO jobs
            (source, external_id, title, company, city, region, country,
             is_remote, salary_min, salary_max, salary_mid, url, date_posted)
        VALUES
            (?, ?, ?, ?, ?, ?, ?,
             ?, ?, ?, ?, ?, ?)
        ON CONFLICT (source, external_id) DO NOTHING
        RETURNING id;
    ]
[parameters: ('adzuna', '5577018125', 'Data Engineer', 'Cognizant', 'Phoenix', 'Maricopa County', None, False, 107965.31, 107965.31, 107965.31, 'https://www.adzuna.com/land/ad/5577018125?se=WMgq71A28RGxboRaoq6V0w&utm_medium=api&utm_source=8d05c7a4&v=9CC0D9D6BE9316E98E54CAC47E5119A2B4BF25D1', '2026-01-09')]
(Background on this error at: https://sqlalche.me/e/20/e3q8)
2026-04-12 19:08:20,468  WARNING     Skipping row due to error: (sqlite3.OperationalError) near "RETURNING": syntax error
[SQL: 
        INSERT INTO jobs
            (source, external_id, title, company, city, region, country,
             is_remote, salary_min, salary_max, salary_mid, url, date_posted)
        VALUES
            (?, ?, ?, ?, ?, ?, ?,
             ?, ?, ?, ?, ?, ?)
        ON CONFLICT (source, external_id) DO NOTHING
        RETURNING id;
    ]
[parameters: ('adzuna', '5577025286', 'Data Engineer', 'Cognizant', 'Atlanta', 'Fulton County', None, False, 159635.45, 159635.45, 159635.45, 'https://www.adzuna.com/land/ad/5577025286?se=WMgq71A28RGxboRaoq6V0w&utm_medium=api&utm_source=8d05c7a4&v=F8D54B38183D8E931C0AE192523CAA897E2912D3', '2026-01-09')]
(Background on this error at: https://sqlalche.me/e/20/e3q8)
2026-04-12 19:08:20,469  WARNING     Skipping row due to error: (sqlite3.OperationalError) near "RETURNING": syntax error
[SQL: 
        INSERT INTO jobs
            (source, external_id, title, company, city, region, country,
             is_remote, salary_min, salary_max, salary_mid, url, date_posted)
        VALUES
            (?, ?, ?, ?, ?, ?, ?,
             ?, ?, ?, ?, ?, ?)
        ON CONFLICT (source, external_id) DO NOTHING
        RETURNING id;
    ]
[parameters: ('adzuna', '5577041121', 'Data Engineer', 'Cognizant', 'Archer', 'Laramie County', None, False, 131325.31, 131325.31, 131325.31, 'https://www.adzuna.com/land/ad/5577041121?se=WMgq71A28RGxboRaoq6V0w&utm_medium=api&utm_source=8d05c7a4&v=4102679D300F93F71FEBA58BBA14294641375E28', '2026-01-09')]
(Background on this error at: https://sqlalche.me/e/20/e3q8)
2026-04-12 19:08:20,470  WARNING     Skipping row due to error: (sqlite3.OperationalError) near "RETURNING": syntax error
[SQL: 
        INSERT INTO jobs
            (source, external_id, title, company, city, region, country,
             is_remote, salary_min, salary_max, salary_mid, url, date_posted)
        VALUES
            (?, ?, ?, ?, ?, ?, ?,
             ?, ?, ?, ?, ?, ?)
        ON CONFLICT (source, external_id) DO NOTHING
        RETURNING id;
    ]
[parameters: ('adzuna', '5577148160', 'Data Engineer', 'Cognizant', 'Providence', 'Providence County', None, False, 116719.86, 116719.86, 116719.86, 'https://www.adzuna.com/land/ad/5577148160?se=WMgq71A28RGxboRaoq6V0w&utm_medium=api&utm_source=8d05c7a4&v=C8B2B83E8F1223BD9ED92172F5B4649EA8C07DD7', '2026-01-09')]
(Background on this error at: https://sqlalche.me/e/20/e3q8)
2026-04-12 19:08:20,471  WARNING     Skipping row due to error: (sqlite3.OperationalError) near "RETURNING": syntax error
[SQL: 
        INSERT INTO jobs
            (source, external_id, title, company, city, region, country,
             is_remote, salary_min, salary_max, salary_mid, url, date_posted)
        VALUES
            (?, ?, ?, ?, ?, ?, ?,
             ?, ?, ?, ?, ?, ?)
        ON CONFLICT (source, external_id) DO NOTHING
        RETURNING id;
    ]
[parameters: ('adzuna', '5577012772', 'Data Engineer', 'Cognizant', 'Talcott Village', 'Hartford County', None, False, 122643.05, 122643.05, 122643.05, 'https://www.adzuna.com/land/ad/5577012772?se=WMgq71A28RGxboRaoq6V0w&utm_medium=api&utm_source=8d05c7a4&v=18471742544EA95A27E77EC2CED6D526C51FA079', '2026-01-09')]
(Background on this error at: https://sqlalche.me/e/20/e3q8)
2026-04-12 19:08:20,472  WARNING     Skipping row due to error: (sqlite3.OperationalError) near "RETURNING": syntax error
[SQL: 
        INSERT INTO jobs
            (source, external_id, title, company, city, region, country,
             is_remote, salary_min, salary_max, salary_mid, url, date_posted)
        VALUES
            (?, ?, ?, ?, ?, ?, ?,
             ?, ?, ?, ?, ?, ?)
        ON CONFLICT (source, external_id) DO NOTHING
        RETURNING id;
    ]
[parameters: ('adzuna', '5577020422', 'Data Engineer', 'Cognizant', 'Cedar', 'Cole County', None, False, 120823.2, 120823.2, 120823.2, 'https://www.adzuna.com/land/ad/5577020422?se=WMgq71A28RGxboRaoq6V0w&utm_medium=api&utm_source=8d05c7a4&v=C376627EA11C34AD272532357592090C40B1F14A', '2026-01-09')]
(Background on this error at: https://sqlalche.me/e/20/e3q8)
2026-04-12 19:08:20,472  WARNING     Skipping row due to error: (sqlite3.OperationalError) near "RETURNING": syntax error
[SQL: 
        INSERT INTO jobs
            (source, external_id, title, company, city, region, country,
             is_remote, salary_min, salary_max, salary_mid, url, date_posted)
        VALUES
            (?, ?, ?, ?, ?, ?, ?,
             ?, ?, ?, ?, ?, ?)
        ON CONFLICT (source, external_id) DO NOTHING
        RETURNING id;
    ]
[parameters: ('adzuna', '5577064740', 'Data Engineer', 'Cognizant', 'Boise', 'Ada County', None, False, 112001.59, 112001.59, 112001.59, 'https://www.adzuna.com/land/ad/5577064740?se=WMgq71A28RGxboRaoq6V0w&utm_medium=api&utm_source=8d05c7a4&v=BFFB6C9635A3C06A0E343F299F46B9131E503E47', '2026-01-09')]
(Background on this error at: https://sqlalche.me/e/20/e3q8)
2026-04-12 19:08:20,474  WARNING     Skipping row due to error: (sqlite3.OperationalError) near "RETURNING": syntax error
[SQL: 
        INSERT INTO jobs
            (source, external_id, title, company, city, region, country,
             is_remote, salary_min, salary_max, salary_mid, url, date_posted)
        VALUES
            (?, ?, ?, ?, ?, ?, ?,
             ?, ?, ?, ?, ?, ?)
        ON CONFLICT (source, external_id) DO NOTHING
        RETURNING id;
    ]
[parameters: ('adzuna', '5576992707', 'Data Engineer', 'Cognizant', 'Missoula', 'Missoula County', None, False, 144305.56, 144305.56, 144305.56, 'https://www.adzuna.com/land/ad/5576992707?se=WMgq71A28RGxboRaoq6V0w&utm_medium=api&utm_source=8d05c7a4&v=B58B1F5040484DCB05C34946EBF3C23CFE2EC8FF', '2026-01-09')]
(Background on this error at: https://sqlalche.me/e/20/e3q8)
2026-04-12 19:08:20,476  WARNING     Skipping row due to error: (sqlite3.OperationalError) near "RETURNING": syntax error
[SQL: 
        INSERT INTO jobs
            (source, external_id, title, company, city, region, country,
             is_remote, salary_min, salary_max, salary_mid, url, date_posted)
        VALUES
            (?, ?, ?, ?, ?, ?, ?,
             ?, ?, ?, ?, ?, ?)
        ON CONFLICT (source, external_id) DO NOTHING
        RETURNING id;
    ]
[parameters: ('adzuna', '5577018092', 'Data Engineer', 'Cognizant', 'State House', 'Lancaster County', None, False, 140540.83, 140540.83, 140540.83, 'https://www.adzuna.com/land/ad/5577018092?se=WMgq71A28RGxboRaoq6V0w&utm_medium=api&utm_source=8d05c7a4&v=634B6F631241CD9A5A137717B9777D122BB49C42', '2026-01-09')]
(Background on this error at: https://sqlalche.me/e/20/e3q8)
2026-04-12 19:08:20,477  WARNING     Skipping row due to error: (sqlite3.OperationalError) near "RETURNING": syntax error
[SQL: 
        INSERT INTO jobs
            (source, external_id, title, company, city, region, country,
             is_remote, salary_min, salary_max, salary_mid, url, date_posted)
        VALUES
            (?, ?, ?, ?, ?, ?, ?,
             ?, ?, ?, ?, ?, ?)
        ON CONFLICT (source, external_id) DO NOTHING
        RETURNING id;
    ]
[parameters: ('adzuna', '5577022475', 'Data Engineer', 'Cognizant', 'Five Points', 'Wake County', None, False, 126863.97, 126863.97, 126863.97, 'https://www.adzuna.com/land/ad/5577022475?se=WMgq71A28RGxboRaoq6V0w&utm_medium=api&utm_source=8d05c7a4&v=6D3FF71BF4C268B4CBAFF423781F8A1E04C83374', '2026-01-09')]
(Background on this error at: https://sqlalche.me/e/20/e3q8)
2026-04-12 19:08:20,478  WARNING     Skipping row due to error: (sqlite3.OperationalError) near "RETURNING": syntax error
[SQL: 
        INSERT INTO jobs
            (source, external_id, title, company, city, region, country,
             is_remote, salary_min, salary_max, salary_mid, url, date_posted)
        VALUES
            (?, ?, ?, ?, ?, ?, ?,
             ?, ?, ?, ?, ?, ?)
        ON CONFLICT (source, external_id) DO NOTHING
        RETURNING id;
    ]
[parameters: ('adzuna', '5576997762', 'Data Engineer', 'Cognizant', 'Edgewood', 'Richland County', None, False, 112896.83, 112896.83, 112896.83, 'https://www.adzuna.com/land/ad/5576997762?se=WMgq71A28RGxboRaoq6V0w&utm_medium=api&utm_source=8d05c7a4&v=B7B1E6C1179618B35FEBF28F9304372DEBC0820D', '2026-01-09')]
(Background on this error at: https://sqlalche.me/e/20/e3q8)
2026-04-12 19:08:20,479  WARNING     Skipping row due to error: (sqlite3.OperationalError) near "RETURNING": syntax error
[SQL: 
        INSERT INTO jobs
            (source, external_id, title, company, city, region, country,
             is_remote, salary_min, salary_max, salary_mid, url, date_posted)
        VALUES
            (?, ?, ?, ?, ?, ?, ?,
             ?, ?, ?, ?, ?, ?)
        ON CONFLICT (source, external_id) DO NOTHING
        RETURNING id;
    ]
[parameters: ('adzuna', '5577025436', 'Data Engineer', 'Cognizant', 'Grandview Heights', 'Franklin County', None, False, 140290.28, 140290.28, 140290.28, 'https://www.adzuna.com/land/ad/5577025436?se=WMgq71A28RGxboRaoq6V0w&utm_medium=api&utm_source=8d05c7a4&v=96E5D72682EBEA5D943834829C10CFF72F93F86D', '2026-01-09')]
(Background on this error at: https://sqlalche.me/e/20/e3q8)
2026-04-12 19:08:20,480  WARNING     Skipping row due to error: (sqlite3.OperationalError) near "RETURNING": syntax error
[SQL: 
        INSERT INTO jobs
            (source, external_id, title, company, city, region, country,
             is_remote, salary_min, salary_max, salary_mid, url, date_posted)
        VALUES
            (?, ?, ?, ?, ?, ?, ?,
             ?, ?, ?, ?, ?, ?)
        ON CONFLICT (source, external_id) DO NOTHING
        RETURNING id;
    ]
[parameters: ('adzuna', '5577155785', 'Data Engineer', 'Cognizant', 'Montpelier', 'Washington County', None, False, 111139.32, 111139.32, 111139.32, 'https://www.adzuna.com/land/ad/5577155785?se=WMgq71A28RGxboRaoq6V0w&utm_medium=api&utm_source=8d05c7a4&v=5F189C2A9EDAB6564932997179FDE727CC71116A', '2026-01-09')]
(Background on this error at: https://sqlalche.me/e/20/e3q8)
2026-04-12 19:08:20,482  WARNING     Skipping row due to error: (sqlite3.OperationalError) near "RETURNING": syntax error
[SQL: 
        INSERT INTO jobs
            (source, external_id, title, company, city, region, country,
             is_remote, salary_min, salary_max, salary_mid, url, date_posted)
        VALUES
            (?, ?, ?, ?, ?, ?, ?,
             ?, ?, ?, ?, ?, ?)
        ON CONFLICT (source, external_id) DO NOTHING
        RETURNING id;
    ]
[parameters: ('adzuna', '5577015333', 'Data Engineer', 'Cognizant', 'Lansing', 'Ingham County', None, False, 119286.04, 119286.04, 119286.04, 'https://www.adzuna.com/land/ad/5577015333?se=WMgq71A28RGxboRaoq6V0w&utm_medium=api&utm_source=8d05c7a4&v=400C2AC6582CC0BAC3443CECBB363800A1DAFEF1', '2026-01-09')]
(Background on this error at: https://sqlalche.me/e/20/e3q8)
2026-04-12 19:08:20,483  WARNING     Skipping row due to error: (sqlite3.OperationalError) near "RETURNING": syntax error
[SQL: 
        INSERT INTO jobs
            (source, external_id, title, company, city, region, country,
             is_remote, salary_min, salary_max, salary_mid, url, date_posted)
        VALUES
            (?, ?, ?, ?, ?, ?, ?,
             ?, ?, ?, ?, ?, ?)
        ON CONFLICT (source, external_id) DO NOTHING
        RETURNING id;
    ]
[parameters: ('adzuna', '5576992802', 'Data Engineer', 'Cognizant', 'Augusta', 'Kennebec County', None, False, 152342.94, 152342.94, 152342.94, 'https://www.adzuna.com/land/ad/5576992802?se=WMgq71A28RGxboRaoq6V0w&utm_medium=api&utm_source=8d05c7a4&v=1D3DDA91AD9F4EB3DCDA169F113D219A91580BA2', '2026-01-09')]
(Background on this error at: https://sqlalche.me/e/20/e3q8)
2026-04-12 19:08:20,485  WARNING     Skipping row due to error: (sqlite3.OperationalError) near "RETURNING": syntax error
[SQL: 
        INSERT INTO jobs
            (source, external_id, title, company, city, region, country,
             is_remote, salary_min, salary_max, salary_mid, url, date_posted)
        VALUES
            (?, ?, ?, ?, ?, ?, ?,
             ?, ?, ?, ?, ?, ?)
        ON CONFLICT (source, external_id) DO NOTHING
        RETURNING id;
    ]
[parameters: ('adzuna', '5577019190', 'Data Engineer', 'Cognizant', 'Concord', 'Merrimack County', None, False, 167755.03, 167755.03, 167755.03, 'https://www.adzuna.com/land/ad/5577019190?se=WMgq71A28RGxboRaoq6V0w&utm_medium=api&utm_source=8d05c7a4&v=432F44D04732E24F776952ADB754C66D2333567C', '2026-01-09')]
(Background on this error at: https://sqlalche.me/e/20/e3q8)
2026-04-12 19:08:20,486  WARNING     Skipping row due to error: (sqlite3.OperationalError) near "RETURNING": syntax error
[SQL: 
        INSERT INTO jobs
            (source, external_id, title, company, city, region, country,
             is_remote, salary_min, salary_max, salary_mid, url, date_posted)
        VALUES
            (?, ?, ?, ?, ?, ?, ?,
             ?, ?, ?, ?, ?, ?)
        ON CONFLICT (source, external_id) DO NOTHING
        RETURNING id;
    ]
[parameters: ('adzuna', '5577018997', 'Data Engineer', 'Cognizant', 'Boston', 'Suffolk County', None, False, 106997.29, 106997.29, 106997.29, 'https://www.adzuna.com/land/ad/5577018997?se=WMgq71A28RGxboRaoq6V0w&utm_medium=api&utm_source=8d05c7a4&v=4B3A02D78A1CDCC50C3005E3019E1BFC28F21520', '2026-01-09')]
(Background on this error at: https://sqlalche.me/e/20/e3q8)
2026-04-12 19:08:20,489  WARNING     Skipping row due to error: (sqlite3.OperationalError) near "RETURNING": syntax error
[SQL: 
        INSERT INTO jobs
            (source, external_id, title, company, city, region, country,
             is_remote, salary_min, salary_max, salary_mid, url, date_posted)
        VALUES
            (?, ?, ?, ?, ?, ?, ?,
             ?, ?, ?, ?, ?, ?)
        ON CONFLICT (source, external_id) DO NOTHING
        RETURNING id;
    ]
[parameters: ('adzuna', '5577010329', 'Data Engineer', 'Cognizant', 'Chisolm', 'Montgomery County', None, False, 101000.58, 101000.58, 101000.58, 'https://www.adzuna.com/land/ad/5577010329?se=WMgq71A28RGxboRaoq6V0w&utm_medium=api&utm_source=8d05c7a4&v=59E0BFE9E88523A1220C23120312429392125FA3', '2026-01-09')]
(Background on this error at: https://sqlalche.me/e/20/e3q8)
2026-04-12 19:08:20,491  WARNING     Skipping row due to error: (sqlite3.OperationalError) near "RETURNING": syntax error
[SQL: 
        INSERT INTO jobs
            (source, external_id, title, company, city, region, country,
             is_remote, salary_min, salary_max, salary_mid, url, date_posted)
        VALUES
            (?, ?, ?, ?, ?, ?, ?,
             ?, ?, ?, ?, ?, ?)
        ON CONFLICT (source, external_id) DO NOTHING
        RETURNING id;
    ]
[parameters: ('adzuna', '5576764105', 'Data Engineer', 'Cognizant', 'Annapolis', 'Anne Arundel County', None, False, 139512.19, 139512.19, 139512.19, 'https://www.adzuna.com/land/ad/5576764105?se=WMgq71A28RGxboRaoq6V0w&utm_medium=api&utm_source=8d05c7a4&v=2FB18D6A10D4702496EA3961E2809CBD2139F85F', '2026-01-09')]
(Background on this error at: https://sqlalche.me/e/20/e3q8)
2026-04-12 19:08:20,493  WARNING     Skipping row due to error: (sqlite3.OperationalError) near "RETURNING": syntax error
[SQL: 
        INSERT INTO jobs
            (source, external_id, title, company, city, region, country,
             is_remote, salary_min, salary_max, salary_mid, url, date_posted)
        VALUES
            (?, ?, ?, ?, ?, ?, ?,
             ?, ?, ?, ?, ?, ?)
        ON CONFLICT (source, external_id) DO NOTHING
        RETURNING id;
    ]
[parameters: ('adzuna', '5576762783', 'Data Engineer', 'Cognizant', 'La Cienga', 'Santa Fe County', None, False, 156023.47, 156023.47, 156023.47, 'https://www.adzuna.com/land/ad/5576762783?se=WMgq71A28RGxboRaoq6V0w&utm_medium=api&utm_source=8d05c7a4&v=FE0E0C072D89FE8685D8C5312C6BFBCF22CC3C37', '2026-01-09')]
(Background on this error at: https://sqlalche.me/e/20/e3q8)
2026-04-12 19:08:20,494  WARNING     Skipping row due to error: (sqlite3.OperationalError) near "RETURNING": syntax error
[SQL: 
        INSERT INTO jobs
            (source, external_id, title, company, city, region, country,
             is_remote, salary_min, salary_max, salary_mid, url, date_posted)
        VALUES
            (?, ?, ?, ?, ?, ?, ?,
             ?, ?, ?, ?, ?, ?)
        ON CONFLICT (source, external_id) DO NOTHING
        RETURNING id;
    ]
[parameters: ('adzuna', '5577022480', 'Data Engineer', 'Cognizant', 'Nashville', 'Davidson County', None, False, 117515.1, 117515.1, 117515.1, 'https://www.adzuna.com/land/ad/5577022480?se=WMgq71A28RGxboRaoq6V0w&utm_medium=api&utm_source=8d05c7a4&v=97036557E75E527581DDC2F7BDC1CC8CF90D3CE0', '2026-01-09')]
(Background on this error at: https://sqlalche.me/e/20/e3q8)
2026-04-12 19:08:20,495  WARNING     Skipping row due to error: (sqlite3.OperationalError) near "RETURNING": syntax error
[SQL: 
        INSERT INTO jobs
            (source, external_id, title, company, city, region, country,
             is_remote, salary_min, salary_max, salary_mid, url, date_posted)
        VALUES
            (?, ?, ?, ?, ?, ?, ?,
             ?, ?, ?, ?, ?, ?)
        ON CONFLICT (source, external_id) DO NOTHING
        RETURNING id;
    ]
[parameters: ('adzuna', '5577009295', 'Data Engineer', 'Cognizant', 'Uptown', 'Marion County', None, False, 139224.3, 139224.3, 139224.3, 'https://www.adzuna.com/land/ad/5577009295?se=WMgq71A28RGxboRaoq6V0w&utm_medium=api&utm_source=8d05c7a4&v=BAD60ADC57DCAF1F006D7FAF9DAE78964B9FF989', '2026-01-09')]
(Background on this error at: https://sqlalche.me/e/20/e3q8)
2026-04-12 19:08:20,496  WARNING     Skipping row due to error: (sqlite3.OperationalError) near "RETURNING": syntax error
[SQL: 
        INSERT INTO jobs
            (source, external_id, title, company, city, region, country,
             is_remote, salary_min, salary_max, salary_mid, url, date_posted)
        VALUES
            (?, ?, ?, ?, ?, ?, ?,
             ?, ?, ?, ?, ?, ?)
        ON CONFLICT (source, external_id) DO NOTHING
        RETURNING id;
    ]
[parameters: ('adzuna', '5577019688', 'Data Engineer', 'Cognizant', 'Saint Paul', 'Ramsey County', None, False, 111214.38, 111214.38, 111214.38, 'https://www.adzuna.com/land/ad/5577019688?se=WMgq71A28RGxboRaoq6V0w&utm_medium=api&utm_source=8d05c7a4&v=E05130C383324A16C406183447FD48254CC507B6', '2026-01-09')]
(Background on this error at: https://sqlalche.me/e/20/e3q8)
2026-04-12 19:08:20,497  WARNING     Skipping row due to error: (sqlite3.OperationalError) near "RETURNING": syntax error
[SQL: 
        INSERT INTO jobs
            (source, external_id, title, company, city, region, country,
             is_remote, salary_min, salary_max, salary_mid, url, date_posted)
        VALUES
            (?, ?, ?, ?, ?, ?, ?,
             ?, ?, ?, ?, ?, ?)
        ON CONFLICT (source, external_id) DO NOTHING
        RETURNING id;
    ]
[parameters: ('adzuna', '5576992688', 'Data Engineer', 'Cognizant', 'Wake Island', 'Honolulu', None, False, 104937.78, 104937.78, 104937.78, 'https://www.adzuna.com/land/ad/5576992688?se=eqaD8FA28RGxboRaoq6V0w&utm_medium=api&utm_source=8d05c7a4&v=A10A1CB64A1BCB0F978D52362259D9997224DCA5', '2026-01-09')]
(Background on this error at: https://sqlalche.me/e/20/e3q8)
2026-04-12 19:08:20,497  WARNING     Skipping row due to error: (sqlite3.OperationalError) near "RETURNING": syntax error
[SQL: 
        INSERT INTO jobs
            (source, external_id, title, company, city, region, country,
             is_remote, salary_min, salary_max, salary_mid, url, date_posted)
        VALUES
            (?, ?, ?, ?, ?, ?, ?,
             ?, ?, ?, ?, ?, ?)
        ON CONFLICT (source, external_id) DO NOTHING
        RETURNING id;
    ]
[parameters: ('adzuna', '5577013233', 'Data Engineer', 'Cognizant', 'Salem', 'Marion County', None, False, 108487.98, 108487.98, 108487.98, 'https://www.adzuna.com/land/ad/5577013233?se=eqaD8FA28RGxboRaoq6V0w&utm_medium=api&utm_source=8d05c7a4&v=A5F719CCAD04C453F804C7D1D946892E7BDE27B1', '2026-01-09')]
(Background on this error at: https://sqlalche.me/e/20/e3q8)
2026-04-12 19:08:20,498  WARNING     Skipping row due to error: (sqlite3.OperationalError) near "RETURNING": syntax error
[SQL: 
        INSERT INTO jobs
            (source, external_id, title, company, city, region, country,
             is_remote, salary_min, salary_max, salary_mid, url, date_posted)
        VALUES
            (?, ?, ?, ?, ?, ?, ?,
             ?, ?, ?, ?, ?, ?)
        ON CONFLICT (source, external_id) DO NOTHING
        RETURNING id;
    ]
[parameters: ('adzuna', '5577012116', 'Data Engineer', 'Cognizant', 'Oklahoma City', 'Oklahoma County', None, False, 111686.94, 111686.94, 111686.94, 'https://www.adzuna.com/land/ad/5577012116?se=eqaD8FA28RGxboRaoq6V0w&utm_medium=api&utm_source=8d05c7a4&v=1524C2D733665C6876CC3E7B7F864432A8B3697A', '2026-01-09')]
(Background on this error at: https://sqlalche.me/e/20/e3q8)
2026-04-12 19:08:20,500  WARNING     Skipping row due to error: (sqlite3.OperationalError) near "RETURNING": syntax error
[SQL: 
        INSERT INTO jobs
            (source, external_id, title, company, city, region, country,
             is_remote, salary_min, salary_max, salary_mid, url, date_posted)
        VALUES
            (?, ?, ?, ?, ?, ?, ?,
             ?, ?, ?, ?, ?, ?)
        ON CONFLICT (source, external_id) DO NOTHING
        RETURNING id;
    ]
[parameters: ('adzuna', '5577318516', 'Data Engineer', 'Cognizant', 'Bonnie', 'Utah County', None, False, 116770.3, 116770.3, 116770.3, 'https://www.adzuna.com/land/ad/5577318516?se=eqaD8FA28RGxboRaoq6V0w&utm_medium=api&utm_source=8d05c7a4&v=BFA0E1CEB24B999578E474A225CFBD492CD9084B', '2026-01-09')]
(Background on this error at: https://sqlalche.me/e/20/e3q8)
2026-04-12 19:08:20,501  WARNING     Skipping row due to error: (sqlite3.OperationalError) near "RETURNING": syntax error
[SQL: 
        INSERT INTO jobs
            (source, external_id, title, company, city, region, country,
             is_remote, salary_min, salary_max, salary_mid, url, date_posted)
        VALUES
            (?, ?, ?, ?, ?, ?, ?,
             ?, ?, ?, ?, ?, ?)
        ON CONFLICT (source, external_id) DO NOTHING
        RETURNING id;
    ]
[parameters: ('adzuna', '5649221887', 'Data Engineer', 'Cadmus', 'Topeka', 'Shawnee County', None, False, 101840.7, 101840.7, 101840.7, 'https://www.adzuna.com/land/ad/5649221887?se=eqaD8FA28RGxboRaoq6V0w&utm_medium=api&utm_source=8d05c7a4&v=37065E31610F7E255194BFF0919305F2B6D18394', '2026-02-28')]
(Background on this error at: https://sqlalche.me/e/20/e3q8)
2026-04-12 19:08:20,503  WARNING     Skipping row due to error: (sqlite3.OperationalError) near "RETURNING": syntax error
[SQL: 
        INSERT INTO jobs
            (source, external_id, title, company, city, region, country,
             is_remote, salary_min, salary_max, salary_mid, url, date_posted)
        VALUES
            (?, ?, ?, ?, ?, ?, ?,
             ?, ?, ?, ?, ?, ?)
        ON CONFLICT (source, external_id) DO NOTHING
        RETURNING id;
    ]
[parameters: ('adzuna', '5649289112', 'Data Engineer', 'Cadmus', 'Pierre', 'Hughes County', None, False, 150503.9, 150503.9, 150503.9, 'https://www.adzuna.com/land/ad/5649289112?se=eqaD8FA28RGxboRaoq6V0w&utm_medium=api&utm_source=8d05c7a4&v=0C075CA09F75F7B541669D5C977B0D036FAD09B1', '2026-02-28')]
(Background on this error at: https://sqlalche.me/e/20/e3q8)
2026-04-12 19:08:20,504  WARNING     Skipping row due to error: (sqlite3.OperationalError) near "RETURNING": syntax error
[SQL: 
        INSERT INTO jobs
            (source, external_id, title, company, city, region, country,
             is_remote, salary_min, salary_max, salary_mid, url, date_posted)
        VALUES
            (?, ?, ?, ?, ?, ?, ?,
             ?, ?, ?, ?, ?, ?)
        ON CONFLICT (source, external_id) DO NOTHING
        RETURNING id;
    ]
[parameters: ('adzuna', '5649187463', 'Data Engineer', 'Cadmus', 'Helena', 'Lewis and Clark County', None, False, 101900.64, 101900.64, 101900.64, 'https://www.adzuna.com/land/ad/5649187463?se=eqaD8FA28RGxboRaoq6V0w&utm_medium=api&utm_source=8d05c7a4&v=0BE471CDC67D98E7A0DBA8717BA9A6A6901B4237', '2026-02-28')]
(Background on this error at: https://sqlalche.me/e/20/e3q8)
2026-04-12 19:08:20,505  WARNING     Skipping row due to error: (sqlite3.OperationalError) near "RETURNING": syntax error
[SQL: 
        INSERT INTO jobs
            (source, external_id, title, company, city, region, country,
             is_remote, salary_min, salary_max, salary_mid, url, date_posted)
        VALUES
            (?, ?, ?, ?, ?, ?, ?,
             ?, ?, ?, ?, ?, ?)
        ON CONFLICT (source, external_id) DO NOTHING
        RETURNING id;
    ]
[parameters: ('adzuna', '5649271268', 'Data Engineer', 'Cadmus', 'Bismarck', 'Burleigh County', None, False, 95676.6, 95676.6, 95676.6, 'https://www.adzuna.com/land/ad/5649271268?se=eqaD8FA28RGxboRaoq6V0w&utm_medium=api&utm_source=8d05c7a4&v=727EC2B4C787FDE982878D2DE5A45FD6B5E2A4D8', '2026-02-28')]
(Background on this error at: https://sqlalche.me/e/20/e3q8)
2026-04-12 19:08:20,507  WARNING     Skipping row due to error: (sqlite3.OperationalError) near "RETURNING": syntax error
[SQL: 
        INSERT INTO jobs
            (source, external_id, title, company, city, region, country,
             is_remote, salary_min, salary_max, salary_mid, url, date_posted)
        VALUES
            (?, ?, ?, ?, ?, ?, ?,
             ?, ?, ?, ?, ?, ?)
        ON CONFLICT (source, external_id) DO NOTHING
        RETURNING id;
    ]
[parameters: ('adzuna', '5649271218', 'Data Engineer', 'Cadmus', 'Washington', 'D.C.', 'US', False, 101767.59, 101767.59, 101767.59, 'https://www.adzuna.com/land/ad/5649271218?se=eqaD8FA28RGxboRaoq6V0w&utm_medium=api&utm_source=8d05c7a4&v=2C01491B548AA43094E17F22AA1B581D0A153E24', '2026-02-28')]
(Background on this error at: https://sqlalche.me/e/20/e3q8)
2026-04-12 19:08:20,509  WARNING     Skipping row due to error: (sqlite3.OperationalError) near "RETURNING": syntax error
[SQL: 
        INSERT INTO jobs
            (source, external_id, title, company, city, region, country,
             is_remote, salary_min, salary_max, salary_mid, url, date_posted)
        VALUES
            (?, ?, ?, ?, ?, ?, ?,
             ?, ?, ?, ?, ?, ?)
        ON CONFLICT (source, external_id) DO NOTHING
        RETURNING id;
    ]
[parameters: ('adzuna', '5649228892', 'Data Engineer', 'Cadmus', 'Grandview Heights', 'Franklin County', None, False, 123492.08, 123492.08, 123492.08, 'https://www.adzuna.com/land/ad/5649228892?se=eqaD8FA28RGxboRaoq6V0w&utm_medium=api&utm_source=8d05c7a4&v=4D5D4190746C2B843722A83EBD089E6CF4953786', '2026-02-28')]
(Background on this error at: https://sqlalche.me/e/20/e3q8)
2026-04-12 19:08:20,510  WARNING     Skipping row due to error: (sqlite3.OperationalError) near "RETURNING": syntax error
[SQL: 
        INSERT INTO jobs
            (source, external_id, title, company, city, region, country,
             is_remote, salary_min, salary_max, salary_mid, url, date_posted)
        VALUES
            (?, ?, ?, ?, ?, ?, ?,
             ?, ?, ?, ?, ?, ?)
        ON CONFLICT (source, external_id) DO NOTHING
        RETURNING id;
    ]
[parameters: ('adzuna', '5649416388', 'Data Engineer', 'Cadmus', 'Tumwater', 'Thurston County', None, False, 101429.15, 101429.15, 101429.15, 'https://www.adzuna.com/land/ad/5649416388?se=eqaD8FA28RGxboRaoq6V0w&utm_medium=api&utm_source=8d05c7a4&v=7CE2E079C256E726E34BFB67B7AE8D4F65631C20', '2026-02-28')]
(Background on this error at: https://sqlalche.me/e/20/e3q8)
2026-04-12 19:08:20,511  WARNING     Skipping row due to error: (sqlite3.OperationalError) near "RETURNING": syntax error
[SQL: 
        INSERT INTO jobs
            (source, external_id, title, company, city, region, country,
             is_remote, salary_min, salary_max, salary_mid, url, date_posted)
        VALUES
            (?, ?, ?, ?, ?, ?, ?,
             ?, ?, ?, ?, ?, ?)
        ON CONFLICT (source, external_id) DO NOTHING
        RETURNING id;
    ]
[parameters: ('adzuna', '5649319643', 'Data Engineer', 'Cadmus', 'Montpelier', 'Washington County', None, False, 97831.7, 97831.7, 97831.7, 'https://www.adzuna.com/land/ad/5649319643?se=eqaD8FA28RGxboRaoq6V0w&utm_medium=api&utm_source=8d05c7a4&v=D711FCCFED32280ABFE3B20ADE529904930B0B7A', '2026-02-28')]
(Background on this error at: https://sqlalche.me/e/20/e3q8)
2026-04-12 19:08:20,512  WARNING     Skipping row due to error: (sqlite3.OperationalError) near "RETURNING": syntax error
[SQL: 
        INSERT INTO jobs
            (source, external_id, title, company, city, region, country,
             is_remote, salary_min, salary_max, salary_mid, url, date_posted)
        VALUES
            (?, ?, ?, ?, ?, ?, ?,
             ?, ?, ?, ?, ?, ?)
        ON CONFLICT (source, external_id) DO NOTHING
        RETURNING id;
    ]
[parameters: ('adzuna', '5649289063', 'Data Engineer', 'Cadmus', 'Providence', 'Providence County', None, False, 102743.95, 102743.95, 102743.95, 'https://www.adzuna.com/land/ad/5649289063?se=eqaD8FA28RGxboRaoq6V0w&utm_medium=api&utm_source=8d05c7a4&v=0BF35757DE44868A3B72778CC97A74BBE228C6D9', '2026-02-28')]
(Background on this error at: https://sqlalche.me/e/20/e3q8)
2026-04-12 19:08:20,514  WARNING     Skipping row due to error: (sqlite3.OperationalError) near "RETURNING": syntax error
[SQL: 
        INSERT INTO jobs
            (source, external_id, title, company, city, region, country,
             is_remote, salary_min, salary_max, salary_mid, url, date_posted)
        VALUES
            (?, ?, ?, ?, ?, ?, ?,
             ?, ?, ?, ?, ?, ?)
        ON CONFLICT (source, external_id) DO NOTHING
        RETURNING id;
    ]
[parameters: ('adzuna', '5649224307', 'Data Engineer', 'Cadmus', 'Trenton', 'Mercer County', None, False, 105292.25, 105292.25, 105292.25, 'https://www.adzuna.com/land/ad/5649224307?se=eqaD8FA28RGxboRaoq6V0w&utm_medium=api&utm_source=8d05c7a4&v=71F692F106B6BF0386AA0ADBE88E2B3E0F4B86E6', '2026-02-28')]
(Background on this error at: https://sqlalche.me/e/20/e3q8)
2026-04-12 19:08:20,516  WARNING     Skipping row due to error: (sqlite3.OperationalError) near "RETURNING": syntax error
[SQL: 
        INSERT INTO jobs
            (source, external_id, title, company, city, region, country,
             is_remote, salary_min, salary_max, salary_mid, url, date_posted)
        VALUES
            (?, ?, ?, ?, ?, ?, ?,
             ?, ?, ?, ?, ?, ?)
        ON CONFLICT (source, external_id) DO NOTHING
        RETURNING id;
    ]
[parameters: ('adzuna', '5649228341', 'Data Engineer', 'Cadmus', 'Atlanta', 'Fulton County', None, False, 140521.0, 140521.0, 140521.0, 'https://www.adzuna.com/land/ad/5649228341?se=eqaD8FA28RGxboRaoq6V0w&utm_medium=api&utm_source=8d05c7a4&v=0734D2D182D9FB766B227AB59CB67CBC75F28EAB', '2026-02-28')]
(Background on this error at: https://sqlalche.me/e/20/e3q8)
2026-04-12 19:08:20,517  WARNING     Skipping row due to error: (sqlite3.OperationalError) near "RETURNING": syntax error
[SQL: 
        INSERT INTO jobs
            (source, external_id, title, company, city, region, country,
             is_remote, salary_min, salary_max, salary_mid, url, date_posted)
        VALUES
            (?, ?, ?, ?, ?, ?, ?,
             ?, ?, ?, ?, ?, ?)
        ON CONFLICT (source, external_id) DO NOTHING
        RETURNING id;
    ]
[parameters: ('adzuna', '5649216528', 'Data Engineer', 'Cadmus', 'Carson Mall', 'Carson City', None, False, 105171.52, 105171.52, 105171.52, 'https://www.adzuna.com/land/ad/5649216528?se=eqaD8FA28RGxboRaoq6V0w&utm_medium=api&utm_source=8d05c7a4&v=00E4489B374B8ACB0ABB82A456A5C0BA231A57F7', '2026-02-28')]
(Background on this error at: https://sqlalche.me/e/20/e3q8)
2026-04-12 19:08:20,518  WARNING     Skipping row due to error: (sqlite3.OperationalError) near "RETURNING": syntax error
[SQL: 
        INSERT INTO jobs
            (source, external_id, title, company, city, region, country,
             is_remote, salary_min, salary_max, salary_mid, url, date_posted)
        VALUES
            (?, ?, ?, ?, ?, ?, ?,
             ?, ?, ?, ?, ?, ?)
        ON CONFLICT (source, external_id) DO NOTHING
        RETURNING id;
    ]
[parameters: ('adzuna', '5649222751', 'Data Engineer', 'Cadmus', 'Frankfort', 'Franklin County', None, False, 108274.75, 108274.75, 108274.75, 'https://www.adzuna.com/land/ad/5649222751?se=eqaD8FA28RGxboRaoq6V0w&utm_medium=api&utm_source=8d05c7a4&v=EB8E3AE69B03D5E5924DACFDC9F651F6343155D9', '2026-02-28')]
(Background on this error at: https://sqlalche.me/e/20/e3q8)
2026-04-12 19:08:20,519  WARNING     Skipping row due to error: (sqlite3.OperationalError) near "RETURNING": syntax error
[SQL: 
        INSERT INTO jobs
            (source, external_id, title, company, city, region, country,
             is_remote, salary_min, salary_max, salary_mid, url, date_posted)
        VALUES
            (?, ?, ?, ?, ?, ?, ?,
             ?, ?, ?, ?, ?, ?)
        ON CONFLICT (source, external_id) DO NOTHING
        RETURNING id;
    ]
[parameters: ('adzuna', '5649229978', 'Data Engineer', 'Cadmus', 'Nashville', 'Davidson County', None, False, 103444.16, 103444.16, 103444.16, 'https://www.adzuna.com/land/ad/5649229978?se=eqaD8FA28RGxboRaoq6V0w&utm_medium=api&utm_source=8d05c7a4&v=17A6E1B6E502AF5C0CB9B22998AB1E20089A282E', '2026-02-28')]
(Background on this error at: https://sqlalche.me/e/20/e3q8)
2026-04-12 19:08:20,520  WARNING     Skipping row due to error: (sqlite3.OperationalError) near "RETURNING": syntax error
[SQL: 
        INSERT INTO jobs
            (source, external_id, title, company, city, region, country,
             is_remote, salary_min, salary_max, salary_mid, url, date_posted)
        VALUES
            (?, ?, ?, ?, ?, ?, ?,
             ?, ?, ?, ?, ?, ?)
        ON CONFLICT (source, external_id) DO NOTHING
        RETURNING id;
    ]
[parameters: ('adzuna', '5649226042', 'Data Engineer', 'Cadmus', 'Chisolm', 'Montgomery County', None, False, 88907.04, 88907.04, 88907.04, 'https://www.adzuna.com/land/ad/5649226042?se=eqaD8FA28RGxboRaoq6V0w&utm_medium=api&utm_source=8d05c7a4&v=54A83E2E5575EF24F408550E554599B45BB30A9C', '2026-02-28')]
(Background on this error at: https://sqlalche.me/e/20/e3q8)
2026-04-12 19:08:20,521  WARNING     Skipping row due to error: (sqlite3.OperationalError) near "RETURNING": syntax error
[SQL: 
        INSERT INTO jobs
            (source, external_id, title, company, city, region, country,
             is_remote, salary_min, salary_max, salary_mid, url, date_posted)
        VALUES
            (?, ?, ?, ?, ?, ?, ?,
             ?, ?, ?, ?, ?, ?)
        ON CONFLICT (source, external_id) DO NOTHING
        RETURNING id;
    ]
[parameters: ('adzuna', '5649228411', 'Data Engineer', 'Cadmus', 'Boston', 'Suffolk County', None, False, 94185.63, 94185.63, 94185.63, 'https://www.adzuna.com/land/ad/5649228411?se=eqaD8FA28RGxboRaoq6V0w&utm_medium=api&utm_source=8d05c7a4&v=CE63D8B8238F7F498DAD85C91D4459D2450A0C4F', '2026-02-28')]
(Background on this error at: https://sqlalche.me/e/20/e3q8)
2026-04-12 19:08:20,522  WARNING     Skipping row due to error: (sqlite3.OperationalError) near "RETURNING": syntax error
[SQL: 
        INSERT INTO jobs
            (source, external_id, title, company, city, region, country,
             is_remote, salary_min, salary_max, salary_mid, url, date_posted)
        VALUES
            (?, ?, ?, ?, ?, ?, ?,
             ?, ?, ?, ?, ?, ?)
        ON CONFLICT (source, external_id) DO NOTHING
        RETURNING id;
    ]
[parameters: ('adzuna', '5649222099', 'Data Engineer', 'Cadmus', 'Saint Paul', 'Ramsey County', None, False, 97897.69, 97897.69, 97897.69, 'https://www.adzuna.com/land/ad/5649222099?se=eqaD8FA28RGxboRaoq6V0w&utm_medium=api&utm_source=8d05c7a4&v=633615B91B27ADD076ADBC44F2A4E6DFAF5D067A', '2026-02-28')]
(Background on this error at: https://sqlalche.me/e/20/e3q8)
2026-04-12 19:08:20,523  WARNING     Skipping row due to error: (sqlite3.OperationalError) near "RETURNING": syntax error
[SQL: 
        INSERT INTO jobs
            (source, external_id, title, company, city, region, country,
             is_remote, salary_min, salary_max, salary_mid, url, date_posted)
        VALUES
            (?, ?, ?, ?, ?, ?, ?,
             ?, ?, ?, ?, ?, ?)
        ON CONFLICT (source, external_id) DO NOTHING
        RETURNING id;
    ]
[parameters: ('adzuna', '5649416299', 'Data Engineer', 'Cadmus', 'Madison', 'Dane County', None, False, 101895.2, 101895.2, 101895.2, 'https://www.adzuna.com/land/ad/5649416299?se=eqaD8FA28RGxboRaoq6V0w&utm_medium=api&utm_source=8d05c7a4&v=2CE77F0411380E008C91B588326AD38C9F7F09F4', '2026-02-28')]
(Background on this error at: https://sqlalche.me/e/20/e3q8)
2026-04-12 19:08:20,525  WARNING     Skipping row due to error: (sqlite3.OperationalError) near "RETURNING": syntax error
[SQL: 
        INSERT INTO jobs
            (source, external_id, title, company, city, region, country,
             is_remote, salary_min, salary_max, salary_mid, url, date_posted)
        VALUES
            (?, ?, ?, ?, ?, ?, ?,
             ?, ?, ?, ?, ?, ?)
        ON CONFLICT (source, external_id) DO NOTHING
        RETURNING id;
    ]
[parameters: ('adzuna', '5649212454', 'Data Engineer', 'Cadmus', 'Uptown', 'Marion County', None, False, 122553.73, 122553.73, 122553.73, 'https://www.adzuna.com/land/ad/5649212454?se=eqaD8FA28RGxboRaoq6V0w&utm_medium=api&utm_source=8d05c7a4&v=C83D71E9F46321A49CBB47B18A9750E1529A6B56', '2026-02-28')]
(Background on this error at: https://sqlalche.me/e/20/e3q8)
2026-04-12 19:08:20,526  WARNING     Skipping row due to error: (sqlite3.OperationalError) near "RETURNING": syntax error
[SQL: 
        INSERT INTO jobs
            (source, external_id, title, company, city, region, country,
             is_remote, salary_min, salary_max, salary_mid, url, date_posted)
        VALUES
            (?, ?, ?, ?, ?, ?, ?,
             ?, ?, ?, ?, ?, ?)
        ON CONFLICT (source, external_id) DO NOTHING
        RETURNING id;
    ]
[parameters: ('adzuna', '5649090372', 'Data Engineer', 'Cadmus', 'La Cienga', 'Santa Fe County', None, False, 137341.66, 137341.66, 137341.66, 'https://www.adzuna.com/land/ad/5649090372?se=eqaD8FA28RGxboRaoq6V0w&utm_medium=api&utm_source=8d05c7a4&v=5C0F2863A8E3E337AF4F3DBEAA5DD6F06C170F3D', '2026-02-28')]
(Background on this error at: https://sqlalche.me/e/20/e3q8)
2026-04-12 19:08:20,527  WARNING     Skipping row due to error: (sqlite3.OperationalError) near "RETURNING": syntax error
[SQL: 
        INSERT INTO jobs
            (source, external_id, title, company, city, region, country,
             is_remote, salary_min, salary_max, salary_mid, url, date_posted)
        VALUES
            (?, ?, ?, ?, ?, ?, ?,
             ?, ?, ?, ?, ?, ?)
        ON CONFLICT (source, external_id) DO NOTHING
        RETURNING id;
    ]
[parameters: ('adzuna', '5649187367', 'Data Engineer', 'Cadmus', 'Wake Island', 'Honolulu', None, False, 92372.73, 92372.73, 92372.73, 'https://www.adzuna.com/land/ad/5649187367?se=eqaD8FA28RGxboRaoq6V0w&utm_medium=api&utm_source=8d05c7a4&v=7410D2F6F133E17321663C5FAB6BD959E6F6F9C7', '2026-02-28')]
(Background on this error at: https://sqlalche.me/e/20/e3q8)
2026-04-12 19:08:20,528  WARNING     Skipping row due to error: (sqlite3.OperationalError) near "RETURNING": syntax error
[SQL: 
        INSERT INTO jobs
            (source, external_id, title, company, city, region, country,
             is_remote, salary_min, salary_max, salary_mid, url, date_posted)
        VALUES
            (?, ?, ?, ?, ?, ?, ?,
             ?, ?, ?, ?, ?, ?)
        ON CONFLICT (source, external_id) DO NOTHING
        RETURNING id;
    ]
[parameters: ('adzuna', '5649189281', 'Data Engineer', 'Cadmus', 'Edgewood', 'Richland County', None, False, 99378.87, 99378.87, 99378.87, 'https://www.adzuna.com/land/ad/5649189281?se=eqaD8FA28RGxboRaoq6V0w&utm_medium=api&utm_source=8d05c7a4&v=1EAFEA87645CB67E17D6A335E31D3E637E256F24', '2026-02-28')]
(Background on this error at: https://sqlalche.me/e/20/e3q8)
2026-04-12 19:08:20,529  WARNING     Skipping row due to error: (sqlite3.OperationalError) near "RETURNING": syntax error
[SQL: 
        INSERT INTO jobs
            (source, external_id, title, company, city, region, country,
             is_remote, salary_min, salary_max, salary_mid, url, date_posted)
        VALUES
            (?, ?, ?, ?, ?, ?, ?,
             ?, ?, ?, ?, ?, ?)
        ON CONFLICT (source, external_id) DO NOTHING
        RETURNING id;
    ]
[parameters: ('adzuna', '5649415527', 'Data Engineer', 'Cadmus', 'Bonnie', 'Utah County', None, False, 102788.34, 102788.34, 102788.34, 'https://www.adzuna.com/land/ad/5649415527?se=eqaD8FA28RGxboRaoq6V0w&utm_medium=api&utm_source=8d05c7a4&v=14E6FDD2E211705E09339900C188AE23D7BD0722', '2026-02-28')]
(Background on this error at: https://sqlalche.me/e/20/e3q8)
2026-04-12 19:08:20,531  WARNING     Skipping row due to error: (sqlite3.OperationalError) near "RETURNING": syntax error
[SQL: 
        INSERT INTO jobs
            (source, external_id, title, company, city, region, country,
             is_remote, salary_min, salary_max, salary_mid, url, date_posted)
        VALUES
            (?, ?, ?, ?, ?, ?, ?,
             ?, ?, ?, ?, ?, ?)
        ON CONFLICT (source, external_id) DO NOTHING
        RETURNING id;
    ]
[parameters: ('adzuna', '5683737474', 'Data Engineer', 'System One', 'Minneapolis', 'Hennepin County', None, False, 171940.38, 171940.38, 171940.38, 'https://www.adzuna.com/land/ad/5683737474?se=eqaD8FA28RGxboRaoq6V0w&utm_medium=api&utm_source=8d05c7a4&v=2CEB9971DBA1819131EF5B8BBFC166F19AEFF189', '2026-03-30')]
(Background on this error at: https://sqlalche.me/e/20/e3q8)
2026-04-12 19:08:20,533  WARNING     Skipping row due to error: (sqlite3.OperationalError) near "RETURNING": syntax error
[SQL: 
        INSERT INTO jobs
            (source, external_id, title, company, city, region, country,
             is_remote, salary_min, salary_max, salary_mid, url, date_posted)
        VALUES
            (?, ?, ?, ?, ?, ?, ?,
             ?, ?, ?, ?, ?, ?)
        ON CONFLICT (source, external_id) DO NOTHING
        RETURNING id;
    ]
[parameters: ('adzuna', '5679867363', 'Data Engineer', 'General Dynamics Information Technology', 'Washington', 'D.C.', 'US', False, 107037.5, 107037.5, 107037.5, 'https://www.adzuna.com/land/ad/5679867363?se=eqaD8FA28RGxboRaoq6V0w&utm_medium=api&utm_source=8d05c7a4&v=C923D9086834BC8513F3F7F9C38B8F8714ABA882', '2026-03-26')]
(Background on this error at: https://sqlalche.me/e/20/e3q8)
2026-04-12 19:08:20,534  WARNING     Skipping row due to error: (sqlite3.OperationalError) near "RETURNING": syntax error
[SQL: 
        INSERT INTO jobs
            (source, external_id, title, company, city, region, country,
             is_remote, salary_min, salary_max, salary_mid, url, date_posted)
        VALUES
            (?, ?, ?, ?, ?, ?, ?,
             ?, ?, ?, ?, ?, ?)
        ON CONFLICT (source, external_id) DO NOTHING
        RETURNING id;
    ]
[parameters: ('adzuna', '5689439744', 'Data Engineer', 'Eliassen Group', 'Merrimack', 'Hillsborough County', None, False, 184427.45, 184427.45, 184427.45, 'https://www.adzuna.com/land/ad/5689439744?se=eqaD8FA28RGxboRaoq6V0w&utm_medium=api&utm_source=8d05c7a4&v=5C588D281D3092C6407892490C9B35D53B34F2A4', '2026-04-03')]
(Background on this error at: https://sqlalche.me/e/20/e3q8)
2026-04-12 19:08:20,535  WARNING     Skipping row due to error: (sqlite3.OperationalError) near "RETURNING": syntax error
[SQL: 
        INSERT INTO jobs
            (source, external_id, title, company, city, region, country,
             is_remote, salary_min, salary_max, salary_mid, url, date_posted)
        VALUES
            (?, ?, ?, ?, ?, ?, ?,
             ?, ?, ?, ?, ?, ?)
        ON CONFLICT (source, external_id) DO NOTHING
        RETURNING id;
    ]
[parameters: ('adzuna', '5647726593', 'Data Engineer', 'Insight Global', 'Palo Alto', 'Santa Clara County', None, False, 137847.64, 137847.64, 137847.64, 'https://www.adzuna.com/land/ad/5647726593?se=eqaD8FA28RGxboRaoq6V0w&utm_medium=api&utm_source=8d05c7a4&v=8E4A136543E51558AB16E9A9886E33A9B95DD66E', '2026-02-27')]
(Background on this error at: https://sqlalche.me/e/20/e3q8)
2026-04-12 19:08:20,537  WARNING     Skipping row due to error: (sqlite3.OperationalError) near "RETURNING": syntax error
[SQL: 
        INSERT INTO jobs
            (source, external_id, title, company, city, region, country,
             is_remote, salary_min, salary_max, salary_mid, url, date_posted)
        VALUES
            (?, ?, ?, ?, ?, ?, ?,
             ?, ?, ?, ?, ?, ?)
        ON CONFLICT (source, external_id) DO NOTHING
        RETURNING id;
    ]
[parameters: ('adzuna', '5680896402', 'Data Engineer', 'NTT Data Americas, Inc.', 'Tyler Park', 'Hudson County', None, False, 95701.97, 95701.97, 95701.97, 'https://www.adzuna.com/land/ad/5680896402?se=eqaD8FA28RGxboRaoq6V0w&utm_medium=api&utm_source=8d05c7a4&v=D540A9AE0E0262C9AF3B9D9303EB2E1B4D90CBB0', '2026-03-27')]
(Background on this error at: https://sqlalche.me/e/20/e3q8)
2026-04-12 19:08:20,538  WARNING     Skipping row due to error: (sqlite3.OperationalError) near "RETURNING": syntax error
[SQL: 
        INSERT INTO jobs
            (source, external_id, title, company, city, region, country,
             is_remote, salary_min, salary_max, salary_mid, url, date_posted)
        VALUES
            (?, ?, ?, ?, ?, ?, ?,
             ?, ?, ?, ?, ?, ?)
        ON CONFLICT (source, external_id) DO NOTHING
        RETURNING id;
    ]
[parameters: ('adzuna', '5635432879', 'Data Engineer', 'Insight Global', 'Saint Bernard', 'Hamilton County', None, False, 115454.91, 115454.91, 115454.91, 'https://www.adzuna.com/land/ad/5635432879?se=eqaD8FA28RGxboRaoq6V0w&utm_medium=api&utm_source=8d05c7a4&v=4A8CA56C55273878FA9A7945F28C94D330001560', '2026-02-18')]
(Background on this error at: https://sqlalche.me/e/20/e3q8)
2026-04-12 19:08:20,539  WARNING     Skipping row due to error: (sqlite3.OperationalError) near "RETURNING": syntax error
[SQL: 
        INSERT INTO jobs
            (source, external_id, title, company, city, region, country,
             is_remote, salary_min, salary_max, salary_mid, url, date_posted)
        VALUES
            (?, ?, ?, ?, ?, ?, ?,
             ?, ?, ?, ?, ?, ?)
        ON CONFLICT (source, external_id) DO NOTHING
        RETURNING id;
    ]
[parameters: ('adzuna', '5690233709', 'Data Engineer', 'Robert Half', 'Glendale', 'Los Angeles County', None, False, 101557.79, 101557.79, 101557.79, 'https://www.adzuna.com/land/ad/5690233709?se=eqaD8FA28RGxboRaoq6V0w&utm_medium=api&utm_source=8d05c7a4&v=835A7D2FF5FD822D2E594E7890B5C63EF5266CEF', '2026-04-04')]
(Background on this error at: https://sqlalche.me/e/20/e3q8)
2026-04-12 19:08:20,540  WARNING     Skipping row due to error: (sqlite3.OperationalError) near "RETURNING": syntax error
[SQL: 
        INSERT INTO jobs
            (source, external_id, title, company, city, region, country,
             is_remote, salary_min, salary_max, salary_mid, url, date_posted)
        VALUES
            (?, ?, ?, ?, ?, ?, ?,
             ?, ?, ?, ?, ?, ?)
        ON CONFLICT (source, external_id) DO NOTHING
        RETURNING id;
    ]
[parameters: ('adzuna', '5694205072', 'Data Engineer', 'Robert Half', 'Madison', 'Dane County', None, False, 106476.02, 106476.02, 106476.02, 'https://www.adzuna.com/land/ad/5694205072?se=eqaD8FA28RGxboRaoq6V0w&utm_medium=api&utm_source=8d05c7a4&v=E1034E811AAF9B368E611B3484A65BA281400497', '2026-04-09')]
(Background on this error at: https://sqlalche.me/e/20/e3q8)
2026-04-12 19:08:20,541  WARNING     Skipping row due to error: (sqlite3.OperationalError) near "RETURNING": syntax error
[SQL: 
        INSERT INTO jobs
            (source, external_id, title, company, city, region, country,
             is_remote, salary_min, salary_max, salary_mid, url, date_posted)
        VALUES
            (?, ?, ?, ?, ?, ?, ?,
             ?, ?, ?, ?, ?, ?)
        ON CONFLICT (source, external_id) DO NOTHING
        RETURNING id;
    ]
[parameters: ('adzuna', '5664366259', 'Data Engineer', 'Robert Half', 'Conestee', 'Greenville County', None, False, 112307.5, 112307.5, 112307.5, 'https://www.adzuna.com/land/ad/5664366259?se=eqaD8FA28RGxboRaoq6V0w&utm_medium=api&utm_source=8d05c7a4&v=BB258EE0E3F98C4120C9371BA6110CF2F7A4DDE6', '2026-03-13')]
(Background on this error at: https://sqlalche.me/e/20/e3q8)
2026-04-12 19:08:20,541  WARNING     Skipping row due to error: (sqlite3.OperationalError) near "RETURNING": syntax error
[SQL: 
        INSERT INTO jobs
            (source, external_id, title, company, city, region, country,
             is_remote, salary_min, salary_max, salary_mid, url, date_posted)
        VALUES
            (?, ?, ?, ?, ?, ?, ?,
             ?, ?, ?, ?, ?, ?)
        ON CONFLICT (source, external_id) DO NOTHING
        RETURNING id;
    ]
[parameters: ('adzuna', '5679842432', 'Data Engineer', 'Eliassen Group', 'Durham', 'Durham County', None, False, 106167.97, 106167.97, 106167.97, 'https://www.adzuna.com/land/ad/5679842432?se=eqaD8FA28RGxboRaoq6V0w&utm_medium=api&utm_source=8d05c7a4&v=EA9A1DF524F455984339DF5BF954114880DC1F13', '2026-03-26')]
(Background on this error at: https://sqlalche.me/e/20/e3q8)
2026-04-12 19:08:20,542  WARNING     Skipping row due to error: (sqlite3.OperationalError) near "RETURNING": syntax error
[SQL: 
        INSERT INTO jobs
            (source, external_id, title, company, city, region, country,
             is_remote, salary_min, salary_max, salary_mid, url, date_posted)
        VALUES
            (?, ?, ?, ?, ?, ?, ?,
             ?, ?, ?, ?, ?, ?)
        ON CONFLICT (source, external_id) DO NOTHING
        RETURNING id;
    ]
[parameters: ('adzuna', '5692568136', 'Data Engineer', 'Insight Global', 'Conestee', 'Greenville County', None, False, 113789.02, 113789.02, 113789.02, 'https://www.adzuna.com/land/ad/5692568136?se=eqaD8FA28RGxboRaoq6V0w&utm_medium=api&utm_source=8d05c7a4&v=9530CDE9EF301F6C83F8B5F9114D5ABE5F14F928', '2026-04-07')]
(Background on this error at: https://sqlalche.me/e/20/e3q8)
2026-04-12 19:08:20,543  WARNING     Skipping row due to error: (sqlite3.OperationalError) near "RETURNING": syntax error
[SQL: 
        INSERT INTO jobs
            (source, external_id, title, company, city, region, country,
             is_remote, salary_min, salary_max, salary_mid, url, date_posted)
        VALUES
            (?, ?, ?, ?, ?, ?, ?,
             ?, ?, ?, ?, ?, ?)
        ON CONFLICT (source, external_id) DO NOTHING
        RETURNING id;
    ]
[parameters: ('adzuna', '5671460223', 'Data Engineer', 'Quadient', 'US', None, None, False, 90238.68, 90238.68, 90238.68, 'https://www.adzuna.com/land/ad/5671460223?se=eqaD8FA28RGxboRaoq6V0w&utm_medium=api&utm_source=8d05c7a4&v=CEFF62FF4AC5832538A0DEBB13778088B866C5A2', '2026-03-18')]
(Background on this error at: https://sqlalche.me/e/20/e3q8)
2026-04-12 19:08:20,544  WARNING     Skipping row due to error: (sqlite3.OperationalError) near "RETURNING": syntax error
[SQL: 
        INSERT INTO jobs
            (source, external_id, title, company, city, region, country,
             is_remote, salary_min, salary_max, salary_mid, url, date_posted)
        VALUES
            (?, ?, ?, ?, ?, ?, ?,
             ?, ?, ?, ?, ?, ?)
        ON CONFLICT (source, external_id) DO NOTHING
        RETURNING id;
    ]
[parameters: ('adzuna', '5654642369', 'Data Engineer', 'Insight Global', 'Redmond', 'King County', None, False, 115865.34, 115865.34, 115865.34, 'https://www.adzuna.com/land/ad/5654642369?se=eqaD8FA28RGxboRaoq6V0w&utm_medium=api&utm_source=8d05c7a4&v=49C75315CD0CA0C55A0B36E212198D5F1BDD5BE5', '2026-03-04')]
(Background on this error at: https://sqlalche.me/e/20/e3q8)
2026-04-12 19:08:20,545  WARNING     Skipping row due to error: (sqlite3.OperationalError) near "RETURNING": syntax error
[SQL: 
        INSERT INTO jobs
            (source, external_id, title, company, city, region, country,
             is_remote, salary_min, salary_max, salary_mid, url, date_posted)
        VALUES
            (?, ?, ?, ?, ?, ?, ?,
             ?, ?, ?, ?, ?, ?)
        ON CONFLICT (source, external_id) DO NOTHING
        RETURNING id;
    ]
[parameters: ('adzuna', '5546246848', 'Data Engineer', 'Stratolaunch, LLC', 'Mojave', 'Kern County', None, False, 134180.34, 134180.34, 134180.34, 'https://www.adzuna.com/land/ad/5546246848?se=eqaD8FA28RGxboRaoq6V0w&utm_medium=api&utm_source=8d05c7a4&v=4CF553C32FB945BF096F27F7D37515777608A9AA', '2025-12-17')]
(Background on this error at: https://sqlalche.me/e/20/e3q8)
2026-04-12 19:08:20,545  WARNING     Skipping row due to error: (sqlite3.OperationalError) near "RETURNING": syntax error
[SQL: 
        INSERT INTO jobs
            (source, external_id, title, company, city, region, country,
             is_remote, salary_min, salary_max, salary_mid, url, date_posted)
        VALUES
            (?, ?, ?, ?, ?, ?, ?,
             ?, ?, ?, ?, ?, ?)
        ON CONFLICT (source, external_id) DO NOTHING
        RETURNING id;
    ]
[parameters: ('adzuna', '5696378662', 'Data Engineer', 'CGI Technologies and Solutions, Inc.', 'International', 'King County', None, False, 130191.54, 130191.54, 130191.54, 'https://www.adzuna.com/land/ad/5696378662?se=eqaD8FA28RGxboRaoq6V0w&utm_medium=api&utm_source=8d05c7a4&v=376BD65B14019AE8B55321C4D45FC408116A591D', '2026-04-11')]
(Background on this error at: https://sqlalche.me/e/20/e3q8)
2026-04-12 19:08:20,546  WARNING     Skipping row due to error: (sqlite3.OperationalError) near "RETURNING": syntax error
[SQL: 
        INSERT INTO jobs
            (source, external_id, title, company, city, region, country,
             is_remote, salary_min, salary_max, salary_mid, url, date_posted)
        VALUES
            (?, ?, ?, ?, ?, ?, ?,
             ?, ?, ?, ?, ?, ?)
        ON CONFLICT (source, external_id) DO NOTHING
        RETURNING id;
    ]
[parameters: ('adzuna', '5679709472', 'Data Engineer', 'Insight Global', 'Alameda Pt', 'Alameda County', None, False, 170562.62, 170562.62, 170562.62, 'https://www.adzuna.com/land/ad/5679709472?se=eqaD8FA28RGxboRaoq6V0w&utm_medium=api&utm_source=8d05c7a4&v=E8E989B141B7B951FC2430538818FB172AC8F799', '2026-03-26')]
(Background on this error at: https://sqlalche.me/e/20/e3q8)
2026-04-12 19:08:20,547  WARNING     Skipping row due to error: (sqlite3.OperationalError) near "RETURNING": syntax error
[SQL: 
        INSERT INTO jobs
            (source, external_id, title, company, city, region, country,
             is_remote, salary_min, salary_max, salary_mid, url, date_posted)
        VALUES
            (?, ?, ?, ?, ?, ?, ?,
             ?, ?, ?, ?, ?, ?)
        ON CONFLICT (source, external_id) DO NOTHING
        RETURNING id;
    ]
[parameters: ('adzuna', '5697039880', 'Data Engineer', 'Insight Global', 'Dublin', 'Alameda County', None, False, 85748.49, 85748.49, 85748.49, 'https://www.adzuna.com/land/ad/5697039880?se=eqaD8FA28RGxboRaoq6V0w&utm_medium=api&utm_source=8d05c7a4&v=7170458B28E9E3453EBBE544F284E7028DE0DFEC', '2026-04-11')]
(Background on this error at: https://sqlalche.me/e/20/e3q8)
2026-04-12 19:08:20,547  WARNING     Skipping row due to error: (sqlite3.OperationalError) near "RETURNING": syntax error
[SQL: 
        INSERT INTO jobs
            (source, external_id, title, company, city, region, country,
             is_remote, salary_min, salary_max, salary_mid, url, date_posted)
        VALUES
            (?, ?, ?, ?, ?, ?, ?,
             ?, ?, ?, ?, ?, ?)
        ON CONFLICT (source, external_id) DO NOTHING
        RETURNING id;
    ]
[parameters: ('adzuna', '5693831680', 'Data Engineer', 'KBR', 'Camarillo', 'Ventura County', None, False, 171865.61, 171865.61, 171865.61, 'https://www.adzuna.com/land/ad/5693831680?se=eqaD8FA28RGxboRaoq6V0w&utm_medium=api&utm_source=8d05c7a4&v=BF70A9F448C0B15D909B106601355C69B72E6775', '2026-04-08')]
(Background on this error at: https://sqlalche.me/e/20/e3q8)
2026-04-12 19:08:20,549  WARNING     Skipping row due to error: (sqlite3.OperationalError) near "RETURNING": syntax error
[SQL: 
        INSERT INTO jobs
            (source, external_id, title, company, city, region, country,
             is_remote, salary_min, salary_max, salary_mid, url, date_posted)
        VALUES
            (?, ?, ?, ?, ?, ?, ?,
             ?, ?, ?, ?, ?, ?)
        ON CONFLICT (source, external_id) DO NOTHING
        RETURNING id;
    ]
[parameters: ('adzuna', '5684696139', 'Data Engineer', 'NTT Data Americas, Inc.', 'Grand Central', 'Manhattan', None, False, 92686.61, 92686.61, 92686.61, 'https://www.adzuna.com/land/ad/5684696139?se=eqaD8FA28RGxboRaoq6V0w&utm_medium=api&utm_source=8d05c7a4&v=FE61B27A16F91A7279F85C2FF4C0DB22C12084B2', '2026-03-31')]
(Background on this error at: https://sqlalche.me/e/20/e3q8)
2026-04-12 19:08:20,550  WARNING     Skipping row due to error: (sqlite3.OperationalError) near "RETURNING": syntax error
[SQL: 
        INSERT INTO jobs
            (source, external_id, title, company, city, region, country,
             is_remote, salary_min, salary_max, salary_mid, url, date_posted)
        VALUES
            (?, ?, ?, ?, ?, ?, ?,
             ?, ?, ?, ?, ?, ?)
        ON CONFLICT (source, external_id) DO NOTHING
        RETURNING id;
    ]
[parameters: ('adzuna', '5496415752', 'Data Engineer', 'Battelle Memorial Institute', 'Beavercrk', 'Greene County', None, False, 108557.22, 108557.22, 108557.22, 'https://www.adzuna.com/land/ad/5496415752?se=eqaD8FA28RGxboRaoq6V0w&utm_medium=api&utm_source=8d05c7a4&v=3B61310837AE757B6295E31264C581687215432F', '2025-11-14')]
(Background on this error at: https://sqlalche.me/e/20/e3q8)
2026-04-12 19:08:20,552  WARNING     Skipping row due to error: (sqlite3.OperationalError) near "RETURNING": syntax error
[SQL: 
        INSERT INTO jobs
            (source, external_id, title, company, city, region, country,
             is_remote, salary_min, salary_max, salary_mid, url, date_posted)
        VALUES
            (?, ?, ?, ?, ?, ?, ?,
             ?, ?, ?, ?, ?, ?)
        ON CONFLICT (source, external_id) DO NOTHING
        RETURNING id;
    ]
[parameters: ('adzuna', '5496415767', 'Data Engineer', 'Battelle Memorial Institute', 'Grandview Heights', 'Franklin County', None, False, 129111.87, 129111.87, 129111.87, 'https://www.adzuna.com/land/ad/5496415767?se=eqaD8FA28RGxboRaoq6V0w&utm_medium=api&utm_source=8d05c7a4&v=FBD1A54266223AE129ED3460BB3844E457BC1B71', '2025-11-14')]
(Background on this error at: https://sqlalche.me/e/20/e3q8)
2026-04-12 19:08:20,553  WARNING     Skipping row due to error: (sqlite3.OperationalError) near "RETURNING": syntax error
[SQL: 
        INSERT INTO jobs
            (source, external_id, title, company, city, region, country,
             is_remote, salary_min, salary_max, salary_mid, url, date_posted)
        VALUES
            (?, ?, ?, ?, ?, ?, ?,
             ?, ?, ?, ?, ?, ?)
        ON CONFLICT (source, external_id) DO NOTHING
        RETURNING id;
    ]
[parameters: ('adzuna', '5671544392', 'Data Engineer', 'Citigroup', 'Tyler Park', 'Hudson County', None, False, 148070.4, 148070.4, 148070.4, 'https://www.adzuna.com/land/ad/5671544392?se=eqaD8FA28RGxboRaoq6V0w&utm_medium=api&utm_source=8d05c7a4&v=E2B677EC99D827F196118AE4B1D4833DB28C64F8', '2026-03-18')]
(Background on this error at: https://sqlalche.me/e/20/e3q8)
2026-04-12 19:08:20,554  WARNING     Skipping row due to error: (sqlite3.OperationalError) near "RETURNING": syntax error
[SQL: 
        INSERT INTO jobs
            (source, external_id, title, company, city, region, country,
             is_remote, salary_min, salary_max, salary_mid, url, date_posted)
        VALUES
            (?, ?, ?, ?, ?, ?, ?,
             ?, ?, ?, ?, ?, ?)
        ON CONFLICT (source, external_id) DO NOTHING
        RETURNING id;
    ]
[parameters: ('adzuna', '5693830094', 'Data Engineer', 'Insight Global', 'San Diego', 'San Diego County', None, False, 94246.28, 94246.28, 94246.28, 'https://www.adzuna.com/land/ad/5693830094?se=eqaD8FA28RGxboRaoq6V0w&utm_medium=api&utm_source=8d05c7a4&v=46CD45CCA2DE81178D7ED93ED3A4AFC470FAE813', '2026-04-08')]
(Background on this error at: https://sqlalche.me/e/20/e3q8)
2026-04-12 19:08:20,554  WARNING     Skipping row due to error: (sqlite3.OperationalError) near "RETURNING": syntax error
[SQL: 
        INSERT INTO jobs
            (source, external_id, title, company, city, region, country,
             is_remote, salary_min, salary_max, salary_mid, url, date_posted)
        VALUES
            (?, ?, ?, ?, ?, ?, ?,
             ?, ?, ?, ?, ?, ?)
        ON CONFLICT (source, external_id) DO NOTHING
        RETURNING id;
    ]
[parameters: ('adzuna', '5680358352', 'Python Developer', 'Judge Group, Inc.', 'Wilmington', 'New Castle County', None, False, 142114.92, 142114.92, 142114.92, 'https://www.adzuna.com/land/ad/5680358352?se=uEhC8lA28RG_J8d0bkVF5A&utm_medium=api&utm_source=8d05c7a4&v=894E4DF408831F231AAEAEC1C51FD8E25AA69DA6', '2026-03-27')]
(Background on this error at: https://sqlalche.me/e/20/e3q8)
2026-04-12 19:08:20,555  WARNING     Skipping row due to error: (sqlite3.OperationalError) near "RETURNING": syntax error
[SQL: 
        INSERT INTO jobs
            (source, external_id, title, company, city, region, country,
             is_remote, salary_min, salary_max, salary_mid, url, date_posted)
        VALUES
            (?, ?, ?, ?, ?, ?, ?,
             ?, ?, ?, ?, ?, ?)
        ON CONFLICT (source, external_id) DO NOTHING
        RETURNING id;
    ]
[parameters: ('adzuna', '5680355815', 'Python Developer', 'LTIMindtree', 'Tampa Palms', 'Hillsborough County', None, False, 139695.9, 139695.9, 139695.9, 'https://www.adzuna.com/land/ad/5680355815?se=uEhC8lA28RG_J8d0bkVF5A&utm_medium=api&utm_source=8d05c7a4&v=BEB55B62F80CD24D681338C2C8CBE62469A6CC31', '2026-03-27')]
(Background on this error at: https://sqlalche.me/e/20/e3q8)
2026-04-12 19:08:20,555  WARNING     Skipping row due to error: (sqlite3.OperationalError) near "RETURNING": syntax error
[SQL: 
        INSERT INTO jobs
            (source, external_id, title, company, city, region, country,
             is_remote, salary_min, salary_max, salary_mid, url, date_posted)
        VALUES
            (?, ?, ?, ?, ?, ?, ?,
             ?, ?, ?, ?, ?, ?)
        ON CONFLICT (source, external_id) DO NOTHING
        RETURNING id;
    ]
[parameters: ('adzuna', '5692198359', 'Python Developer', 'LTIMindtree', 'Irving', 'Dallas', None, False, 100778.23, 100778.23, 100778.23, 'https://www.adzuna.com/land/ad/5692198359?se=uEhC8lA28RG_J8d0bkVF5A&utm_medium=api&utm_source=8d05c7a4&v=F6C2C6AC0C31B78196ACFD26B443CB6321476F06', '2026-04-07')]
(Background on this error at: https://sqlalche.me/e/20/e3q8)
2026-04-12 19:08:20,556  WARNING     Skipping row due to error: (sqlite3.OperationalError) near "RETURNING": syntax error
[SQL: 
        INSERT INTO jobs
            (source, external_id, title, company, city, region, country,
             is_remote, salary_min, salary_max, salary_mid, url, date_posted)
        VALUES
            (?, ?, ?, ?, ?, ?, ?,
             ?, ?, ?, ?, ?, ?)
        ON CONFLICT (source, external_id) DO NOTHING
        RETURNING id;
    ]
[parameters: ('adzuna', '5692190136', 'Python developer', 'LTIMindtree', 'Irving', 'Dallas', None, False, 93021.87, 93021.87, 93021.87, 'https://www.adzuna.com/land/ad/5692190136?se=uEhC8lA28RG_J8d0bkVF5A&utm_medium=api&utm_source=8d05c7a4&v=E4EE489D524698E30E55F4D3901334FCA8F71127', '2026-04-07')]
(Background on this error at: https://sqlalche.me/e/20/e3q8)
2026-04-12 19:08:20,558  WARNING     Skipping row due to error: (sqlite3.OperationalError) near "RETURNING": syntax error
[SQL: 
        INSERT INTO jobs
            (source, external_id, title, company, city, region, country,
             is_remote, salary_min, salary_max, salary_mid, url, date_posted)
        VALUES
            (?, ?, ?, ?, ?, ?, ?,
             ?, ?, ?, ?, ?, ?)
        ON CONFLICT (source, external_id) DO NOTHING
        RETURNING id;
    ]
[parameters: ('adzuna', '5680358196', 'Python Developer', 'Apexon', 'US', None, None, False, 150497.31, 150497.31, 150497.31, 'https://www.adzuna.com/land/ad/5680358196?se=uEhC8lA28RG_J8d0bkVF5A&utm_medium=api&utm_source=8d05c7a4&v=4174EBFACC575930AD0585C23258B8CF6871DD00', '2026-03-27')]
(Background on this error at: https://sqlalche.me/e/20/e3q8)
2026-04-12 19:08:20,558  WARNING     Skipping row due to error: (sqlite3.OperationalError) near "RETURNING": syntax error
[SQL: 
        INSERT INTO jobs
            (source, external_id, title, company, city, region, country,
             is_remote, salary_min, salary_max, salary_mid, url, date_posted)
        VALUES
            (?, ?, ?, ?, ?, ?, ?,
             ?, ?, ?, ?, ?, ?)
        ON CONFLICT (source, external_id) DO NOTHING
        RETURNING id;
    ]
[parameters: ('adzuna', '5696749609', 'Python Developer', 'TEKsystems c/o Allegis Group', 'Sun Lakes', 'Maricopa County', None, False, 120124.54, 120124.54, 120124.54, 'https://www.adzuna.com/land/ad/5696749609?se=uEhC8lA28RG_J8d0bkVF5A&utm_medium=api&utm_source=8d05c7a4&v=8F635BB0D838253D040D193FA1C04E6D885BDA8A', '2026-04-11')]
(Background on this error at: https://sqlalche.me/e/20/e3q8)
2026-04-12 19:08:20,559  WARNING     Skipping row due to error: (sqlite3.OperationalError) near "RETURNING": syntax error
[SQL: 
        INSERT INTO jobs
            (source, external_id, title, company, city, region, country,
             is_remote, salary_min, salary_max, salary_mid, url, date_posted)
        VALUES
            (?, ?, ?, ?, ?, ?, ?,
             ?, ?, ?, ?, ?, ?)
        ON CONFLICT (source, external_id) DO NOTHING
        RETURNING id;
    ]
[parameters: ('adzuna', '5661198209', 'Python Developer', 'Insight Global', 'Charlotte', 'Mecklenburg County', None, False, 72025.21, 72025.21, 72025.21, 'https://www.adzuna.com/land/ad/5661198209?se=uEhC8lA28RG_J8d0bkVF5A&utm_medium=api&utm_source=8d05c7a4&v=771E9F5EC751C455BEF7B388EFED8EC38443DC34', '2026-03-10')]
(Background on this error at: https://sqlalche.me/e/20/e3q8)
2026-04-12 19:08:20,560  WARNING     Skipping row due to error: (sqlite3.OperationalError) near "RETURNING": syntax error
[SQL: 
        INSERT INTO jobs
            (source, external_id, title, company, city, region, country,
             is_remote, salary_min, salary_max, salary_mid, url, date_posted)
        VALUES
            (?, ?, ?, ?, ?, ?, ?,
             ?, ?, ?, ?, ?, ?)
        ON CONFLICT (source, external_id) DO NOTHING
        RETURNING id;
    ]
[parameters: ('adzuna', '5690345198', 'Python Developer', 'Insight Global', 'Tyler Park', 'Hudson County', None, False, 119538.62, 119538.62, 119538.62, 'https://www.adzuna.com/land/ad/5690345198?se=uEhC8lA28RG_J8d0bkVF5A&utm_medium=api&utm_source=8d05c7a4&v=277A5193F853F9D6AFCF21DA52DB3F2C5F8F2FC7', '2026-04-04')]
(Background on this error at: https://sqlalche.me/e/20/e3q8)
2026-04-12 19:08:20,561  WARNING     Skipping row due to error: (sqlite3.OperationalError) near "RETURNING": syntax error
[SQL: 
        INSERT INTO jobs
            (source, external_id, title, company, city, region, country,
             is_remote, salary_min, salary_max, salary_mid, url, date_posted)
        VALUES
            (?, ?, ?, ?, ?, ?, ?,
             ?, ?, ?, ?, ?, ?)
        ON CONFLICT (source, external_id) DO NOTHING
        RETURNING id;
    ]
[parameters: ('adzuna', '5697151385', 'Python Developer', 'TEKsystems', 'Chandler', 'Maricopa County', None, False, 116928.98, 116928.98, 116928.98, 'https://www.adzuna.com/land/ad/5697151385?se=uEhC8lA28RG_J8d0bkVF5A&utm_medium=api&utm_source=8d05c7a4&v=9026F7F060C1BE733003CA3B9F966A7E63FA492C', '2026-04-11')]
(Background on this error at: https://sqlalche.me/e/20/e3q8)
2026-04-12 19:08:20,561  WARNING     Skipping row due to error: (sqlite3.OperationalError) near "RETURNING": syntax error
[SQL: 
        INSERT INTO jobs
            (source, external_id, title, company, city, region, country,
             is_remote, salary_min, salary_max, salary_mid, url, date_posted)
        VALUES
            (?, ?, ?, ?, ?, ?, ?,
             ?, ?, ?, ?, ?, ?)
        ON CONFLICT (source, external_id) DO NOTHING
        RETURNING id;
    ]
[parameters: ('adzuna', '5680362643', 'Lead Python Developer', 'EPAM Systems', 'US', None, None, False, 90540.73, 90540.73, 90540.73, 'https://www.adzuna.com/land/ad/5680362643?se=uEhC8lA28RG_J8d0bkVF5A&utm_medium=api&utm_source=8d05c7a4&v=CDD99E97B052593621914F33D823DEBB08F94B1D', '2026-03-27')]
(Background on this error at: https://sqlalche.me/e/20/e3q8)
2026-04-12 19:08:20,562  WARNING     Skipping row due to error: (sqlite3.OperationalError) near "RETURNING": syntax error
[SQL: 
        INSERT INTO jobs
            (source, external_id, title, company, city, region, country,
             is_remote, salary_min, salary_max, salary_mid, url, date_posted)
        VALUES
            (?, ?, ?, ?, ?, ?, ?,
             ?, ?, ?, ?, ?, ?)
        ON CONFLICT (source, external_id) DO NOTHING
        RETURNING id;
    ]
[parameters: ('adzuna', '5680352853', 'Python Developer with Quartz', 'Randstad Digital', 'Five Corners', 'Hudson County', None, False, 135097.66, 135097.66, 135097.66, 'https://www.adzuna.com/land/ad/5680352853?se=uEhC8lA28RG_J8d0bkVF5A&utm_medium=api&utm_source=8d05c7a4&v=89610C70E19D0AF1B9E432E69CCA7E2204952BCD', '2026-03-27')]
(Background on this error at: https://sqlalche.me/e/20/e3q8)
2026-04-12 19:08:20,562  WARNING     Skipping row due to error: (sqlite3.OperationalError) near "RETURNING": syntax error
[SQL: 
        INSERT INTO jobs
            (source, external_id, title, company, city, region, country,
             is_remote, salary_min, salary_max, salary_mid, url, date_posted)
        VALUES
            (?, ?, ?, ?, ?, ?, ?,
             ?, ?, ?, ?, ?, ?)
        ON CONFLICT (source, external_id) DO NOTHING
        RETURNING id;
    ]
[parameters: ('adzuna', '5680360028', 'Senior Python Developer', 'CGI', 'Reston', 'Fairfax County', None, False, 245365.3, 245365.3, 245365.3, 'https://www.adzuna.com/land/ad/5680360028?se=uEhC8lA28RG_J8d0bkVF5A&utm_medium=api&utm_source=8d05c7a4&v=8AB286CFC6EF60EF211307982B68BA7B5E93B9A9', '2026-03-27')]
(Background on this error at: https://sqlalche.me/e/20/e3q8)
2026-04-12 19:08:20,563  WARNING     Skipping row due to error: (sqlite3.OperationalError) near "RETURNING": syntax error
[SQL: 
        INSERT INTO jobs
            (source, external_id, title, company, city, region, country,
             is_remote, salary_min, salary_max, salary_mid, url, date_posted)
        VALUES
            (?, ?, ?, ?, ?, ?, ?,
             ?, ?, ?, ?, ?, ?)
        ON CONFLICT (source, external_id) DO NOTHING
        RETURNING id;
    ]
[parameters: ('adzuna', '5680352748', 'Senior Python Developer', 'CGI', 'Reston', 'Fairfax County', None, False, 255764.42, 255764.42, 255764.42, 'https://www.adzuna.com/land/ad/5680352748?se=uEhC8lA28RG_J8d0bkVF5A&utm_medium=api&utm_source=8d05c7a4&v=5B1551D476B84D52A9C19B65D11B0C9A29632C75', '2026-03-27')]
(Background on this error at: https://sqlalche.me/e/20/e3q8)
2026-04-12 19:08:20,564  WARNING     Skipping row due to error: (sqlite3.OperationalError) near "RETURNING": syntax error
[SQL: 
        INSERT INTO jobs
            (source, external_id, title, company, city, region, country,
             is_remote, salary_min, salary_max, salary_mid, url, date_posted)
        VALUES
            (?, ?, ?, ?, ?, ?, ?,
             ?, ?, ?, ?, ?, ?)
        ON CONFLICT (source, external_id) DO NOTHING
        RETURNING id;
    ]
[parameters: ('adzuna', '5680360003', 'Vue/Python Developer', 'Kforce Technology Staffing', 'Saint Paul', 'Ramsey County', None, False, 132201.66, 132201.66, 132201.66, 'https://www.adzuna.com/land/ad/5680360003?se=uEhC8lA28RG_J8d0bkVF5A&utm_medium=api&utm_source=8d05c7a4&v=FD421E5BC5D800DBFD842B043328CC0315F1189F', '2026-03-27')]
(Background on this error at: https://sqlalche.me/e/20/e3q8)
2026-04-12 19:08:20,565  WARNING     Skipping row due to error: (sqlite3.OperationalError) near "RETURNING": syntax error
[SQL: 
        INSERT INTO jobs
            (source, external_id, title, company, city, region, country,
             is_remote, salary_min, salary_max, salary_mid, url, date_posted)
        VALUES
            (?, ?, ?, ?, ?, ?, ?,
             ?, ?, ?, ?, ?, ?)
        ON CONFLICT (source, external_id) DO NOTHING
        RETURNING id;
    ]
[parameters: ('adzuna', '5684616746', 'Sr. Python Developer', 'LTIMindtree', 'Grand Central', 'Manhattan', None, False, 109631.43, 109631.43, 109631.43, 'https://www.adzuna.com/land/ad/5684616746?se=uEhC8lA28RG_J8d0bkVF5A&utm_medium=api&utm_source=8d05c7a4&v=41462CD10A34504362DFF164E51DD9B679578AAC', '2026-03-31')]
(Background on this error at: https://sqlalche.me/e/20/e3q8)
2026-04-12 19:08:20,566  WARNING     Skipping row due to error: (sqlite3.OperationalError) near "RETURNING": syntax error
[SQL: 
        INSERT INTO jobs
            (source, external_id, title, company, city, region, country,
             is_remote, salary_min, salary_max, salary_mid, url, date_posted)
        VALUES
            (?, ?, ?, ?, ?, ?, ?,
             ?, ?, ?, ?, ?, ?)
        ON CONFLICT (source, external_id) DO NOTHING
        RETURNING id;
    ]
[parameters: ('adzuna', '5680360052', 'Vue/Python Developer', 'Kforce Technology Staffing', 'Saint Paul', 'Ramsey County', None, False, 117130.21, 117130.21, 117130.21, 'https://www.adzuna.com/land/ad/5680360052?se=uEhC8lA28RG_J8d0bkVF5A&utm_medium=api&utm_source=8d05c7a4&v=0D4D0F7CBCB2F1AAC53CECB0BBB15767E952581D', '2026-03-27')]
(Background on this error at: https://sqlalche.me/e/20/e3q8)
2026-04-12 19:08:20,567  WARNING     Skipping row due to error: (sqlite3.OperationalError) near "RETURNING": syntax error
[SQL: 
        INSERT INTO jobs
            (source, external_id, title, company, city, region, country,
             is_remote, salary_min, salary_max, salary_mid, url, date_posted)
        VALUES
            (?, ?, ?, ?, ?, ?, ?,
             ?, ?, ?, ?, ?, ?)
        ON CONFLICT (source, external_id) DO NOTHING
        RETURNING id;
    ]
[parameters: ('adzuna', '5689719523', 'Senior Python Developer', 'CGI', 'Plano', 'Collin County', None, False, 123183.9, 123183.9, 123183.9, 'https://www.adzuna.com/land/ad/5689719523?se=uEhC8lA28RG_J8d0bkVF5A&utm_medium=api&utm_source=8d05c7a4&v=A253025732853A7468F55D4990EB928D49774C8B', '2026-04-04')]
(Background on this error at: https://sqlalche.me/e/20/e3q8)
2026-04-12 19:08:20,567  WARNING     Skipping row due to error: (sqlite3.OperationalError) near "RETURNING": syntax error
[SQL: 
        INSERT INTO jobs
            (source, external_id, title, company, city, region, country,
             is_remote, salary_min, salary_max, salary_mid, url, date_posted)
        VALUES
            (?, ?, ?, ?, ?, ?, ?,
             ?, ?, ?, ?, ?, ?)
        ON CONFLICT (source, external_id) DO NOTHING
        RETURNING id;
    ]
[parameters: ('adzuna', '5643245121', 'Python Developer', 'Open Systems Technologies', 'New York City', 'New York', None, False, 85340.83, 85340.83, 85340.83, 'https://www.adzuna.com/land/ad/5643245121?se=uEhC8lA28RG_J8d0bkVF5A&utm_medium=api&utm_source=8d05c7a4&v=0CD9ABD6F333085F3808ECB72A85D5409D8D82D7', '2026-02-24')]
(Background on this error at: https://sqlalche.me/e/20/e3q8)
2026-04-12 19:08:20,568  WARNING     Skipping row due to error: (sqlite3.OperationalError) near "RETURNING": syntax error
[SQL: 
        INSERT INTO jobs
            (source, external_id, title, company, city, region, country,
             is_remote, salary_min, salary_max, salary_mid, url, date_posted)
        VALUES
            (?, ?, ?, ?, ?, ?, ?,
             ?, ?, ?, ?, ?, ?)
        ON CONFLICT (source, external_id) DO NOTHING
        RETURNING id;
    ]
[parameters: ('adzuna', '5684032990', 'Python Developer', 'Korn Ferry', 'New York City', 'New York', None, False, 184116.05, 184116.05, 184116.05, 'https://www.adzuna.com/land/ad/5684032990?se=uEhC8lA28RG_J8d0bkVF5A&utm_medium=api&utm_source=8d05c7a4&v=FA9041FD9690CDCDAE834525E5131A7CE2F11E86', '2026-03-31')]
(Background on this error at: https://sqlalche.me/e/20/e3q8)
2026-04-12 19:08:20,569  WARNING     Skipping row due to error: (sqlite3.OperationalError) near "RETURNING": syntax error
[SQL: 
        INSERT INTO jobs
            (source, external_id, title, company, city, region, country,
             is_remote, salary_min, salary_max, salary_mid, url, date_posted)
        VALUES
            (?, ?, ?, ?, ?, ?, ?,
             ?, ?, ?, ?, ?, ?)
        ON CONFLICT (source, external_id) DO NOTHING
        RETURNING id;
    ]
[parameters: ('adzuna', '5638909704', 'Lead Python Developer', 'EPAM Systems', 'Pico Heights', 'Los Angeles County', None, False, 75627.91, 75627.91, 75627.91, 'https://www.adzuna.com/land/ad/5638909704?se=uEhC8lA28RG_J8d0bkVF5A&utm_medium=api&utm_source=8d05c7a4&v=738B03862C7DD8FB334E0907520A98FDEB0403E8', '2026-02-20')]
(Background on this error at: https://sqlalche.me/e/20/e3q8)
2026-04-12 19:08:20,569  WARNING     Skipping row due to error: (sqlite3.OperationalError) near "RETURNING": syntax error
[SQL: 
        INSERT INTO jobs
            (source, external_id, title, company, city, region, country,
             is_remote, salary_min, salary_max, salary_mid, url, date_posted)
        VALUES
            (?, ?, ?, ?, ?, ?, ?,
             ?, ?, ?, ?, ?, ?)
        ON CONFLICT (source, external_id) DO NOTHING
        RETURNING id;
    ]
[parameters: ('adzuna', '5638909727', 'Lead Python Developer', 'EPAM Systems', 'Campbell', 'Santa Clara County', None, False, 70761.7, 70761.7, 70761.7, 'https://www.adzuna.com/land/ad/5638909727?se=uEhC8lA28RG_J8d0bkVF5A&utm_medium=api&utm_source=8d05c7a4&v=C30C2707DE9093DA4DC8A91E9C00B5550810F4FC', '2026-02-20')]
(Background on this error at: https://sqlalche.me/e/20/e3q8)
2026-04-12 19:08:20,570  WARNING     Skipping row due to error: (sqlite3.OperationalError) near "RETURNING": syntax error
[SQL: 
        INSERT INTO jobs
            (source, external_id, title, company, city, region, country,
             is_remote, salary_min, salary_max, salary_mid, url, date_posted)
        VALUES
            (?, ?, ?, ?, ?, ?, ?,
             ?, ?, ?, ?, ?, ?)
        ON CONFLICT (source, external_id) DO NOTHING
        RETURNING id;
    ]
[parameters: ('adzuna', '5638909709', 'Lead Python Developer', 'EPAM Systems', 'SoMa', 'San Francisco', None, False, 77177.51, 77177.51, 77177.51, 'https://www.adzuna.com/land/ad/5638909709?se=uEhC8lA28RG_J8d0bkVF5A&utm_medium=api&utm_source=8d05c7a4&v=BBDE466D2A5251A486726E31C0BD33E55C96B0E5', '2026-02-20')]
(Background on this error at: https://sqlalche.me/e/20/e3q8)
2026-04-12 19:08:20,571  WARNING     Skipping row due to error: (sqlite3.OperationalError) near "RETURNING": syntax error
[SQL: 
        INSERT INTO jobs
            (source, external_id, title, company, city, region, country,
             is_remote, salary_min, salary_max, salary_mid, url, date_posted)
        VALUES
            (?, ?, ?, ?, ?, ?, ?,
             ?, ?, ?, ?, ?, ?)
        ON CONFLICT (source, external_id) DO NOTHING
        RETURNING id;
    ]
[parameters: ('adzuna', '5680358833', 'Software Engineer - Python Development', 'Thermo Fisher Scientific', 'Melrose', 'Paulding County', None, False, 123016.14, 123016.14, 123016.14, 'https://www.adzuna.com/land/ad/5680358833?se=uEhC8lA28RG_J8d0bkVF5A&utm_medium=api&utm_source=8d05c7a4&v=A65F99A0DF870B0C1C23EC16CBED41A0226E7483', '2026-03-27')]
(Background on this error at: https://sqlalche.me/e/20/e3q8)
2026-04-12 19:08:20,572  WARNING     Skipping row due to error: (sqlite3.OperationalError) near "RETURNING": syntax error
[SQL: 
        INSERT INTO jobs
            (source, external_id, title, company, city, region, country,
             is_remote, salary_min, salary_max, salary_mid, url, date_posted)
        VALUES
            (?, ?, ?, ?, ?, ?, ?,
             ?, ?, ?, ?, ?, ?)
        ON CONFLICT (source, external_id) DO NOTHING
        RETURNING id;
    ]
[parameters: ('adzuna', '5674311360', 'Python Developer with React', 'HTC Global Services Inc', 'Sun Prairie', 'Dane County', None, False, 93051.68, 93051.68, 93051.68, 'https://www.adzuna.com/land/ad/5674311360?se=uEhC8lA28RG_J8d0bkVF5A&utm_medium=api&utm_source=8d05c7a4&v=E054B942D32472C4D07C386FD712807DCDB791A2', '2026-03-21')]
(Background on this error at: https://sqlalche.me/e/20/e3q8)
2026-04-12 19:08:20,573  WARNING     Skipping row due to error: (sqlite3.OperationalError) near "RETURNING": syntax error
[SQL: 
        INSERT INTO jobs
            (source, external_id, title, company, city, region, country,
             is_remote, salary_min, salary_max, salary_mid, url, date_posted)
        VALUES
            (?, ?, ?, ?, ?, ?, ?,
             ?, ?, ?, ?, ?, ?)
        ON CONFLICT (source, external_id) DO NOTHING
        RETURNING id;
    ]
[parameters: ('adzuna', '5680445920', 'Senior Backend Python Developer (Quartz)', 'Randstad Digital', 'Five Corners', 'Hudson County', None, False, 133515.69, 133515.69, 133515.69, 'https://www.adzuna.com/land/ad/5680445920?se=uEhC8lA28RG_J8d0bkVF5A&utm_medium=api&utm_source=8d05c7a4&v=FEB08C5FD62047282314F6A1DED7B59C4D5A2314', '2026-03-27')]
(Background on this error at: https://sqlalche.me/e/20/e3q8)
2026-04-12 19:08:20,574  WARNING     Skipping row due to error: (sqlite3.OperationalError) near "RETURNING": syntax error
[SQL: 
        INSERT INTO jobs
            (source, external_id, title, company, city, region, country,
             is_remote, salary_min, salary_max, salary_mid, url, date_posted)
        VALUES
            (?, ?, ?, ?, ?, ?, ?,
             ?, ?, ?, ?, ?, ?)
        ON CONFLICT (source, external_id) DO NOTHING
        RETURNING id;
    ]
[parameters: ('adzuna', '5653159716', 'Python Developer (Risk Technology)', 'SMBC', 'Charlotte', 'Mecklenburg County', None, False, 83889.72, 83889.72, 83889.72, 'https://www.adzuna.com/land/ad/5653159716?se=uEhC8lA28RG_J8d0bkVF5A&utm_medium=api&utm_source=8d05c7a4&v=B981C793543D35C6BC2663808CD64F78A2367C9F', '2026-03-03')]
(Background on this error at: https://sqlalche.me/e/20/e3q8)
2026-04-12 19:08:20,575  WARNING     Skipping row due to error: (sqlite3.OperationalError) near "RETURNING": syntax error
[SQL: 
        INSERT INTO jobs
            (source, external_id, title, company, city, region, country,
             is_remote, salary_min, salary_max, salary_mid, url, date_posted)
        VALUES
            (?, ?, ?, ?, ?, ?, ?,
             ?, ?, ?, ?, ?, ?)
        ON CONFLICT (source, external_id) DO NOTHING
        RETURNING id;
    ]
[parameters: ('adzuna', '5398352481', 'Software Engineer - Python Development', 'ThermoFisher Scientific', 'Madison', 'Dane County', None, False, 120493.41, 120493.41, 120493.41, 'https://www.adzuna.com/land/ad/5398352481?se=uEhC8lA28RG_J8d0bkVF5A&utm_medium=api&utm_source=8d05c7a4&v=0E3AD2E087FF6CEF07A9468E38DA738E0F2C7208', '2025-09-13')]
(Background on this error at: https://sqlalche.me/e/20/e3q8)
2026-04-12 19:08:20,576  WARNING     Skipping row due to error: (sqlite3.OperationalError) near "RETURNING": syntax error
[SQL: 
        INSERT INTO jobs
            (source, external_id, title, company, city, region, country,
             is_remote, salary_min, salary_max, salary_mid, url, date_posted)
        VALUES
            (?, ?, ?, ?, ?, ?, ?,
             ?, ?, ?, ?, ?, ?)
        ON CONFLICT (source, external_id) DO NOTHING
        RETURNING id;
    ]
[parameters: ('adzuna', '5683631563', 'Senior C#/Python Developer w/ AI', 'Randstad Digital', 'Chantilly', 'Fairfax County', None, False, 79183.09, 79183.09, 79183.09, 'https://www.adzuna.com/land/ad/5683631563?se=uEhC8lA28RG_J8d0bkVF5A&utm_medium=api&utm_source=8d05c7a4&v=1EEE93B7FF9F3C7918C80BC96334D69F0699A6F8', '2026-03-30')]
(Background on this error at: https://sqlalche.me/e/20/e3q8)
2026-04-12 19:08:20,576  WARNING     Skipping row due to error: (sqlite3.OperationalError) near "RETURNING": syntax error
[SQL: 
        INSERT INTO jobs
            (source, external_id, title, company, city, region, country,
             is_remote, salary_min, salary_max, salary_mid, url, date_posted)
        VALUES
            (?, ?, ?, ?, ?, ?, ?,
             ?, ?, ?, ?, ?, ?)
        ON CONFLICT (source, external_id) DO NOTHING
        RETURNING id;
    ]
[parameters: ('adzuna', '5680356563', 'Lead Python developer (GenAI/Microservices focused)', 'Toyota Motor North America', 'Plano', 'Collin County', None, False, 91772.39, 91772.39, 91772.39, 'https://www.adzuna.com/land/ad/5680356563?se=uEhC8lA28RG_J8d0bkVF5A&utm_medium=api&utm_source=8d05c7a4&v=E2967A8AA2C22CC0B240BC2A704D6A6F7B35C16C', '2026-03-27')]
(Background on this error at: https://sqlalche.me/e/20/e3q8)
2026-04-12 19:08:20,577  WARNING     Skipping row due to error: (sqlite3.OperationalError) near "RETURNING": syntax error
[SQL: 
        INSERT INTO jobs
            (source, external_id, title, company, city, region, country,
             is_remote, salary_min, salary_max, salary_mid, url, date_posted)
        VALUES
            (?, ?, ?, ?, ?, ?, ?,
             ?, ?, ?, ?, ?, ?)
        ON CONFLICT (source, external_id) DO NOTHING
        RETURNING id;
    ]
[parameters: ('adzuna', '5697267820', 'Lead Python Developer, Data Analytics', 'CVS Health', 'Bonnie', 'Utah County', None, False, 138440.36, 138440.36, 138440.36, 'https://www.adzuna.com/land/ad/5697267820?se=uEhC8lA28RG_J8d0bkVF5A&utm_medium=api&utm_source=8d05c7a4&v=FB382C41BE11CA8C70DA1C0D48A3DFBD39CA9554', '2026-04-12')]
(Background on this error at: https://sqlalche.me/e/20/e3q8)
2026-04-12 19:08:20,578  WARNING     Skipping row due to error: (sqlite3.OperationalError) near "RETURNING": syntax error
[SQL: 
        INSERT INTO jobs
            (source, external_id, title, company, city, region, country,
             is_remote, salary_min, salary_max, salary_mid, url, date_posted)
        VALUES
            (?, ?, ?, ?, ?, ?, ?,
             ?, ?, ?, ?, ?, ?)
        ON CONFLICT (source, external_id) DO NOTHING
        RETURNING id;
    ]
[parameters: ('adzuna', '5697269174', 'Lead Python Developer, Data Analytics', 'CVS Health', 'Tumwater', 'Thurston County', None, False, 136609.47, 136609.47, 136609.47, 'https://www.adzuna.com/land/ad/5697269174?se=uEhC8lA28RG_J8d0bkVF5A&utm_medium=api&utm_source=8d05c7a4&v=BE29E4BBDAC3A012C0A0917307E6B419510A9563', '2026-04-12')]
(Background on this error at: https://sqlalche.me/e/20/e3q8)
2026-04-12 19:08:20,661  WARNING     Skipping row due to error: (sqlite3.OperationalError) near "RETURNING": syntax error
[SQL: 
        INSERT INTO jobs
            (source, external_id, title, company, city, region, country,
             is_remote, salary_min, salary_max, salary_mid, url, date_posted)
        VALUES
            (?, ?, ?, ?, ?, ?, ?,
             ?, ?, ?, ?, ?, ?)
        ON CONFLICT (source, external_id) DO NOTHING
        RETURNING id;
    ]
[parameters: ('adzuna', '5697120728', 'Lead Python Developer, Data Analytics', 'CVS Health', 'Boston', 'Suffolk County', None, False, 126853.45, 126853.45, 126853.45, 'https://www.adzuna.com/land/ad/5697120728?se=uEhC8lA28RG_J8d0bkVF5A&utm_medium=api&utm_source=8d05c7a4&v=E7740BF6BE8010F9DBB18E272ED34DE1EA2B3026', '2026-04-11')]
(Background on this error at: https://sqlalche.me/e/20/e3q8)
2026-04-12 19:08:20,662  WARNING     Skipping row due to error: (sqlite3.OperationalError) near "RETURNING": syntax error
[SQL: 
        INSERT INTO jobs
            (source, external_id, title, company, city, region, country,
             is_remote, salary_min, salary_max, salary_mid, url, date_posted)
        VALUES
            (?, ?, ?, ?, ?, ?, ?,
             ?, ?, ?, ?, ?, ?)
        ON CONFLICT (source, external_id) DO NOTHING
        RETURNING id;
    ]
[parameters: ('adzuna', '5697217857', 'Lead Python Developer, Data Analytics', 'CVS Health', 'Charleston', 'Kanawha County', None, False, 138684.16, 138684.16, 138684.16, 'https://www.adzuna.com/land/ad/5697217857?se=uEhC8lA28RG_J8d0bkVF5A&utm_medium=api&utm_source=8d05c7a4&v=D8D95BB257FDC9E5A8E2A0C7AD6FB91E7529E860', '2026-04-11')]
(Background on this error at: https://sqlalche.me/e/20/e3q8)
2026-04-12 19:08:20,663  WARNING     Skipping row due to error: (sqlite3.OperationalError) near "RETURNING": syntax error
[SQL: 
        INSERT INTO jobs
            (source, external_id, title, company, city, region, country,
             is_remote, salary_min, salary_max, salary_mid, url, date_posted)
        VALUES
            (?, ?, ?, ?, ?, ?, ?,
             ?, ?, ?, ?, ?, ?)
        ON CONFLICT (source, external_id) DO NOTHING
        RETURNING id;
    ]
[parameters: ('adzuna', '5697176242', 'Lead Python Developer, Data Analytics', 'CVS Health', 'Jackson', 'Hinds County', None, False, 123296.97, 123296.97, 123296.97, 'https://www.adzuna.com/land/ad/5697176242?se=uEhC8lA28RG_J8d0bkVF5A&utm_medium=api&utm_source=8d05c7a4&v=378265D9320FE2F16B212C14348C6B7BF12B91C7', '2026-04-11')]
(Background on this error at: https://sqlalche.me/e/20/e3q8)
2026-04-12 19:08:20,664  WARNING     Skipping row due to error: (sqlite3.OperationalError) near "RETURNING": syntax error
[SQL: 
        INSERT INTO jobs
            (source, external_id, title, company, city, region, country,
             is_remote, salary_min, salary_max, salary_mid, url, date_posted)
        VALUES
            (?, ?, ?, ?, ?, ?, ?,
             ?, ?, ?, ?, ?, ?)
        ON CONFLICT (source, external_id) DO NOTHING
        RETURNING id;
    ]
[parameters: ('adzuna', '5697217209', 'Lead Python Developer, Data Analytics', 'CVS Health', 'Montpelier', 'Washington County', None, False, 131764.27, 131764.27, 131764.27, 'https://www.adzuna.com/land/ad/5697217209?se=uEhC8lA28RG_J8d0bkVF5A&utm_medium=api&utm_source=8d05c7a4&v=075C6806ECB7F4997C8C328141FC8563D49BE326', '2026-04-11')]
(Background on this error at: https://sqlalche.me/e/20/e3q8)
2026-04-12 19:08:20,665  WARNING     Skipping row due to error: (sqlite3.OperationalError) near "RETURNING": syntax error
[SQL: 
        INSERT INTO jobs
            (source, external_id, title, company, city, region, country,
             is_remote, salary_min, salary_max, salary_mid, url, date_posted)
        VALUES
            (?, ?, ?, ?, ?, ?, ?,
             ?, ?, ?, ?, ?, ?)
        ON CONFLICT (source, external_id) DO NOTHING
        RETURNING id;
    ]
[parameters: ('adzuna', '5697037018', 'Lead Python Developer, Data Analytics', 'CVS Health', 'La Cienga', 'Santa Fe County', None, False, 184978.27, 184978.27, 184978.27, 'https://www.adzuna.com/land/ad/5697037018?se=uEhC8lA28RG_J8d0bkVF5A&utm_medium=api&utm_source=8d05c7a4&v=15F9010240041621148CD40EE770BEF4F2E810A7', '2026-04-11')]
(Background on this error at: https://sqlalche.me/e/20/e3q8)
2026-04-12 19:08:20,665  WARNING     Skipping row due to error: (sqlite3.OperationalError) near "RETURNING": syntax error
[SQL: 
        INSERT INTO jobs
            (source, external_id, title, company, city, region, country,
             is_remote, salary_min, salary_max, salary_mid, url, date_posted)
        VALUES
            (?, ?, ?, ?, ?, ?, ?,
             ?, ?, ?, ?, ?, ?)
        ON CONFLICT (source, external_id) DO NOTHING
        RETURNING id;
    ]
[parameters: ('adzuna', '5697038033', 'Lead Python Developer, Data Analytics', 'CVS Health', 'Annapolis', 'Anne Arundel County', None, False, 165402.66, 165402.66, 165402.66, 'https://www.adzuna.com/land/ad/5697038033?se=uEhC8lA28RG_J8d0bkVF5A&utm_medium=api&utm_source=8d05c7a4&v=B83980A7135CC9104D7C9551CFA6979304A0A953', '2026-04-11')]
(Background on this error at: https://sqlalche.me/e/20/e3q8)
2026-04-12 19:08:20,666  WARNING     Skipping row due to error: (sqlite3.OperationalError) near "RETURNING": syntax error
[SQL: 
        INSERT INTO jobs
            (source, external_id, title, company, city, region, country,
             is_remote, salary_min, salary_max, salary_mid, url, date_posted)
        VALUES
            (?, ?, ?, ?, ?, ?, ?,
             ?, ?, ?, ?, ?, ?)
        ON CONFLICT (source, external_id) DO NOTHING
        RETURNING id;
    ]
[parameters: ('adzuna', '5697116473', 'Lead Python Developer, Data Analytics', 'CVS Health', 'Uptown', 'Marion County', None, False, 165061.17, 165061.17, 165061.17, 'https://www.adzuna.com/land/ad/5697116473?se=uEhC8lA28RG_J8d0bkVF5A&utm_medium=api&utm_source=8d05c7a4&v=48B82660163140E57B8C743AA5B2A1459D733CBF', '2026-04-11')]
(Background on this error at: https://sqlalche.me/e/20/e3q8)
2026-04-12 19:08:20,666  WARNING     Skipping row due to error: (sqlite3.OperationalError) near "RETURNING": syntax error
[SQL: 
        INSERT INTO jobs
            (source, external_id, title, company, city, region, country,
             is_remote, salary_min, salary_max, salary_mid, url, date_posted)
        VALUES
            (?, ?, ?, ?, ?, ?, ?,
             ?, ?, ?, ?, ?, ?)
        ON CONFLICT (source, external_id) DO NOTHING
        RETURNING id;
    ]
[parameters: ('adzuna', '5697120899', 'Lead Python Developer, Data Analytics', 'CVS Health', 'Atlanta', 'Fulton County', None, False, 189260.36, 189260.36, 189260.36, 'https://www.adzuna.com/land/ad/5697120899?se=uEhC8lA28RG_J8d0bkVF5A&utm_medium=api&utm_source=8d05c7a4&v=2A8D3C9957468212DAA81F2D3D43ED384C51BF97', '2026-04-11')]
(Background on this error at: https://sqlalche.me/e/20/e3q8)
2026-04-12 19:08:20,667  WARNING     Skipping row due to error: (sqlite3.OperationalError) near "RETURNING": syntax error
[SQL: 
        INSERT INTO jobs
            (source, external_id, title, company, city, region, country,
             is_remote, salary_min, salary_max, salary_mid, url, date_posted)
        VALUES
            (?, ?, ?, ?, ?, ?, ?,
             ?, ?, ?, ?, ?, ?)
        ON CONFLICT (source, external_id) DO NOTHING
        RETURNING id;
    ]
[parameters: ('adzuna', '5697086778', 'Lead Python Developer, Data Analytics', 'CVS Health', 'Helena', 'Lewis and Clark County', None, False, 137244.77, 137244.77, 137244.77, 'https://www.adzuna.com/land/ad/5697086778?se=uEhC8lA28RG_J8d0bkVF5A&utm_medium=api&utm_source=8d05c7a4&v=39D5D9F46498F4F033CA2EDC202EDA61CBBF1B64', '2026-04-11')]
(Background on this error at: https://sqlalche.me/e/20/e3q8)
2026-04-12 19:08:20,668  WARNING     Skipping row due to error: (sqlite3.OperationalError) near "RETURNING": syntax error
[SQL: 
        INSERT INTO jobs
            (source, external_id, title, company, city, region, country,
             is_remote, salary_min, salary_max, salary_mid, url, date_posted)
        VALUES
            (?, ?, ?, ?, ?, ?, ?,
             ?, ?, ?, ?, ?, ?)
        ON CONFLICT (source, external_id) DO NOTHING
        RETURNING id;
    ]
[parameters: ('adzuna', '5697112485', 'Lead Python Developer, Data Analytics', 'CVS Health', 'Wyoming', 'Kent County', None, False, 169640.56, 169640.56, 169640.56, 'https://www.adzuna.com/land/ad/5697112485?se=uEhC8lA28RG_J8d0bkVF5A&utm_medium=api&utm_source=8d05c7a4&v=AEE1D822390BCB31464B1F2E9CF47B39903CA6C0', '2026-04-11')]
(Background on this error at: https://sqlalche.me/e/20/e3q8)
2026-04-12 19:08:20,669  WARNING     Skipping row due to error: (sqlite3.OperationalError) near "RETURNING": syntax error
[SQL: 
        INSERT INTO jobs
            (source, external_id, title, company, city, region, country,
             is_remote, salary_min, salary_max, salary_mid, url, date_posted)
        VALUES
            (?, ?, ?, ?, ?, ?, ?,
             ?, ?, ?, ?, ?, ?)
        ON CONFLICT (source, external_id) DO NOTHING
        RETURNING id;
    ]
[parameters: ('adzuna', '5697109758', 'Lead Python Developer, Data Analytics', 'CVS Health', 'Archer', 'Laramie County', None, False, 155696.17, 155696.17, 155696.17, 'https://www.adzuna.com/land/ad/5697109758?se=uEhC8lA28RG_J8d0bkVF5A&utm_medium=api&utm_source=8d05c7a4&v=C807784182C0A0973C7F449B4D2B72F27FAFF1D5', '2026-04-11')]
(Background on this error at: https://sqlalche.me/e/20/e3q8)
2026-04-12 19:08:20,670  WARNING     Skipping row due to error: (sqlite3.OperationalError) near "RETURNING": syntax error
[SQL: 
        INSERT INTO jobs
            (source, external_id, title, company, city, region, country,
             is_remote, salary_min, salary_max, salary_mid, url, date_posted)
        VALUES
            (?, ?, ?, ?, ?, ?, ?,
             ?, ?, ?, ?, ?, ?)
        ON CONFLICT (source, external_id) DO NOTHING
        RETURNING id;
    ]
[parameters: ('adzuna', '5697125344', 'Lead Python Developer, Data Analytics', 'CVS Health', 'Cary', 'Wake County', None, False, 145548.64, 145548.64, 145548.64, 'https://www.adzuna.com/land/ad/5697125344?se=uEhC8lA28RG_J8d0bkVF5A&utm_medium=api&utm_source=8d05c7a4&v=023F52FD606DEEFFF47DDF5B6CA66932EDEAB975', '2026-04-11')]
(Background on this error at: https://sqlalche.me/e/20/e3q8)
2026-04-12 19:08:20,671  WARNING     Skipping row due to error: (sqlite3.OperationalError) near "RETURNING": syntax error
[SQL: 
        INSERT INTO jobs
            (source, external_id, title, company, city, region, country,
             is_remote, salary_min, salary_max, salary_mid, url, date_posted)
        VALUES
            (?, ?, ?, ?, ?, ?, ?,
             ?, ?, ?, ?, ?, ?)
        ON CONFLICT (source, external_id) DO NOTHING
        RETURNING id;
    ]
[parameters: ('adzuna', '5697125770', 'Lead Python Developer, Data Analytics', 'CVS Health', 'Five Points', 'Wake County', None, False, 150407.06, 150407.06, 150407.06, 'https://www.adzuna.com/land/ad/5697125770?se=uEhC8lA28RG_J8d0bkVF5A&utm_medium=api&utm_source=8d05c7a4&v=5F9AD9E4E5D5B2EF827B47ED267AE972BE35484B', '2026-04-11')]
(Background on this error at: https://sqlalche.me/e/20/e3q8)
2026-04-12 19:08:20,672  WARNING     Skipping row due to error: (sqlite3.OperationalError) near "RETURNING": syntax error
[SQL: 
        INSERT INTO jobs
            (source, external_id, title, company, city, region, country,
             is_remote, salary_min, salary_max, salary_mid, url, date_posted)
        VALUES
            (?, ?, ?, ?, ?, ?, ?,
             ?, ?, ?, ?, ?, ?)
        ON CONFLICT (source, external_id) DO NOTHING
        RETURNING id;
    ]
[parameters: ('adzuna', '5697119103', 'Lead Python Developer, Data Analytics', 'CVS Health', 'Phoenix', 'Maricopa County', None, False, 128001.11, 128001.11, 128001.11, 'https://www.adzuna.com/land/ad/5697119103?se=uEhC8lA28RG_J8d0bkVF5A&utm_medium=api&utm_source=8d05c7a4&v=A0CC845454CD54F9284A6EC950D087F278F5AA87', '2026-04-11')]
(Background on this error at: https://sqlalche.me/e/20/e3q8)
2026-04-12 19:08:20,673  WARNING     Skipping row due to error: (sqlite3.OperationalError) near "RETURNING": syntax error
[SQL: 
        INSERT INTO jobs
            (source, external_id, title, company, city, region, country,
             is_remote, salary_min, salary_max, salary_mid, url, date_posted)
        VALUES
            (?, ?, ?, ?, ?, ?, ?,
             ?, ?, ?, ?, ?, ?)
        ON CONFLICT (source, external_id) DO NOTHING
        RETURNING id;
    ]
[parameters: ('adzuna', '5697119756', 'Lead Python Developer, Data Analytics', 'CVS Health', 'Nashville', 'Davidson County', None, False, 139323.52, 139323.52, 139323.52, 'https://www.adzuna.com/land/ad/5697119756?se=uEhC8lA28RG_J8d0bkVF5A&utm_medium=api&utm_source=8d05c7a4&v=5AB0978922879ABE59EB80E18F4689F84A02A837', '2026-04-11')]
(Background on this error at: https://sqlalche.me/e/20/e3q8)
2026-04-12 19:08:20,674  WARNING     Skipping row due to error: (sqlite3.OperationalError) near "RETURNING": syntax error
[SQL: 
        INSERT INTO jobs
            (source, external_id, title, company, city, region, country,
             is_remote, salary_min, salary_max, salary_mid, url, date_posted)
        VALUES
            (?, ?, ?, ?, ?, ?, ?,
             ?, ?, ?, ?, ?, ?)
        ON CONFLICT (source, external_id) DO NOTHING
        RETURNING id;
    ]
[parameters: ('adzuna', '5697125407', 'Lead Python Developer, Data Analytics', 'CVS Health', 'High Point', 'Guilford County', None, False, 133427.86, 133427.86, 133427.86, 'https://www.adzuna.com/land/ad/5697125407?se=uEhC8lA28RG_J8d0bkVF5A&utm_medium=api&utm_source=8d05c7a4&v=E9564BE439A8F62C7F756949359F0C8B7D9DE521', '2026-04-11')]
(Background on this error at: https://sqlalche.me/e/20/e3q8)
2026-04-12 19:08:20,675  WARNING     Skipping row due to error: (sqlite3.OperationalError) near "RETURNING": syntax error
[SQL: 
        INSERT INTO jobs
            (source, external_id, title, company, city, region, country,
             is_remote, salary_min, salary_max, salary_mid, url, date_posted)
        VALUES
            (?, ?, ?, ?, ?, ?, ?,
             ?, ?, ?, ?, ?, ?)
        ON CONFLICT (source, external_id) DO NOTHING
        RETURNING id;
    ]
[parameters: ('adzuna', '5697093125', 'Lead Python Developer, Data Analytics', 'CVS Health', 'Oklahoma City', 'Oklahoma County', None, False, 132413.64, 132413.64, 132413.64, 'https://www.adzuna.com/land/ad/5697093125?se=uEhC8lA28RG_J8d0bkVF5A&utm_medium=api&utm_source=8d05c7a4&v=5E153A75EC31830BD8588182F63F03DC453C8654', '2026-04-11')]
(Background on this error at: https://sqlalche.me/e/20/e3q8)
2026-04-12 19:08:20,676  WARNING     Skipping row due to error: (sqlite3.OperationalError) near "RETURNING": syntax error
[SQL: 
        INSERT INTO jobs
            (source, external_id, title, company, city, region, country,
             is_remote, salary_min, salary_max, salary_mid, url, date_posted)
        VALUES
            (?, ?, ?, ?, ?, ?, ?,
             ?, ?, ?, ?, ?, ?)
        ON CONFLICT (source, external_id) DO NOTHING
        RETURNING id;
    ]
[parameters: ('adzuna', '5697099361', 'Lead Python Developer, Data Analytics', 'CVS Health', 'Glendale', 'Denver', None, False, 158424.28, 158424.28, 158424.28, 'https://www.adzuna.com/land/ad/5697099361?se=uEhC8lA28RG_J8d0bkVF5A&utm_medium=api&utm_source=8d05c7a4&v=D44723F5769C6D47D0C657F554C79EBAD1B9B15B', '2026-04-11')]
(Background on this error at: https://sqlalche.me/e/20/e3q8)
2026-04-12 19:08:20,677  WARNING     Skipping row due to error: (sqlite3.OperationalError) near "RETURNING": syntax error
[SQL: 
        INSERT INTO jobs
            (source, external_id, title, company, city, region, country,
             is_remote, salary_min, salary_max, salary_mid, url, date_posted)
        VALUES
            (?, ?, ?, ?, ?, ?, ?,
             ?, ?, ?, ?, ?, ?)
        ON CONFLICT (source, external_id) DO NOTHING
        RETURNING id;
    ]
[parameters: ('adzuna', '5697093041', 'Lead Python Developer, Data Analytics', 'CVS Health', 'Baton Rouge', 'East Baton Rouge Parish', None, False, 131233.05, 131233.05, 131233.05, 'https://www.adzuna.com/land/ad/5697093041?se=uEhC8lA28RG_J8d0bkVF5A&utm_medium=api&utm_source=8d05c7a4&v=ACCC357E9F3F98EAC87C6C75186D07E8AD69C305', '2026-04-11')]
(Background on this error at: https://sqlalche.me/e/20/e3q8)
2026-04-12 19:08:20,679  WARNING     Skipping row due to error: (sqlite3.OperationalError) near "RETURNING": syntax error
[SQL: 
        INSERT INTO jobs
            (source, external_id, title, company, city, region, country,
             is_remote, salary_min, salary_max, salary_mid, url, date_posted)
        VALUES
            (?, ?, ?, ?, ?, ?, ?,
             ?, ?, ?, ?, ?, ?)
        ON CONFLICT (source, external_id) DO NOTHING
        RETURNING id;
    ]
[parameters: ('adzuna', '5697093868', 'Lead Python Developer, Data Analytics', 'CVS Health', 'Cammack Village', 'Pulaski County', None, False, 202099.72, 202099.72, 202099.72, 'https://www.adzuna.com/land/ad/5697093868?se=tJOV81A28RG_J8d0bkVF5A&utm_medium=api&utm_source=8d05c7a4&v=D93FD15BE57993C8CF53DACEB24373EAF0D4CD27', '2026-04-11')]
(Background on this error at: https://sqlalche.me/e/20/e3q8)
2026-04-12 19:08:20,679  WARNING     Skipping row due to error: (sqlite3.OperationalError) near "RETURNING": syntax error
[SQL: 
        INSERT INTO jobs
            (source, external_id, title, company, city, region, country,
             is_remote, salary_min, salary_max, salary_mid, url, date_posted)
        VALUES
            (?, ?, ?, ?, ?, ?, ?,
             ?, ?, ?, ?, ?, ?)
        ON CONFLICT (source, external_id) DO NOTHING
        RETURNING id;
    ]
[parameters: ('adzuna', '5697093895', 'Lead Python Developer, Data Analytics', 'CVS Health', 'Salem', 'Marion County', None, False, 128621.02, 128621.02, 128621.02, 'https://www.adzuna.com/land/ad/5697093895?se=tJOV81A28RG_J8d0bkVF5A&utm_medium=api&utm_source=8d05c7a4&v=B0D2493964F9D05A839B489E8405972B1006F88C', '2026-04-11')]
(Background on this error at: https://sqlalche.me/e/20/e3q8)
2026-04-12 19:08:20,680  WARNING     Skipping row due to error: (sqlite3.OperationalError) near "RETURNING": syntax error
[SQL: 
        INSERT INTO jobs
            (source, external_id, title, company, city, region, country,
             is_remote, salary_min, salary_max, salary_mid, url, date_posted)
        VALUES
            (?, ?, ?, ?, ?, ?, ?,
             ?, ?, ?, ?, ?, ?)
        ON CONFLICT (source, external_id) DO NOTHING
        RETURNING id;
    ]
[parameters: ('adzuna', '5697112694', 'Lead Python Developer, Data Analytics', 'CVS Health', 'Bismarck', 'Burleigh County', None, False, 128861.91, 128861.91, 128861.91, 'https://www.adzuna.com/land/ad/5697112694?se=tJOV81A28RG_J8d0bkVF5A&utm_medium=api&utm_source=8d05c7a4&v=9B62FE5B31C3695A83F64061ED18946F571E749D', '2026-04-11')]
(Background on this error at: https://sqlalche.me/e/20/e3q8)
2026-04-12 19:08:20,681  WARNING     Skipping row due to error: (sqlite3.OperationalError) near "RETURNING": syntax error
[SQL: 
        INSERT INTO jobs
            (source, external_id, title, company, city, region, country,
             is_remote, salary_min, salary_max, salary_mid, url, date_posted)
        VALUES
            (?, ?, ?, ?, ?, ?, ?,
             ?, ?, ?, ?, ?, ?)
        ON CONFLICT (source, external_id) DO NOTHING
        RETURNING id;
    ]
[parameters: ('adzuna', '5697112479', 'Lead Python Developer, Data Analytics', 'CVS Health', 'Boise', 'Ada County', None, False, 132786.44, 132786.44, 132786.44, 'https://www.adzuna.com/land/ad/5697112479?se=tJOV81A28RG_J8d0bkVF5A&utm_medium=api&utm_source=8d05c7a4&v=F59938151306066B5E9057163C65FE99A48DF682', '2026-04-11')]
(Background on this error at: https://sqlalche.me/e/20/e3q8)
2026-04-12 19:08:20,682  WARNING     Skipping row due to error: (sqlite3.OperationalError) near "RETURNING": syntax error
[SQL: 
        INSERT INTO jobs
            (source, external_id, title, company, city, region, country,
             is_remote, salary_min, salary_max, salary_mid, url, date_posted)
        VALUES
            (?, ?, ?, ?, ?, ?, ?,
             ?, ?, ?, ?, ?, ?)
        ON CONFLICT (source, external_id) DO NOTHING
        RETURNING id;
    ]
[parameters: ('adzuna', '5697112806', 'Lead Python Developer, Data Analytics', 'CVS Health', 'Washington', 'D.C.', 'US', False, 137065.44, 137065.44, 137065.44, 'https://www.adzuna.com/land/ad/5697112806?se=tJOV81A28RG_J8d0bkVF5A&utm_medium=api&utm_source=8d05c7a4&v=1AE4024C3C6B14E0285ABFDE1F397A87FBE10AEC', '2026-04-11')]
(Background on this error at: https://sqlalche.me/e/20/e3q8)
2026-04-12 19:08:20,683  WARNING     Skipping row due to error: (sqlite3.OperationalError) near "RETURNING": syntax error
[SQL: 
        INSERT INTO jobs
            (source, external_id, title, company, city, region, country,
             is_remote, salary_min, salary_max, salary_mid, url, date_posted)
        VALUES
            (?, ?, ?, ?, ?, ?, ?,
             ?, ?, ?, ?, ?, ?)
        ON CONFLICT (source, external_id) DO NOTHING
        RETURNING id;
    ]
[parameters: ('adzuna', '5697086879', 'Lead Python Developer, Data Analytics', 'CVS Health', 'Augusta', 'Kennebec County', None, False, 180614.52, 180614.52, 180614.52, 'https://www.adzuna.com/land/ad/5697086879?se=tJOV81A28RG_J8d0bkVF5A&utm_medium=api&utm_source=8d05c7a4&v=3EFEC4E7F9C672EDB38989E3AFE5999299907850', '2026-04-11')]
(Background on this error at: https://sqlalche.me/e/20/e3q8)
2026-04-12 19:08:20,685  WARNING     Skipping row due to error: (sqlite3.OperationalError) near "RETURNING": syntax error
[SQL: 
        INSERT INTO jobs
            (source, external_id, title, company, city, region, country,
             is_remote, salary_min, salary_max, salary_mid, url, date_posted)
        VALUES
            (?, ?, ?, ?, ?, ?, ?,
             ?, ?, ?, ?, ?, ?)
        ON CONFLICT (source, external_id) DO NOTHING
        RETURNING id;
    ]
[parameters: ('adzuna', '5697088095', 'Lead Python Developer, Data Analytics', 'CVS Health', 'Des Moines', 'Polk County', None, False, 130568.91, 130568.91, 130568.91, 'https://www.adzuna.com/land/ad/5697088095?se=tJOV81A28RG_J8d0bkVF5A&utm_medium=api&utm_source=8d05c7a4&v=2EF84297F0E5810AD3A10B8F2D58D4F6971BF623', '2026-04-11')]
(Background on this error at: https://sqlalche.me/e/20/e3q8)
2026-04-12 19:08:20,686  WARNING     Skipping row due to error: (sqlite3.OperationalError) near "RETURNING": syntax error
[SQL: 
        INSERT INTO jobs
            (source, external_id, title, company, city, region, country,
             is_remote, salary_min, salary_max, salary_mid, url, date_posted)
        VALUES
            (?, ?, ?, ?, ?, ?, ?,
             ?, ?, ?, ?, ?, ?)
        ON CONFLICT (source, external_id) DO NOTHING
        RETURNING id;
    ]
[parameters: ('adzuna', '5697088375', 'Lead Python Developer, Data Analytics', 'CVS Health', 'Edgewood', 'Richland County', None, False, 133848.19, 133848.19, 133848.19, 'https://www.adzuna.com/land/ad/5697088375?se=tJOV81A28RG_J8d0bkVF5A&utm_medium=api&utm_source=8d05c7a4&v=18D3223916353177437C3293179BA562C522AC50', '2026-04-11')]
(Background on this error at: https://sqlalche.me/e/20/e3q8)
2026-04-12 19:08:20,687  WARNING     Skipping row due to error: (sqlite3.OperationalError) near "RETURNING": syntax error
[SQL: 
        INSERT INTO jobs
            (source, external_id, title, company, city, region, country,
             is_remote, salary_min, salary_max, salary_mid, url, date_posted)
        VALUES
            (?, ?, ?, ?, ?, ?, ?,
             ?, ?, ?, ?, ?, ?)
        ON CONFLICT (source, external_id) DO NOTHING
        RETURNING id;
    ]
[parameters: ('adzuna', '5697145974', 'Lead Python Developer, Data Analytics', 'CVS Health', 'Providence', 'Providence County', None, False, 138380.56, 138380.56, 138380.56, 'https://www.adzuna.com/land/ad/5697145974?se=tJOV81A28RG_J8d0bkVF5A&utm_medium=api&utm_source=8d05c7a4&v=31A0D62FEED53BB4A9785187B889E941A0861800', '2026-04-11')]
(Background on this error at: https://sqlalche.me/e/20/e3q8)
2026-04-12 19:08:20,687  WARNING     Skipping row due to error: (sqlite3.OperationalError) near "RETURNING": syntax error
[SQL: 
        INSERT INTO jobs
            (source, external_id, title, company, city, region, country,
             is_remote, salary_min, salary_max, salary_mid, url, date_posted)
        VALUES
            (?, ?, ?, ?, ?, ?, ?,
             ?, ?, ?, ?, ?, ?)
        ON CONFLICT (source, external_id) DO NOTHING
        RETURNING id;
    ]
[parameters: ('adzuna', '5697146603', 'Lead Python Developer, Data Analytics', 'CVS Health', 'Pierre', 'Hughes County', None, False, 202705.62, 202705.62, 202705.62, 'https://www.adzuna.com/land/ad/5697146603?se=tJOV81A28RG_J8d0bkVF5A&utm_medium=api&utm_source=8d05c7a4&v=A59501F3FC69BE1B4465E0A410B06F9E90E586B0', '2026-04-11')]
(Background on this error at: https://sqlalche.me/e/20/e3q8)
2026-04-12 19:08:20,688  WARNING     Skipping row due to error: (sqlite3.OperationalError) near "RETURNING": syntax error
[SQL: 
        INSERT INTO jobs
            (source, external_id, title, company, city, region, country,
             is_remote, salary_min, salary_max, salary_mid, url, date_posted)
        VALUES
            (?, ?, ?, ?, ?, ?, ?,
             ?, ?, ?, ?, ?, ?)
        ON CONFLICT (source, external_id) DO NOTHING
        RETURNING id;
    ]
[parameters: ('adzuna', '5697135548', 'Lead Python Developer, Data Analytics', 'CVS Health', 'Grandview Heights', 'Franklin County', None, False, 166325.16, 166325.16, 166325.16, 'https://www.adzuna.com/land/ad/5697135548?se=tJOV81A28RG_J8d0bkVF5A&utm_medium=api&utm_source=8d05c7a4&v=637A343FBBD749B41F9C384BD5D29BAF3318F592', '2026-04-11')]
(Background on this error at: https://sqlalche.me/e/20/e3q8)
2026-04-12 19:08:20,689  WARNING     Skipping row due to error: (sqlite3.OperationalError) near "RETURNING": syntax error
[SQL: 
        INSERT INTO jobs
            (source, external_id, title, company, city, region, country,
             is_remote, salary_min, salary_max, salary_mid, url, date_posted)
        VALUES
            (?, ?, ?, ?, ?, ?, ?,
             ?, ?, ?, ?, ?, ?)
        ON CONFLICT (source, external_id) DO NOTHING
        RETURNING id;
    ]
[parameters: ('adzuna', '5697176357', 'Lead Python Developer, Data Analytics', 'CVS Health', 'Topeka', 'Shawnee County', None, False, 137164.03, 137164.03, 137164.03, 'https://www.adzuna.com/land/ad/5697176357?se=tJOV81A28RG_J8d0bkVF5A&utm_medium=api&utm_source=8d05c7a4&v=7385B6734270EC570E42AFD9CA31CF52648975E1', '2026-04-11')]
(Background on this error at: https://sqlalche.me/e/20/e3q8)
2026-04-12 19:08:20,690  WARNING     Skipping row due to error: (sqlite3.OperationalError) near "RETURNING": syntax error
[SQL: 
        INSERT INTO jobs
            (source, external_id, title, company, city, region, country,
             is_remote, salary_min, salary_max, salary_mid, url, date_posted)
        VALUES
            (?, ?, ?, ?, ?, ?, ?,
             ?, ?, ?, ?, ?, ?)
        ON CONFLICT (source, external_id) DO NOTHING
        RETURNING id;
    ]
[parameters: ('adzuna', '5697178017', 'Lead Python Developer, Data Analytics', 'CVS Health', 'Concord', 'Merrimack County', None, False, 198886.77, 198886.77, 198886.77, 'https://www.adzuna.com/land/ad/5697178017?se=tJOV81A28RG_J8d0bkVF5A&utm_medium=api&utm_source=8d05c7a4&v=ACB9BAE54982AB16C5A4793A5E906E193B307593', '2026-04-11')]
(Background on this error at: https://sqlalche.me/e/20/e3q8)
2026-04-12 19:08:20,691  WARNING     Skipping row due to error: (sqlite3.OperationalError) near "RETURNING": syntax error
[SQL: 
        INSERT INTO jobs
            (source, external_id, title, company, city, region, country,
             is_remote, salary_min, salary_max, salary_mid, url, date_posted)
        VALUES
            (?, ?, ?, ?, ?, ?, ?,
             ?, ?, ?, ?, ?, ?)
        ON CONFLICT (source, external_id) DO NOTHING
        RETURNING id;
    ]
[parameters: ('adzuna', '5697178458', 'Lead Python Developer, Data Analytics', 'CVS Health', 'State House', 'Lancaster County', None, False, 166622.03, 166622.03, 166622.03, 'https://www.adzuna.com/land/ad/5697178458?se=tJOV81A28RG_J8d0bkVF5A&utm_medium=api&utm_source=8d05c7a4&v=3719AB38F02AD5F6FBE7E2B8936E0C75FCFB1850', '2026-04-11')]
(Background on this error at: https://sqlalche.me/e/20/e3q8)
2026-04-12 19:08:20,692  WARNING     Skipping row due to error: (sqlite3.OperationalError) near "RETURNING": syntax error
[SQL: 
        INSERT INTO jobs
            (source, external_id, title, company, city, region, country,
             is_remote, salary_min, salary_max, salary_mid, url, date_posted)
        VALUES
            (?, ?, ?, ?, ?, ?, ?,
             ?, ?, ?, ?, ?, ?)
        ON CONFLICT (source, external_id) DO NOTHING
        RETURNING id;
    ]
[parameters: ('adzuna', '5697176456', 'Lead Python Developer, Data Analytics', 'CVS Health', 'Frankfort', 'Franklin County', None, False, 145829.3, 145829.3, 145829.3, 'https://www.adzuna.com/land/ad/5697176456?se=tJOV81A28RG_J8d0bkVF5A&utm_medium=api&utm_source=8d05c7a4&v=0FC94870AC3262DA24079C2E5FCE1E508770E36C', '2026-04-11')]
(Background on this error at: https://sqlalche.me/e/20/e3q8)
2026-04-12 19:08:20,693  WARNING     Skipping row due to error: (sqlite3.OperationalError) near "RETURNING": syntax error
[SQL: 
        INSERT INTO jobs
            (source, external_id, title, company, city, region, country,
             is_remote, salary_min, salary_max, salary_mid, url, date_posted)
        VALUES
            (?, ?, ?, ?, ?, ?, ?,
             ?, ?, ?, ?, ?, ?)
        ON CONFLICT (source, external_id) DO NOTHING
        RETURNING id;
    ]
[parameters: ('adzuna', '5697177049', 'Lead Python Developer, Data Analytics', 'CVS Health', 'Cedar', 'Cole County', None, False, 143245.39, 143245.39, 143245.39, 'https://www.adzuna.com/land/ad/5697177049?se=tJOV81A28RG_J8d0bkVF5A&utm_medium=api&utm_source=8d05c7a4&v=E62391048DC43683AF307430DB82BA4251D1EADD', '2026-04-11')]
(Background on this error at: https://sqlalche.me/e/20/e3q8)
2026-04-12 19:08:20,694  WARNING     Skipping row due to error: (sqlite3.OperationalError) near "RETURNING": syntax error
[SQL: 
        INSERT INTO jobs
            (source, external_id, title, company, city, region, country,
             is_remote, salary_min, salary_max, salary_mid, url, date_posted)
        VALUES
            (?, ?, ?, ?, ?, ?, ?,
             ?, ?, ?, ?, ?, ?)
        ON CONFLICT (source, external_id) DO NOTHING
        RETURNING id;
    ]
[parameters: ('adzuna', '5697179356', 'Lead Python Developer, Data Analytics', 'CVS Health', 'Trenton', 'Mercer County', None, False, 141812.47, 141812.47, 141812.47, 'https://www.adzuna.com/land/ad/5697179356?se=tJOV81A28RG_J8d0bkVF5A&utm_medium=api&utm_source=8d05c7a4&v=4C0DF6681461740B72A1208340B520A8F9B51B61', '2026-04-11')]
(Background on this error at: https://sqlalche.me/e/20/e3q8)
2026-04-12 19:08:20,694  WARNING     Skipping row due to error: (sqlite3.OperationalError) near "RETURNING": syntax error
[SQL: 
        INSERT INTO jobs
            (source, external_id, title, company, city, region, country,
             is_remote, salary_min, salary_max, salary_mid, url, date_posted)
        VALUES
            (?, ?, ?, ?, ?, ?, ?,
             ?, ?, ?, ?, ?, ?)
        ON CONFLICT (source, external_id) DO NOTHING
        RETURNING id;
    ]
[parameters: ('adzuna', '5697179331', 'Lead Python Developer, Data Analytics', 'CVS Health', 'Parsippany Troy Hills', 'Morris County', None, False, 169113.66, 169113.66, 169113.66, 'https://www.adzuna.com/land/ad/5697179331?se=tJOV81A28RG_J8d0bkVF5A&utm_medium=api&utm_source=8d05c7a4&v=36290CB70845A807D95FE67AF4C9BF5FA4894C35', '2026-04-11')]
(Background on this error at: https://sqlalche.me/e/20/e3q8)
2026-04-12 19:08:20,695  WARNING     Skipping row due to error: (sqlite3.OperationalError) near "RETURNING": syntax error
[SQL: 
        INSERT INTO jobs
            (source, external_id, title, company, city, region, country,
             is_remote, salary_min, salary_max, salary_mid, url, date_posted)
        VALUES
            (?, ?, ?, ?, ?, ?, ?,
             ?, ?, ?, ?, ?, ?)
        ON CONFLICT (source, external_id) DO NOTHING
        RETURNING id;
    ]
[parameters: ('adzuna', '5697178495', 'Lead Python Developer, Data Analytics', 'CVS Health', 'Carson Mall', 'Carson City', None, False, 141650.0, 141650.0, 141650.0, 'https://www.adzuna.com/land/ad/5697178495?se=tJOV81A28RG_J8d0bkVF5A&utm_medium=api&utm_source=8d05c7a4&v=0867EC43A66B75D63BBB89146E5F0B0DDE490957', '2026-04-11')]
(Background on this error at: https://sqlalche.me/e/20/e3q8)
2026-04-12 19:08:20,696  WARNING     Skipping row due to error: (sqlite3.OperationalError) near "RETURNING": syntax error
[SQL: 
        INSERT INTO jobs
            (source, external_id, title, company, city, region, country,
             is_remote, salary_min, salary_max, salary_mid, url, date_posted)
        VALUES
            (?, ?, ?, ?, ?, ?, ?,
             ?, ?, ?, ?, ?, ?)
        ON CONFLICT (source, external_id) DO NOTHING
        RETURNING id;
    ]
[parameters: ('adzuna', '5697095785', 'Lead Python Developer, Data Analytics', 'CVS Health', 'Talcott Village', 'Hartford County', None, False, 145402.55, 145402.55, 145402.55, 'https://www.adzuna.com/land/ad/5697095785?se=tJOV81A28RG_J8d0bkVF5A&utm_medium=api&utm_source=8d05c7a4&v=3E7D24E5FA0FB5E1D12CF91C01C0133850613BDB', '2026-04-11')]
(Background on this error at: https://sqlalche.me/e/20/e3q8)
2026-04-12 19:08:20,697  WARNING     Skipping row due to error: (sqlite3.OperationalError) near "RETURNING": syntax error
[SQL: 
        INSERT INTO jobs
            (source, external_id, title, company, city, region, country,
             is_remote, salary_min, salary_max, salary_mid, url, date_posted)
        VALUES
            (?, ?, ?, ?, ?, ?, ?,
             ?, ?, ?, ?, ?, ?)
        ON CONFLICT (source, external_id) DO NOTHING
        RETURNING id;
    ]
[parameters: ('adzuna', '5697095339', 'Lead Python Developer, Data Analytics', 'CVS Health', 'Chisolm', 'Montgomery County', None, False, 119744.0, 119744.0, 119744.0, 'https://www.adzuna.com/land/ad/5697095339?se=tJOV81A28RG_J8d0bkVF5A&utm_medium=api&utm_source=8d05c7a4&v=2D20C99F8E7AD46B87523D1E7E084B5EE5F0223A', '2026-04-11')]
(Background on this error at: https://sqlalche.me/e/20/e3q8)
2026-04-12 19:08:20,698  WARNING     Skipping row due to error: (sqlite3.OperationalError) near "RETURNING": syntax error
[SQL: 
        INSERT INTO jobs
            (source, external_id, title, company, city, region, country,
             is_remote, salary_min, salary_max, salary_mid, url, date_posted)
        VALUES
            (?, ?, ?, ?, ?, ?, ?,
             ?, ?, ?, ?, ?, ?)
        ON CONFLICT (source, external_id) DO NOTHING
        RETURNING id;
    ]
[parameters: ('adzuna', '5697098538', 'Lead Python Developer, Data Analytics', 'CVS Health', 'Lansing', 'Ingham County', None, False, 141422.83, 141422.83, 141422.83, 'https://www.adzuna.com/land/ad/5697098538?se=tJOV81A28RG_J8d0bkVF5A&utm_medium=api&utm_source=8d05c7a4&v=30723778B93F3E3E2862B3319B37A269D7143EE7', '2026-04-11')]
(Background on this error at: https://sqlalche.me/e/20/e3q8)
2026-04-12 19:08:20,699  WARNING     Skipping row due to error: (sqlite3.OperationalError) near "RETURNING": syntax error
[SQL: 
        INSERT INTO jobs
            (source, external_id, title, company, city, region, country,
             is_remote, salary_min, salary_max, salary_mid, url, date_posted)
        VALUES
            (?, ?, ?, ?, ?, ?, ?,
             ?, ?, ?, ?, ?, ?)
        ON CONFLICT (source, external_id) DO NOTHING
        RETURNING id;
    ]
[parameters: ('adzuna', '5697103247', 'Lead Python Developer, Data Analytics', 'CVS Health', 'Saint Paul', 'Ramsey County', None, False, 131853.39, 131853.39, 131853.39, 'https://www.adzuna.com/land/ad/5697103247?se=tJOV81A28RG_J8d0bkVF5A&utm_medium=api&utm_source=8d05c7a4&v=FFDC3A249BB2BEF2F6B0A749A81DFB86247FCB92', '2026-04-11')]
(Background on this error at: https://sqlalche.me/e/20/e3q8)
2026-04-12 19:08:20,700  WARNING     Skipping row due to error: (sqlite3.OperationalError) near "RETURNING": syntax error
[SQL: 
        INSERT INTO jobs
            (source, external_id, title, company, city, region, country,
             is_remote, salary_min, salary_max, salary_mid, url, date_posted)
        VALUES
            (?, ?, ?, ?, ?, ?, ?,
             ?, ?, ?, ?, ?, ?)
        ON CONFLICT (source, external_id) DO NOTHING
        RETURNING id;
    ]
[parameters: ('adzuna', '5697164052', 'Lead Python Developer, Data Analytics', 'CVS Health', 'Ny State Campus', 'Albany County', None, False, 150987.1, 150987.1, 150987.1, 'https://www.adzuna.com/land/ad/5697164052?se=tJOV81A28RG_J8d0bkVF5A&utm_medium=api&utm_source=8d05c7a4&v=FDA86EE1825616C15C6BD0EFA0A5E969A63D92BC', '2026-04-11')]
(Background on this error at: https://sqlalche.me/e/20/e3q8)
2026-04-12 19:08:20,700  WARNING     Skipping row due to error: (sqlite3.OperationalError) near "RETURNING": syntax error
[SQL: 
        INSERT INTO jobs
            (source, external_id, title, company, city, region, country,
             is_remote, salary_min, salary_max, salary_mid, url, date_posted)
        VALUES
            (?, ?, ?, ?, ?, ?, ?,
             ?, ?, ?, ?, ?, ?)
        ON CONFLICT (source, external_id) DO NOTHING
        RETURNING id;
    ]
[parameters: ('adzuna', '5688162830', 'Data Scientist - AI / Python Developer', 'Fiserv', 'Berkeley Heights', 'Union County', None, False, 136459.86, 136459.86, 136459.86, 'https://www.adzuna.com/land/ad/5688162830?se=tJOV81A28RG_J8d0bkVF5A&utm_medium=api&utm_source=8d05c7a4&v=05C5EB36E8B46C9D8659146BC8E17013FB5710F6', '2026-04-02')]
(Background on this error at: https://sqlalche.me/e/20/e3q8)
2026-04-12 19:08:20,701  WARNING     Skipping row due to error: (sqlite3.OperationalError) near "RETURNING": syntax error
[SQL: 
        INSERT INTO jobs
            (source, external_id, title, company, city, region, country,
             is_remote, salary_min, salary_max, salary_mid, url, date_posted)
        VALUES
            (?, ?, ?, ?, ?, ?, ?,
             ?, ?, ?, ?, ?, ?)
        ON CONFLICT (source, external_id) DO NOTHING
        RETURNING id;
    ]
[parameters: ('adzuna', '5646847102', 'Data Scientist - AI / Python Developer', 'Fiserv', 'Grandview Heights', 'Franklin County', None, False, 144767.47, 144767.47, 144767.47, 'https://www.adzuna.com/land/ad/5646847102?se=tJOV81A28RG_J8d0bkVF5A&utm_medium=api&utm_source=8d05c7a4&v=B36A024204DF450261F7F0777892ED6FE63FB0C5', '2026-02-26')]
(Background on this error at: https://sqlalche.me/e/20/e3q8)
2026-04-12 19:08:20,702  WARNING     Skipping row due to error: (sqlite3.OperationalError) near "RETURNING": syntax error
[SQL: 
        INSERT INTO jobs
            (source, external_id, title, company, city, region, country,
             is_remote, salary_min, salary_max, salary_mid, url, date_posted)
        VALUES
            (?, ?, ?, ?, ?, ?, ?,
             ?, ?, ?, ?, ?, ?)
        ON CONFLICT (source, external_id) DO NOTHING
        RETURNING id;
    ]
[parameters: ('adzuna', '5688133272', 'Data Scientist - AI / Python Developer', 'Fiserv', 'Alpharetta', 'Fulton County', None, False, 136739.3, 136739.3, 136739.3, 'https://www.adzuna.com/land/ad/5688133272?se=tJOV81A28RG_J8d0bkVF5A&utm_medium=api&utm_source=8d05c7a4&v=C224A57E87485F16B0336666AA123BBF042FF682', '2026-04-02')]
(Background on this error at: https://sqlalche.me/e/20/e3q8)
2026-04-12 19:08:20,703  WARNING     Skipping row due to error: (sqlite3.OperationalError) near "RETURNING": syntax error
[SQL: 
        INSERT INTO jobs
            (source, external_id, title, company, city, region, country,
             is_remote, salary_min, salary_max, salary_mid, url, date_posted)
        VALUES
            (?, ?, ?, ?, ?, ?, ?,
             ?, ?, ?, ?, ?, ?)
        ON CONFLICT (source, external_id) DO NOTHING
        RETURNING id;
    ]
[parameters: ('adzuna', '5626713923', 'Senior Python Developer (SWE-3)', 'Leidos', 'Fort George G Meade', 'Anne Arundel County', None, False, 102630.45, 102630.45, 102630.45, 'https://www.adzuna.com/land/ad/5626713923?se=tJOV81A28RG_J8d0bkVF5A&utm_medium=api&utm_source=8d05c7a4&v=75E1227B9C3C02E0AF8B44AEC56375D191CE9CFD', '2026-02-12')]
(Background on this error at: https://sqlalche.me/e/20/e3q8)
2026-04-12 19:08:20,704  WARNING     Skipping row due to error: (sqlite3.OperationalError) near "RETURNING": syntax error
[SQL: 
        INSERT INTO jobs
            (source, external_id, title, company, city, region, country,
             is_remote, salary_min, salary_max, salary_mid, url, date_posted)
        VALUES
            (?, ?, ?, ?, ?, ?, ?,
             ?, ?, ?, ?, ?, ?)
        ON CONFLICT (source, external_id) DO NOTHING
        RETURNING id;
    ]
[parameters: ('adzuna', '5570502309', 'Senior Python Developer (SWE-3)', 'Leidos', 'Fort George G Meade', 'Anne Arundel County', None, False, 102961.9, 102961.9, 102961.9, 'https://www.adzuna.com/land/ad/5570502309?se=tJOV81A28RG_J8d0bkVF5A&utm_medium=api&utm_source=8d05c7a4&v=F80C6F051EFBFB24B0B5FB4FDA276DBCB6EBF4A8', '2026-01-06')]
(Background on this error at: https://sqlalche.me/e/20/e3q8)
2026-04-12 19:08:20,705  WARNING     Skipping row due to error: (sqlite3.OperationalError) near "RETURNING": syntax error
[SQL: 
        INSERT INTO jobs
            (source, external_id, title, company, city, region, country,
             is_remote, salary_min, salary_max, salary_mid, url, date_posted)
        VALUES
            (?, ?, ?, ?, ?, ?, ?,
             ?, ?, ?, ?, ?, ?)
        ON CONFLICT (source, external_id) DO NOTHING
        RETURNING id;
    ]
[parameters: ('adzuna', '5689440745', 'Python Developer - Vice President - RUTHERFORD', 'Citigroup', 'Rutherford', 'Bergen County', None, False, 180690.31, 180690.31, 180690.31, 'https://www.adzuna.com/land/ad/5689440745?se=tJOV81A28RG_J8d0bkVF5A&utm_medium=api&utm_source=8d05c7a4&v=6F52B2239E8F1BF76F05B2853E012E153CD2261C', '2026-04-03')]
(Background on this error at: https://sqlalche.me/e/20/e3q8)
2026-04-12 19:08:20,706  WARNING     Skipping row due to error: (sqlite3.OperationalError) near "RETURNING": syntax error
[SQL: 
        INSERT INTO jobs
            (source, external_id, title, company, city, region, country,
             is_remote, salary_min, salary_max, salary_mid, url, date_posted)
        VALUES
            (?, ?, ?, ?, ?, ?, ?,
             ?, ?, ?, ?, ?, ?)
        ON CONFLICT (source, external_id) DO NOTHING
        RETURNING id;
    ]
[parameters: ('adzuna', '5696175610', 'Python Developer', 'Innoventrics', 'Charlotte', 'Mecklenburg County', None, False, 104000.0, 108160.0, 106080.0, 'https://www.adzuna.com/details/5696175610?utm_medium=api&utm_source=8d05c7a4', '2026-04-10')]
(Background on this error at: https://sqlalche.me/e/20/e3q8)
2026-04-12 19:08:20,707  WARNING     Skipping row due to error: (sqlite3.OperationalError) near "RETURNING": syntax error
[SQL: 
        INSERT INTO jobs
            (source, external_id, title, company, city, region, country,
             is_remote, salary_min, salary_max, salary_mid, url, date_posted)
        VALUES
            (?, ?, ?, ?, ?, ?, ?,
             ?, ?, ?, ?, ?, ?)
        ON CONFLICT (source, external_id) DO NOTHING
        RETURNING id;
    ]
[parameters: ('adzuna', '5666971721', 'Python Developer', 'Leisnoi', 'US', None, None, False, 50713.97, 50713.97, 50713.97, 'https://www.adzuna.com/details/5666971721?utm_medium=api&utm_source=8d05c7a4', '2026-03-15')]
(Background on this error at: https://sqlalche.me/e/20/e3q8)
2026-04-12 19:08:20,707  WARNING     Skipping row due to error: (sqlite3.OperationalError) near "RETURNING": syntax error
[SQL: 
        INSERT INTO jobs
            (source, external_id, title, company, city, region, country,
             is_remote, salary_min, salary_max, salary_mid, url, date_posted)
        VALUES
            (?, ?, ?, ?, ?, ?, ?,
             ?, ?, ?, ?, ?, ?)
        ON CONFLICT (source, external_id) DO NOTHING
        RETURNING id;
    ]
[parameters: ('adzuna', '5696118758', 'Python Developer', 'Constellation Inc', 'Washington', 'Washington', 'D.C.', False, 152498.17, 152498.17, 152498.17, 'https://www.adzuna.com/details/5696118758?utm_medium=api&utm_source=8d05c7a4', '2026-04-10')]
(Background on this error at: https://sqlalche.me/e/20/e3q8)
2026-04-12 19:08:20,708  WARNING     Skipping row due to error: (sqlite3.OperationalError) near "RETURNING": syntax error
[SQL: 
        INSERT INTO jobs
            (source, external_id, title, company, city, region, country,
             is_remote, salary_min, salary_max, salary_mid, url, date_posted)
        VALUES
            (?, ?, ?, ?, ?, ?, ?,
             ?, ?, ?, ?, ?, ?)
        ON CONFLICT (source, external_id) DO NOTHING
        RETURNING id;
    ]
[parameters: ('adzuna', '5422662005', 'Python Developer', 'Two95 International Inc.', 'Chicago', 'Cook County', None, False, 82978.74, 82978.74, 82978.74, 'https://www.adzuna.com/details/5422662005?utm_medium=api&utm_source=8d05c7a4', '2025-09-30')]
(Background on this error at: https://sqlalche.me/e/20/e3q8)
2026-04-12 19:08:20,709  WARNING     Skipping row due to error: (sqlite3.OperationalError) near "RETURNING": syntax error
[SQL: 
        INSERT INTO jobs
            (source, external_id, title, company, city, region, country,
             is_remote, salary_min, salary_max, salary_mid, url, date_posted)
        VALUES
            (?, ?, ?, ?, ?, ?, ?,
             ?, ?, ?, ?, ?, ?)
        ON CONFLICT (source, external_id) DO NOTHING
        RETURNING id;
    ]
[parameters: ('adzuna', '5422661886', 'Python Developer', 'Two95 International Inc.', 'New York City', 'New York', None, False, 88366.3, 88366.3, 88366.3, 'https://www.adzuna.com/details/5422661886?utm_medium=api&utm_source=8d05c7a4', '2025-09-30')]
(Background on this error at: https://sqlalche.me/e/20/e3q8)
2026-04-12 19:08:20,711  WARNING     Skipping row due to error: (sqlite3.OperationalError) near "RETURNING": syntax error
[SQL: 
        INSERT INTO jobs
            (source, external_id, title, company, city, region, country,
             is_remote, salary_min, salary_max, salary_mid, url, date_posted)
        VALUES
            (?, ?, ?, ?, ?, ?, ?,
             ?, ?, ?, ?, ?, ?)
        ON CONFLICT (source, external_id) DO NOTHING
        RETURNING id;
    ]
[parameters: ('adzuna', '5422662137', 'Python Developer', 'Two95 International Inc.', 'American Fork', 'Utah County', None, False, 118654.98, 118654.98, 118654.98, 'https://www.adzuna.com/details/5422662137?utm_medium=api&utm_source=8d05c7a4', '2025-09-30')]
(Background on this error at: https://sqlalche.me/e/20/e3q8)
2026-04-12 19:08:20,712  WARNING     Skipping row due to error: (sqlite3.OperationalError) near "RETURNING": syntax error
[SQL: 
        INSERT INTO jobs
            (source, external_id, title, company, city, region, country,
             is_remote, salary_min, salary_max, salary_mid, url, date_posted)
        VALUES
            (?, ?, ?, ?, ?, ?, ?,
             ?, ?, ?, ?, ?, ?)
        ON CONFLICT (source, external_id) DO NOTHING
        RETURNING id;
    ]
[parameters: ('adzuna', '5694702678', 'Python Developer', 'Evolver Commercial', 'Bolinas', 'Marin County', None, False, 140000.0, 175000.0, 157500.0, 'https://www.adzuna.com/details/5694702678?utm_medium=api&utm_source=8d05c7a4', '2026-04-09')]
(Background on this error at: https://sqlalche.me/e/20/e3q8)
2026-04-12 19:08:20,714  WARNING     Skipping row due to error: (sqlite3.OperationalError) near "RETURNING": syntax error
[SQL: 
        INSERT INTO jobs
            (source, external_id, title, company, city, region, country,
             is_remote, salary_min, salary_max, salary_mid, url, date_posted)
        VALUES
            (?, ?, ?, ?, ?, ?, ?,
             ?, ?, ?, ?, ?, ?)
        ON CONFLICT (source, external_id) DO NOTHING
        RETURNING id;
    ]
[parameters: ('adzuna', '5643071220', 'Python Developer', 'Resource Innovations', 'Boston', 'Suffolk County', None, False, 90000.0, 100000.0, 95000.0, 'https://www.adzuna.com/details/5643071220?utm_medium=api&utm_source=8d05c7a4', '2026-02-23')]
(Background on this error at: https://sqlalche.me/e/20/e3q8)
2026-04-12 19:08:20,715  WARNING     Skipping row due to error: (sqlite3.OperationalError) near "RETURNING": syntax error
[SQL: 
        INSERT INTO jobs
            (source, external_id, title, company, city, region, country,
             is_remote, salary_min, salary_max, salary_mid, url, date_posted)
        VALUES
            (?, ?, ?, ?, ?, ?, ?,
             ?, ?, ?, ?, ?, ?)
        ON CONFLICT (source, external_id) DO NOTHING
        RETURNING id;
    ]
[parameters: ('adzuna', '5696136185', 'Python Developer', 'Omm IT Solutions', 'Ellicott City', 'Howard County', None, False, 175184.34, 175184.34, 175184.34, 'https://www.adzuna.com/details/5696136185?utm_medium=api&utm_source=8d05c7a4', '2026-04-10')]
(Background on this error at: https://sqlalche.me/e/20/e3q8)
2026-04-12 19:08:20,716  WARNING     Skipping row due to error: (sqlite3.OperationalError) near "RETURNING": syntax error
[SQL: 
        INSERT INTO jobs
            (source, external_id, title, company, city, region, country,
             is_remote, salary_min, salary_max, salary_mid, url, date_posted)
        VALUES
            (?, ?, ?, ?, ?, ?, ?,
             ?, ?, ?, ?, ?, ?)
        ON CONFLICT (source, external_id) DO NOTHING
        RETURNING id;
    ]
[parameters: ('adzuna', '5601295432', 'Python Developer', 'Huntress Talent', 'New York City', 'New York', None, False, 144589.33, 144589.33, 144589.33, 'https://www.adzuna.com/details/5601295432?utm_medium=api&utm_source=8d05c7a4', '2026-01-26')]
(Background on this error at: https://sqlalche.me/e/20/e3q8)
2026-04-12 19:08:20,717  WARNING     Skipping row due to error: (sqlite3.OperationalError) near "RETURNING": syntax error
[SQL: 
        INSERT INTO jobs
            (source, external_id, title, company, city, region, country,
             is_remote, salary_min, salary_max, salary_mid, url, date_posted)
        VALUES
            (?, ?, ?, ?, ?, ?, ?,
             ?, ?, ?, ?, ?, ?)
        ON CONFLICT (source, external_id) DO NOTHING
        RETURNING id;
    ]
[parameters: ('adzuna', '5679976526', 'Python Developer', 'Sequoia Connect', 'Darien', 'Fairfield County', None, False, 144968.48, 144968.48, 144968.48, 'https://www.adzuna.com/land/ad/5679976526?se=tJOV81A28RG_J8d0bkVF5A&utm_medium=api&utm_source=8d05c7a4&v=54A3DC1DD60BA5366326DA482C2827D521CCDBE3', '2026-03-27')]
(Background on this error at: https://sqlalche.me/e/20/e3q8)
2026-04-12 19:08:20,718  WARNING     Skipping row due to error: (sqlite3.OperationalError) near "RETURNING": syntax error
[SQL: 
        INSERT INTO jobs
            (source, external_id, title, company, city, region, country,
             is_remote, salary_min, salary_max, salary_mid, url, date_posted)
        VALUES
            (?, ?, ?, ?, ?, ?, ?,
             ?, ?, ?, ?, ?, ?)
        ON CONFLICT (source, external_id) DO NOTHING
        RETURNING id;
    ]
[parameters: ('adzuna', '4809861325', 'Python Developer', 'Quanta Search', 'Wellington', 'Palm Beach County', None, False, 143487.67, 143487.67, 143487.67, 'https://www.adzuna.com/land/ad/4809861325?se=tJOV81A28RG_J8d0bkVF5A&utm_medium=api&utm_source=8d05c7a4&v=F73A171D9F307153152376CD94C72BDD0D733433', '2024-08-04')]
(Background on this error at: https://sqlalche.me/e/20/e3q8)
2026-04-12 19:08:20,719  WARNING     Skipping row due to error: (sqlite3.OperationalError) near "RETURNING": syntax error
[SQL: 
        INSERT INTO jobs
            (source, external_id, title, company, city, region, country,
             is_remote, salary_min, salary_max, salary_mid, url, date_posted)
        VALUES
            (?, ?, ?, ?, ?, ?, ?,
             ?, ?, ?, ?, ?, ?)
        ON CONFLICT (source, external_id) DO NOTHING
        RETURNING id;
    ]
[parameters: ('adzuna', '4871781145', 'Python Developer', 'Creative Information Technology, Inc', 'Virginia', 'US', None, False, 82560.07, 82560.07, 82560.07, 'https://www.adzuna.com/land/ad/4871781145?se=tJOV81A28RG_J8d0bkVF5A&utm_medium=api&utm_source=8d05c7a4&v=BE9588E27F009A0840F956519D9A77A0D8BF2AA2', '2024-09-21')]
(Background on this error at: https://sqlalche.me/e/20/e3q8)
2026-04-12 19:08:20,720  WARNING     Skipping row due to error: (sqlite3.OperationalError) near "RETURNING": syntax error
[SQL: 
        INSERT INTO jobs
            (source, external_id, title, company, city, region, country,
             is_remote, salary_min, salary_max, salary_mid, url, date_posted)
        VALUES
            (?, ?, ?, ?, ?, ?, ?,
             ?, ?, ?, ?, ?, ?)
        ON CONFLICT (source, external_id) DO NOTHING
        RETURNING id;
    ]
[parameters: ('adzuna', '5120662966', 'Python Developer', 'James David Staffing', 'Iowa City', 'Johnson County', None, False, 63851.34, 63851.34, 63851.34, 'https://www.adzuna.com/land/ad/5120662966?se=tJOV81A28RG_J8d0bkVF5A&utm_medium=api&utm_source=8d05c7a4&v=054B3ADD4C4EDEE704FB006FA590F4DA1F56EA73', '2025-03-31')]
(Background on this error at: https://sqlalche.me/e/20/e3q8)
2026-04-12 19:08:20,720  WARNING     Skipping row due to error: (sqlite3.OperationalError) near "RETURNING": syntax error
[SQL: 
        INSERT INTO jobs
            (source, external_id, title, company, city, region, country,
             is_remote, salary_min, salary_max, salary_mid, url, date_posted)
        VALUES
            (?, ?, ?, ?, ?, ?, ?,
             ?, ?, ?, ?, ?, ?)
        ON CONFLICT (source, external_id) DO NOTHING
        RETURNING id;
    ]
[parameters: ('adzuna', '5697247906', 'Python Developer', 'Capgemini Government Solutions', 'Washington', 'D.C.', 'US', False, 90000.0, 110000.0, 100000.0, 'https://www.adzuna.com/land/ad/5697247906?se=tJOV81A28RG_J8d0bkVF5A&utm_medium=api&utm_source=8d05c7a4&v=AF99677E81429C9A18C4181DBF313BB9118C023C', '2026-04-12')]
(Background on this error at: https://sqlalche.me/e/20/e3q8)
2026-04-12 19:08:20,721  WARNING     Skipping row due to error: (sqlite3.OperationalError) near "RETURNING": syntax error
[SQL: 
        INSERT INTO jobs
            (source, external_id, title, company, city, region, country,
             is_remote, salary_min, salary_max, salary_mid, url, date_posted)
        VALUES
            (?, ?, ?, ?, ?, ?, ?,
             ?, ?, ?, ?, ?, ?)
        ON CONFLICT (source, external_id) DO NOTHING
        RETURNING id;
    ]
[parameters: ('adzuna', '5686995357', 'Python Developer', 'Infosys', 'Jersey City', 'Hudson County', None, False, 106594.98, 106594.98, 106594.98, 'https://www.adzuna.com/land/ad/5686995357?se=tJOV81A28RG_J8d0bkVF5A&utm_medium=api&utm_source=8d05c7a4&v=182CA19CBFC6DCBFCDEC5C71EA2E0F50BC9ABD0F', '2026-04-02')]
(Background on this error at: https://sqlalche.me/e/20/e3q8)
2026-04-12 19:08:20,722  WARNING     Skipping row due to error: (sqlite3.OperationalError) near "RETURNING": syntax error
[SQL: 
        INSERT INTO jobs
            (source, external_id, title, company, city, region, country,
             is_remote, salary_min, salary_max, salary_mid, url, date_posted)
        VALUES
            (?, ?, ?, ?, ?, ?, ?,
             ?, ?, ?, ?, ?, ?)
        ON CONFLICT (source, external_id) DO NOTHING
        RETURNING id;
    ]
[parameters: ('adzuna', '5504359336', 'Python Developer', 'Laboro', 'New York City', 'New York', None, False, 83296.05, 83296.05, 83296.05, 'https://www.adzuna.com/details/5504359336?utm_medium=api&utm_source=8d05c7a4', '2025-11-19')]
(Background on this error at: https://sqlalche.me/e/20/e3q8)
2026-04-12 19:08:20,722  WARNING     Skipping row due to error: (sqlite3.OperationalError) near "RETURNING": syntax error
[SQL: 
        INSERT INTO jobs
            (source, external_id, title, company, city, region, country,
             is_remote, salary_min, salary_max, salary_mid, url, date_posted)
        VALUES
            (?, ?, ?, ?, ?, ?, ?,
             ?, ?, ?, ?, ?, ?)
        ON CONFLICT (source, external_id) DO NOTHING
        RETURNING id;
    ]
[parameters: ('adzuna', '5647474090', 'Python Developer', 'Cruitin', 'Orlando', 'Orange County', None, False, 95403.26, 95403.26, 95403.26, 'https://www.adzuna.com/details/5647474090?utm_medium=api&utm_source=8d05c7a4', '2026-02-27')]
(Background on this error at: https://sqlalche.me/e/20/e3q8)
2026-04-12 19:08:20,724  WARNING     Skipping row due to error: (sqlite3.OperationalError) near "RETURNING": syntax error
[SQL: 
        INSERT INTO jobs
            (source, external_id, title, company, city, region, country,
             is_remote, salary_min, salary_max, salary_mid, url, date_posted)
        VALUES
            (?, ?, ?, ?, ?, ?, ?,
             ?, ?, ?, ?, ?, ?)
        ON CONFLICT (source, external_id) DO NOTHING
        RETURNING id;
    ]
[parameters: ('adzuna', '5694594966', 'Python developer', 'iPeople Infosystems LLC', 'Mount Rainier', "Prince George's County", None, False, 146502.02, 146502.02, 146502.02, 'https://www.adzuna.com/details/5694594966?utm_medium=api&utm_source=8d05c7a4', '2026-04-09')]
(Background on this error at: https://sqlalche.me/e/20/e3q8)
2026-04-12 19:08:20,725  WARNING     Skipping row due to error: (sqlite3.OperationalError) near "RETURNING": syntax error
[SQL: 
        INSERT INTO jobs
            (source, external_id, title, company, city, region, country,
             is_remote, salary_min, salary_max, salary_mid, url, date_posted)
        VALUES
            (?, ?, ?, ?, ?, ?, ?,
             ?, ?, ?, ?, ?, ?)
        ON CONFLICT (source, external_id) DO NOTHING
        RETURNING id;
    ]
[parameters: ('adzuna', '5683249389', 'Python Developer', 'Dice US Sales Demo Account', 'US', None, None, False, 80186.04, 80186.04, 80186.04, 'https://www.adzuna.com/details/5683249389?utm_medium=api&utm_source=8d05c7a4', '2026-03-30')]
(Background on this error at: https://sqlalche.me/e/20/e3q8)
2026-04-12 19:08:20,726  WARNING     Skipping row due to error: (sqlite3.OperationalError) near "RETURNING": syntax error
[SQL: 
        INSERT INTO jobs
            (source, external_id, title, company, city, region, country,
             is_remote, salary_min, salary_max, salary_mid, url, date_posted)
        VALUES
            (?, ?, ?, ?, ?, ?, ?,
             ?, ?, ?, ?, ?, ?)
        ON CONFLICT (source, external_id) DO NOTHING
        RETURNING id;
    ]
[parameters: ('adzuna', '5683250293', 'Python Developer', 'Ampcus Inc', 'Grand Central', 'Manhattan', None, False, 114874.67, 114874.67, 114874.67, 'https://www.adzuna.com/details/5683250293?utm_medium=api&utm_source=8d05c7a4', '2026-03-30')]
(Background on this error at: https://sqlalche.me/e/20/e3q8)
2026-04-12 19:08:20,727  WARNING     Skipping row due to error: (sqlite3.OperationalError) near "RETURNING": syntax error
[SQL: 
        INSERT INTO jobs
            (source, external_id, title, company, city, region, country,
             is_remote, salary_min, salary_max, salary_mid, url, date_posted)
        VALUES
            (?, ?, ?, ?, ?, ?, ?,
             ?, ?, ?, ?, ?, ?)
        ON CONFLICT (source, external_id) DO NOTHING
        RETURNING id;
    ]
[parameters: ('adzuna', '5692312697', 'Python Developer', 'Global Applications Solutions', 'US', None, None, False, 115659.77, 115659.77, 115659.77, 'https://www.adzuna.com/details/5692312697?utm_medium=api&utm_source=8d05c7a4', '2026-04-07')]
(Background on this error at: https://sqlalche.me/e/20/e3q8)
2026-04-12 19:08:20,728  WARNING     Skipping row due to error: (sqlite3.OperationalError) near "RETURNING": syntax error
[SQL: 
        INSERT INTO jobs
            (source, external_id, title, company, city, region, country,
             is_remote, salary_min, salary_max, salary_mid, url, date_posted)
        VALUES
            (?, ?, ?, ?, ?, ?, ?,
             ?, ?, ?, ?, ?, ?)
        ON CONFLICT (source, external_id) DO NOTHING
        RETURNING id;
    ]
[parameters: ('adzuna', '5695771402', 'Python Developer', 'Venusgeo', 'Warren', 'Somerset County', None, False, 110859.22, 110859.22, 110859.22, 'https://www.adzuna.com/details/5695771402?utm_medium=api&utm_source=8d05c7a4', '2026-04-10')]
(Background on this error at: https://sqlalche.me/e/20/e3q8)
2026-04-12 19:08:20,729  WARNING     Skipping row due to error: (sqlite3.OperationalError) near "RETURNING": syntax error
[SQL: 
        INSERT INTO jobs
            (source, external_id, title, company, city, region, country,
             is_remote, salary_min, salary_max, salary_mid, url, date_posted)
        VALUES
            (?, ?, ?, ?, ?, ?, ?,
             ?, ?, ?, ?, ?, ?)
        ON CONFLICT (source, external_id) DO NOTHING
        RETURNING id;
    ]
[parameters: ('adzuna', '5695231326', 'Python Developer', 'Booz Allen Hamilton', 'Maryland', 'US', None, False, 55300.0, 126000.0, 90650.0, 'https://www.adzuna.com/land/ad/5695231326?se=VjQu9VA28RG_J8d0bkVF5A&utm_medium=api&utm_source=8d05c7a4&v=29DA7049F91B189349E6D6E8FFD6B757DA0E7FD6', '2026-04-09')]
(Background on this error at: https://sqlalche.me/e/20/e3q8)
2026-04-12 19:08:20,729  WARNING     Skipping row due to error: (sqlite3.OperationalError) near "RETURNING": syntax error
[SQL: 
        INSERT INTO jobs
            (source, external_id, title, company, city, region, country,
             is_remote, salary_min, salary_max, salary_mid, url, date_posted)
        VALUES
            (?, ?, ?, ?, ?, ?, ?,
             ?, ?, ?, ?, ?, ?)
        ON CONFLICT (source, external_id) DO NOTHING
        RETURNING id;
    ]
[parameters: ('adzuna', '5694903671', 'Python developer', 'LOGICEXCELL LLC', 'US', None, None, False, 77239.73, 77239.73, 77239.73, 'https://www.adzuna.com/details/5694903671?utm_medium=api&utm_source=8d05c7a4', '2026-04-09')]
(Background on this error at: https://sqlalche.me/e/20/e3q8)
2026-04-12 19:08:20,730  WARNING     Skipping row due to error: (sqlite3.OperationalError) near "RETURNING": syntax error
[SQL: 
        INSERT INTO jobs
            (source, external_id, title, company, city, region, country,
             is_remote, salary_min, salary_max, salary_mid, url, date_posted)
        VALUES
            (?, ?, ?, ?, ?, ?, ?,
             ?, ?, ?, ?, ?, ?)
        ON CONFLICT (source, external_id) DO NOTHING
        RETURNING id;
    ]
[parameters: ('adzuna', '5577361724', 'Python Developer', 'ManpowerGroup', 'West Milwaukee', 'Milwaukee County', None, False, 241319.03, 241319.03, 241319.03, 'https://www.adzuna.com/land/ad/5577361724?se=VjQu9VA28RG_J8d0bkVF5A&utm_medium=api&utm_source=8d05c7a4&v=6AD774A4E4A74C929757BC00272FCB9536D42804', '2026-01-09')]
(Background on this error at: https://sqlalche.me/e/20/e3q8)
2026-04-12 19:08:20,731  WARNING     Skipping row due to error: (sqlite3.OperationalError) near "RETURNING": syntax error
[SQL: 
        INSERT INTO jobs
            (source, external_id, title, company, city, region, country,
             is_remote, salary_min, salary_max, salary_mid, url, date_posted)
        VALUES
            (?, ?, ?, ?, ?, ?, ?,
             ?, ?, ?, ?, ?, ?)
        ON CONFLICT (source, external_id) DO NOTHING
        RETURNING id;
    ]
[parameters: ('adzuna', '5683627019', 'Python Developer', 'GenAquarius LLC', 'Fremont', 'Alameda County', None, False, 132778.33, 132778.33, 132778.33, 'https://www.adzuna.com/details/5683627019?utm_medium=api&utm_source=8d05c7a4', '2026-03-30')]
(Background on this error at: https://sqlalche.me/e/20/e3q8)
2026-04-12 19:08:20,732  WARNING     Skipping row due to error: (sqlite3.OperationalError) near "RETURNING": syntax error
[SQL: 
        INSERT INTO jobs
            (source, external_id, title, company, city, region, country,
             is_remote, salary_min, salary_max, salary_mid, url, date_posted)
        VALUES
            (?, ?, ?, ?, ?, ?, ?,
             ?, ?, ?, ?, ?, ?)
        ON CONFLICT (source, external_id) DO NOTHING
        RETURNING id;
    ]
[parameters: ('adzuna', '5691247812', 'Python Developer', '', 'US', None, None, False, 41600.0, 114400.0, 78000.0, 'https://www.adzuna.com/details/5691247812?utm_medium=api&utm_source=8d05c7a4', '2026-04-06')]
(Background on this error at: https://sqlalche.me/e/20/e3q8)
2026-04-12 19:08:20,733  WARNING     Skipping row due to error: (sqlite3.OperationalError) near "RETURNING": syntax error
[SQL: 
        INSERT INTO jobs
            (source, external_id, title, company, city, region, country,
             is_remote, salary_min, salary_max, salary_mid, url, date_posted)
        VALUES
            (?, ?, ?, ?, ?, ?, ?,
             ?, ?, ?, ?, ?, ?)
        ON CONFLICT (source, external_id) DO NOTHING
        RETURNING id;
    ]
[parameters: ('adzuna', '5695806393', 'Python Developer', 'ICT Mondial Inc', 'Woodlawn', 'Baltimore County', None, False, 111511.76, 111511.76, 111511.76, 'https://www.adzuna.com/details/5695806393?utm_medium=api&utm_source=8d05c7a4', '2026-04-10')]
(Background on this error at: https://sqlalche.me/e/20/e3q8)
2026-04-12 19:08:20,734  WARNING     Skipping row due to error: (sqlite3.OperationalError) near "RETURNING": syntax error
[SQL: 
        INSERT INTO jobs
            (source, external_id, title, company, city, region, country,
             is_remote, salary_min, salary_max, salary_mid, url, date_posted)
        VALUES
            (?, ?, ?, ?, ?, ?, ?,
             ?, ?, ?, ?, ?, ?)
        ON CONFLICT (source, external_id) DO NOTHING
        RETURNING id;
    ]
[parameters: ('adzuna', '5655614981', 'Python Developer', 'Constellation', 'Rosslyn', 'Arlington County', None, False, 110000.0, 125000.0, 117500.0, 'https://www.adzuna.com/details/5655614981?utm_medium=api&utm_source=8d05c7a4', '2026-03-05')]
(Background on this error at: https://sqlalche.me/e/20/e3q8)
2026-04-12 19:08:20,735  WARNING     Skipping row due to error: (sqlite3.OperationalError) near "RETURNING": syntax error
[SQL: 
        INSERT INTO jobs
            (source, external_id, title, company, city, region, country,
             is_remote, salary_min, salary_max, salary_mid, url, date_posted)
        VALUES
            (?, ?, ?, ?, ?, ?, ?,
             ?, ?, ?, ?, ?, ?)
        ON CONFLICT (source, external_id) DO NOTHING
        RETURNING id;
    ]
[parameters: ('adzuna', '5683639153', 'Python Developer', 'Econosoft', 'Reston', 'Fairfax County', None, False, 183942.3, 183942.3, 183942.3, 'https://www.adzuna.com/details/5683639153?utm_medium=api&utm_source=8d05c7a4', '2026-03-30')]
(Background on this error at: https://sqlalche.me/e/20/e3q8)
2026-04-12 19:08:20,735  WARNING     Skipping row due to error: (sqlite3.OperationalError) near "RETURNING": syntax error
[SQL: 
        INSERT INTO jobs
            (source, external_id, title, company, city, region, country,
             is_remote, salary_min, salary_max, salary_mid, url, date_posted)
        VALUES
            (?, ?, ?, ?, ?, ?, ?,
             ?, ?, ?, ?, ?, ?)
        ON CONFLICT (source, external_id) DO NOTHING
        RETURNING id;
    ]
[parameters: ('adzuna', '5680727834', 'Python Developer', 'Insight Global', 'Irving', 'Dallas', None, False, 106421.3, 106421.3, 106421.3, 'https://www.adzuna.com/details/5680727834?utm_medium=api&utm_source=8d05c7a4', '2026-03-27')]
(Background on this error at: https://sqlalche.me/e/20/e3q8)
2026-04-12 19:08:20,735  WARNING     Skipping row due to error: (sqlite3.OperationalError) near "RETURNING": syntax error
[SQL: 
        INSERT INTO jobs
            (source, external_id, title, company, city, region, country,
             is_remote, salary_min, salary_max, salary_mid, url, date_posted)
        VALUES
            (?, ?, ?, ?, ?, ?, ?,
             ?, ?, ?, ?, ?, ?)
        ON CONFLICT (source, external_id) DO NOTHING
        RETURNING id;
    ]
[parameters: ('adzuna', '5689278864', 'Python Developer', 'ManpowerGroup', 'Irving', 'Dallas', None, False, 215196.2, 215196.2, 215196.2, 'https://www.adzuna.com/details/5689278864?utm_medium=api&utm_source=8d05c7a4', '2026-04-03')]
(Background on this error at: https://sqlalche.me/e/20/e3q8)
2026-04-12 19:08:20,736  WARNING     Skipping row due to error: (sqlite3.OperationalError) near "RETURNING": syntax error
[SQL: 
        INSERT INTO jobs
            (source, external_id, title, company, city, region, country,
             is_remote, salary_min, salary_max, salary_mid, url, date_posted)
        VALUES
            (?, ?, ?, ?, ?, ?, ?,
             ?, ?, ?, ?, ?, ?)
        ON CONFLICT (source, external_id) DO NOTHING
        RETURNING id;
    ]
[parameters: ('adzuna', '5683250427', 'Python Developer', 'Vimerse Infotech Inc', 'US', None, None, False, 65612.42, 65612.42, 65612.42, 'https://www.adzuna.com/details/5683250427?utm_medium=api&utm_source=8d05c7a4', '2026-03-30')]
(Background on this error at: https://sqlalche.me/e/20/e3q8)
2026-04-12 19:08:20,737  WARNING     Skipping row due to error: (sqlite3.OperationalError) near "RETURNING": syntax error
[SQL: 
        INSERT INTO jobs
            (source, external_id, title, company, city, region, country,
             is_remote, salary_min, salary_max, salary_mid, url, date_posted)
        VALUES
            (?, ?, ?, ?, ?, ?, ?,
             ?, ?, ?, ?, ?, ?)
        ON CONFLICT (source, external_id) DO NOTHING
        RETURNING id;
    ]
[parameters: ('adzuna', '5675090473', 'Python Developer', 'WEX', 'US', None, None, False, 121500.0, 145500.0, 133500.0, 'https://www.adzuna.com/details/5675090473?utm_medium=api&utm_source=8d05c7a4', '2026-03-22')]
(Background on this error at: https://sqlalche.me/e/20/e3q8)
2026-04-12 19:08:20,737  WARNING     Skipping row due to error: (sqlite3.OperationalError) near "RETURNING": syntax error
[SQL: 
        INSERT INTO jobs
            (source, external_id, title, company, city, region, country,
             is_remote, salary_min, salary_max, salary_mid, url, date_posted)
        VALUES
            (?, ?, ?, ?, ?, ?, ?,
             ?, ?, ?, ?, ?, ?)
        ON CONFLICT (source, external_id) DO NOTHING
        RETURNING id;
    ]
[parameters: ('adzuna', '5694660676', 'Python Developer', 'Arrow Search Partners', 'Grand Central', 'Manhattan', None, False, 117818.53, 117818.53, 117818.53, 'https://www.adzuna.com/details/5694660676?utm_medium=api&utm_source=8d05c7a4', '2026-04-09')]
(Background on this error at: https://sqlalche.me/e/20/e3q8)
2026-04-12 19:08:20,738  WARNING     Skipping row due to error: (sqlite3.OperationalError) near "RETURNING": syntax error
[SQL: 
        INSERT INTO jobs
            (source, external_id, title, company, city, region, country,
             is_remote, salary_min, salary_max, salary_mid, url, date_posted)
        VALUES
            (?, ?, ?, ?, ?, ?, ?,
             ?, ?, ?, ?, ?, ?)
        ON CONFLICT (source, external_id) DO NOTHING
        RETURNING id;
    ]
[parameters: ('adzuna', '5683631635', 'Python Developer', 'Apex Systems', 'Five Corners', 'Hudson County', None, False, 90397.17, 90397.17, 90397.17, 'https://www.adzuna.com/details/5683631635?utm_medium=api&utm_source=8d05c7a4', '2026-03-30')]
(Background on this error at: https://sqlalche.me/e/20/e3q8)
2026-04-12 19:08:20,739  WARNING     Skipping row due to error: (sqlite3.OperationalError) near "RETURNING": syntax error
[SQL: 
        INSERT INTO jobs
            (source, external_id, title, company, city, region, country,
             is_remote, salary_min, salary_max, salary_mid, url, date_posted)
        VALUES
            (?, ?, ?, ?, ?, ?, ?,
             ?, ?, ?, ?, ?, ?)
        ON CONFLICT (source, external_id) DO NOTHING
        RETURNING id;
    ]
[parameters: ('adzuna', '5683635391', 'Python Developer', 'Empower Professionals', 'US', None, None, False, 86629.22, 86629.22, 86629.22, 'https://www.adzuna.com/details/5683635391?utm_medium=api&utm_source=8d05c7a4', '2026-03-30')]
(Background on this error at: https://sqlalche.me/e/20/e3q8)
2026-04-12 19:08:20,740  WARNING     Skipping row due to error: (sqlite3.OperationalError) near "RETURNING": syntax error
[SQL: 
        INSERT INTO jobs
            (source, external_id, title, company, city, region, country,
             is_remote, salary_min, salary_max, salary_mid, url, date_posted)
        VALUES
            (?, ?, ?, ?, ?, ?, ?,
             ?, ?, ?, ?, ?, ?)
        ON CONFLICT (source, external_id) DO NOTHING
        RETURNING id;
    ]
[parameters: ('adzuna', '5683249753', 'Python developer', 'Ampcus Inc', 'Minerva Park', 'Franklin County', None, False, 74927.73, 74927.73, 74927.73, 'https://www.adzuna.com/details/5683249753?utm_medium=api&utm_source=8d05c7a4', '2026-03-30')]
(Background on this error at: https://sqlalche.me/e/20/e3q8)
2026-04-12 19:08:20,741  WARNING     Skipping row due to error: (sqlite3.OperationalError) near "RETURNING": syntax error
[SQL: 
        INSERT INTO jobs
            (source, external_id, title, company, city, region, country,
             is_remote, salary_min, salary_max, salary_mid, url, date_posted)
        VALUES
            (?, ?, ?, ?, ?, ?, ?,
             ?, ?, ?, ?, ?, ?)
        ON CONFLICT (source, external_id) DO NOTHING
        RETURNING id;
    ]
[parameters: ('adzuna', '5692198680', 'Python Developer', 'Compsciprep LLC', 'US', None, None, False, 86849.42, 86849.42, 86849.42, 'https://www.adzuna.com/details/5692198680?utm_medium=api&utm_source=8d05c7a4', '2026-04-07')]
(Background on this error at: https://sqlalche.me/e/20/e3q8)
2026-04-12 19:08:20,741  WARNING     Skipping row due to error: (sqlite3.OperationalError) near "RETURNING": syntax error
[SQL: 
        INSERT INTO jobs
            (source, external_id, title, company, city, region, country,
             is_remote, salary_min, salary_max, salary_mid, url, date_posted)
        VALUES
            (?, ?, ?, ?, ?, ?, ?,
             ?, ?, ?, ?, ?, ?)
        ON CONFLICT (source, external_id) DO NOTHING
        RETURNING id;
    ]
[parameters: ('adzuna', '5626825639', 'Python Developer', 'Davis Strategic Innovations', 'Huntsville', 'Madison County', None, False, 74451.57, 74451.57, 74451.57, 'https://www.adzuna.com/details/5626825639?utm_medium=api&utm_source=8d05c7a4', '2026-02-12')]
(Background on this error at: https://sqlalche.me/e/20/e3q8)
2026-04-12 19:08:20,742  WARNING     Skipping row due to error: (sqlite3.OperationalError) near "RETURNING": syntax error
[SQL: 
        INSERT INTO jobs
            (source, external_id, title, company, city, region, country,
             is_remote, salary_min, salary_max, salary_mid, url, date_posted)
        VALUES
            (?, ?, ?, ?, ?, ?, ?,
             ?, ?, ?, ?, ?, ?)
        ON CONFLICT (source, external_id) DO NOTHING
        RETURNING id;
    ]
[parameters: ('adzuna', '5683624732', 'Python Developer', 'Next Level Business Services, Inc.', 'US', None, None, False, 109972.38, 109972.38, 109972.38, 'https://www.adzuna.com/details/5683624732?utm_medium=api&utm_source=8d05c7a4', '2026-03-30')]
(Background on this error at: https://sqlalche.me/e/20/e3q8)
2026-04-12 19:08:20,742  WARNING     Skipping row due to error: (sqlite3.OperationalError) near "RETURNING": syntax error
[SQL: 
        INSERT INTO jobs
            (source, external_id, title, company, city, region, country,
             is_remote, salary_min, salary_max, salary_mid, url, date_posted)
        VALUES
            (?, ?, ?, ?, ?, ?, ?,
             ?, ?, ?, ?, ?, ?)
        ON CONFLICT (source, external_id) DO NOTHING
        RETURNING id;
    ]
[parameters: ('adzuna', '5683636085', 'Python Developer', 'Horizontal Talent', 'Greenwood Village', 'Arapahoe County', None, False, 97172.91, 97172.91, 97172.91, 'https://www.adzuna.com/details/5683636085?utm_medium=api&utm_source=8d05c7a4', '2026-03-30')]
(Background on this error at: https://sqlalche.me/e/20/e3q8)
2026-04-12 19:08:20,743  WARNING     Skipping row due to error: (sqlite3.OperationalError) near "RETURNING": syntax error
[SQL: 
        INSERT INTO jobs
            (source, external_id, title, company, city, region, country,
             is_remote, salary_min, salary_max, salary_mid, url, date_posted)
        VALUES
            (?, ?, ?, ?, ?, ?, ?,
             ?, ?, ?, ?, ?, ?)
        ON CONFLICT (source, external_id) DO NOTHING
        RETURNING id;
    ]
[parameters: ('adzuna', '5232174024', 'Python Developer', 'Android Recruiting', 'Minneapolis', 'Hennepin County', None, False, 100337.28, 100337.28, 100337.28, 'https://www.adzuna.com/details/5232174024?utm_medium=api&utm_source=8d05c7a4', '2025-06-04')]
(Background on this error at: https://sqlalche.me/e/20/e3q8)
2026-04-12 19:08:20,743  WARNING     Skipping row due to error: (sqlite3.OperationalError) near "RETURNING": syntax error
[SQL: 
        INSERT INTO jobs
            (source, external_id, title, company, city, region, country,
             is_remote, salary_min, salary_max, salary_mid, url, date_posted)
        VALUES
            (?, ?, ?, ?, ?, ?, ?,
             ?, ?, ?, ?, ?, ?)
        ON CONFLICT (source, external_id) DO NOTHING
        RETURNING id;
    ]
[parameters: ('adzuna', '5692312558', 'Python Developer', 'Synechron', 'Charlotte', 'Mecklenburg County', None, False, 122642.0, 122642.0, 122642.0, 'https://www.adzuna.com/details/5692312558?utm_medium=api&utm_source=8d05c7a4', '2026-04-07')]
(Background on this error at: https://sqlalche.me/e/20/e3q8)
2026-04-12 19:08:20,744  WARNING     Skipping row due to error: (sqlite3.OperationalError) near "RETURNING": syntax error
[SQL: 
        INSERT INTO jobs
            (source, external_id, title, company, city, region, country,
             is_remote, salary_min, salary_max, salary_mid, url, date_posted)
        VALUES
            (?, ?, ?, ?, ?, ?, ?,
             ?, ?, ?, ?, ?, ?)
        ON CONFLICT (source, external_id) DO NOTHING
        RETURNING id;
    ]
[parameters: ('adzuna', '5692469202', 'Python Developer', 'Motion Recruitment Partners', 'Irving', 'Dallas', None, False, 116695.59, 116695.59, 116695.59, 'https://www.adzuna.com/details/5692469202?utm_medium=api&utm_source=8d05c7a4', '2026-04-07')]
(Background on this error at: https://sqlalche.me/e/20/e3q8)
2026-04-12 19:08:20,744  WARNING     Skipping row due to error: (sqlite3.OperationalError) near "RETURNING": syntax error
[SQL: 
        INSERT INTO jobs
            (source, external_id, title, company, city, region, country,
             is_remote, salary_min, salary_max, salary_mid, url, date_posted)
        VALUES
            (?, ?, ?, ?, ?, ?, ?,
             ?, ?, ?, ?, ?, ?)
        ON CONFLICT (source, external_id) DO NOTHING
        RETURNING id;
    ]
[parameters: ('adzuna', '5696056550', 'Python Developer', 'Sky Solutions LLC', 'Woodlawn', 'Baltimore County', None, False, 150279.73, 150279.73, 150279.73, 'https://www.adzuna.com/details/5696056550?utm_medium=api&utm_source=8d05c7a4', '2026-04-10')]
(Background on this error at: https://sqlalche.me/e/20/e3q8)
2026-04-12 19:08:20,745  WARNING     Skipping row due to error: (sqlite3.OperationalError) near "RETURNING": syntax error
[SQL: 
        INSERT INTO jobs
            (source, external_id, title, company, city, region, country,
             is_remote, salary_min, salary_max, salary_mid, url, date_posted)
        VALUES
            (?, ?, ?, ?, ?, ?, ?,
             ?, ?, ?, ?, ?, ?)
        ON CONFLICT (source, external_id) DO NOTHING
        RETURNING id;
    ]
[parameters: ('adzuna', '5683246885', 'Python Developer', 'Collabera LLC', 'US', None, None, False, 105709.19, 105709.19, 105709.19, 'https://www.adzuna.com/details/5683246885?utm_medium=api&utm_source=8d05c7a4', '2026-03-30')]
(Background on this error at: https://sqlalche.me/e/20/e3q8)
2026-04-12 19:08:20,746  WARNING     Skipping row due to error: (sqlite3.OperationalError) near "RETURNING": syntax error
[SQL: 
        INSERT INTO jobs
            (source, external_id, title, company, city, region, country,
             is_remote, salary_min, salary_max, salary_mid, url, date_posted)
        VALUES
            (?, ?, ?, ?, ?, ?, ?,
             ?, ?, ?, ?, ?, ?)
        ON CONFLICT (source, external_id) DO NOTHING
        RETURNING id;
    ]
[parameters: ('adzuna', '5683632894', 'Python Developer', 'Collabera LLC', 'US', None, None, False, 100883.91, 100883.91, 100883.91, 'https://www.adzuna.com/details/5683632894?utm_medium=api&utm_source=8d05c7a4', '2026-03-30')]
(Background on this error at: https://sqlalche.me/e/20/e3q8)
2026-04-12 19:08:20,747  WARNING     Skipping row due to error: (sqlite3.OperationalError) near "RETURNING": syntax error
[SQL: 
        INSERT INTO jobs
            (source, external_id, title, company, city, region, country,
             is_remote, salary_min, salary_max, salary_mid, url, date_posted)
        VALUES
            (?, ?, ?, ?, ?, ?, ?,
             ?, ?, ?, ?, ?, ?)
        ON CONFLICT (source, external_id) DO NOTHING
        RETURNING id;
    ]
[parameters: ('adzuna', '5694595794', 'Python Developer', 'Rezult Group, Inc', 'Nashville', 'Davidson County', None, False, 79139.23, 79139.23, 79139.23, 'https://www.adzuna.com/details/5694595794?utm_medium=api&utm_source=8d05c7a4', '2026-04-09')]
(Background on this error at: https://sqlalche.me/e/20/e3q8)
2026-04-12 19:08:20,748  WARNING     Skipping row due to error: (sqlite3.OperationalError) near "RETURNING": syntax error
[SQL: 
        INSERT INTO jobs
            (source, external_id, title, company, city, region, country,
             is_remote, salary_min, salary_max, salary_mid, url, date_posted)
        VALUES
            (?, ?, ?, ?, ?, ?, ?,
             ?, ?, ?, ?, ?, ?)
        ON CONFLICT (source, external_id) DO NOTHING
        RETURNING id;
    ]
[parameters: ('adzuna', '5685927188', 'Python Developer', 'Stellar Professionals LLC', 'Minerva Park', 'Franklin County', None, False, 89493.33, 89493.33, 89493.33, 'https://www.adzuna.com/details/5685927188?utm_medium=api&utm_source=8d05c7a4', '2026-04-01')]
(Background on this error at: https://sqlalche.me/e/20/e3q8)
2026-04-12 19:08:20,749  WARNING     Skipping row due to error: (sqlite3.OperationalError) near "RETURNING": syntax error
[SQL: 
        INSERT INTO jobs
            (source, external_id, title, company, city, region, country,
             is_remote, salary_min, salary_max, salary_mid, url, date_posted)
        VALUES
            (?, ?, ?, ?, ?, ?, ?,
             ?, ?, ?, ?, ?, ?)
        ON CONFLICT (source, external_id) DO NOTHING
        RETURNING id;
    ]
[parameters: ('adzuna', '5688272775', 'Python Developer', 'Robert Half', 'Riverton', 'Salt Lake County', None, False, 126852.23, 126852.23, 126852.23, 'https://www.adzuna.com/land/ad/5688272775?se=VjQu9VA28RG_J8d0bkVF5A&utm_medium=api&utm_source=8d05c7a4&v=ADCA343AEB11864A7BD7B220C97122D53A850781', '2026-04-03')]
(Background on this error at: https://sqlalche.me/e/20/e3q8)
2026-04-12 19:08:20,749  WARNING     Skipping row due to error: (sqlite3.OperationalError) near "RETURNING": syntax error
[SQL: 
        INSERT INTO jobs
            (source, external_id, title, company, city, region, country,
             is_remote, salary_min, salary_max, salary_mid, url, date_posted)
        VALUES
            (?, ?, ?, ?, ?, ?, ?,
             ?, ?, ?, ?, ?, ?)
        ON CONFLICT (source, external_id) DO NOTHING
        RETURNING id;
    ]
[parameters: ('adzuna', '5072374144', 'Python Developer', 'Cozen', 'Nashville', 'Howard County', None, False, 109191.31, 109191.31, 109191.31, 'https://www.adzuna.com/details/5072374144?utm_medium=api&utm_source=8d05c7a4', '2025-03-03')]
(Background on this error at: https://sqlalche.me/e/20/e3q8)
2026-04-12 19:08:20,750  WARNING     Skipping row due to error: (sqlite3.OperationalError) near "RETURNING": syntax error
[SQL: 
        INSERT INTO jobs
            (source, external_id, title, company, city, region, country,
             is_remote, salary_min, salary_max, salary_mid, url, date_posted)
        VALUES
            (?, ?, ?, ?, ?, ?, ?,
             ?, ?, ?, ?, ?, ?)
        ON CONFLICT (source, external_id) DO NOTHING
        RETURNING id;
    ]
[parameters: ('adzuna', '5277071569', 'Python Developer', 'Cozen', 'US', None, None, False, 145608.48, 145608.48, 145608.48, 'https://www.adzuna.com/details/5277071569?utm_medium=api&utm_source=8d05c7a4', '2025-07-01')]
(Background on this error at: https://sqlalche.me/e/20/e3q8)
2026-04-12 19:08:20,750  WARNING     Skipping row due to error: (sqlite3.OperationalError) near "RETURNING": syntax error
[SQL: 
        INSERT INTO jobs
            (source, external_id, title, company, city, region, country,
             is_remote, salary_min, salary_max, salary_mid, url, date_posted)
        VALUES
            (?, ?, ?, ?, ?, ?, ?,
             ?, ?, ?, ?, ?, ?)
        ON CONFLICT (source, external_id) DO NOTHING
        RETURNING id;
    ]
[parameters: ('adzuna', '5683640359', 'Python Developer', 'Apex Systems', 'Five Corners', 'Hudson County', None, False, 110693.57, 110693.57, 110693.57, 'https://www.adzuna.com/details/5683640359?utm_medium=api&utm_source=8d05c7a4', '2026-03-30')]
(Background on this error at: https://sqlalche.me/e/20/e3q8)
2026-04-12 19:08:20,751  WARNING     Skipping row due to error: (sqlite3.OperationalError) near "RETURNING": syntax error
[SQL: 
        INSERT INTO jobs
            (source, external_id, title, company, city, region, country,
             is_remote, salary_min, salary_max, salary_mid, url, date_posted)
        VALUES
            (?, ?, ?, ?, ?, ?, ?,
             ?, ?, ?, ?, ?, ?)
        ON CONFLICT (source, external_id) DO NOTHING
        RETURNING id;
    ]
[parameters: ('adzuna', '5687582294', 'Python Developer', 'Collabera LLC', 'Five Corners', 'Hudson County', None, False, 105895.35, 105895.35, 105895.35, 'https://www.adzuna.com/details/5687582294?utm_medium=api&utm_source=8d05c7a4', '2026-04-02')]
(Background on this error at: https://sqlalche.me/e/20/e3q8)
2026-04-12 19:08:20,751  WARNING     Skipping row due to error: (sqlite3.OperationalError) near "RETURNING": syntax error
[SQL: 
        INSERT INTO jobs
            (source, external_id, title, company, city, region, country,
             is_remote, salary_min, salary_max, salary_mid, url, date_posted)
        VALUES
            (?, ?, ?, ?, ?, ?, ?,
             ?, ?, ?, ?, ?, ?)
        ON CONFLICT (source, external_id) DO NOTHING
        RETURNING id;
    ]
[parameters: ('adzuna', '5286806024', 'Python Developer', 'remarqable', 'Minneapolis', 'Hennepin County', None, False, 93826.94, 93826.94, 93826.94, 'https://www.adzuna.com/details/5286806024?utm_medium=api&utm_source=8d05c7a4', '2025-07-05')]
(Background on this error at: https://sqlalche.me/e/20/e3q8)
2026-04-12 19:08:20,752  WARNING     Skipping row due to error: (sqlite3.OperationalError) near "RETURNING": syntax error
[SQL: 
        INSERT INTO jobs
            (source, external_id, title, company, city, region, country,
             is_remote, salary_min, salary_max, salary_mid, url, date_posted)
        VALUES
            (?, ?, ?, ?, ?, ?, ?,
             ?, ?, ?, ?, ?, ?)
        ON CONFLICT (source, external_id) DO NOTHING
        RETURNING id;
    ]
[parameters: ('adzuna', '5688133039', 'Python Developer', 'VDart, Inc.', 'Bellevue', 'King County', None, False, 220909.77, 220909.77, 220909.77, 'https://www.adzuna.com/details/5688133039?utm_medium=api&utm_source=8d05c7a4', '2026-04-02')]
(Background on this error at: https://sqlalche.me/e/20/e3q8)
2026-04-12 19:08:20,753  WARNING     Skipping row due to error: (sqlite3.OperationalError) near "RETURNING": syntax error
[SQL: 
        INSERT INTO jobs
            (source, external_id, title, company, city, region, country,
             is_remote, salary_min, salary_max, salary_mid, url, date_posted)
        VALUES
            (?, ?, ?, ?, ?, ?, ?,
             ?, ?, ?, ?, ?, ?)
        ON CONFLICT (source, external_id) DO NOTHING
        RETURNING id;
    ]
[parameters: ('adzuna', '5691684974', 'Python Developer', 'Motion Recruitment Partners, LLC', 'Irving', 'Dallas', None, False, 117688.16, 117688.16, 117688.16, 'https://www.adzuna.com/details/5691684974?utm_medium=api&utm_source=8d05c7a4', '2026-04-06')]
(Background on this error at: https://sqlalche.me/e/20/e3q8)
2026-04-12 19:08:20,754  WARNING     Skipping row due to error: (sqlite3.OperationalError) near "RETURNING": syntax error
[SQL: 
        INSERT INTO jobs
            (source, external_id, title, company, city, region, country,
             is_remote, salary_min, salary_max, salary_mid, url, date_posted)
        VALUES
            (?, ?, ?, ?, ?, ?, ?,
             ?, ?, ?, ?, ?, ?)
        ON CONFLICT (source, external_id) DO NOTHING
        RETURNING id;
    ]
[parameters: ('adzuna', '5679730253', 'Python Developer', 'Insight Global', 'Old Sixth Ward', 'Houston', None, False, 115504.79, 115504.79, 115504.79, 'https://www.adzuna.com/details/5679730253?utm_medium=api&utm_source=8d05c7a4', '2026-03-26')]
(Background on this error at: https://sqlalche.me/e/20/e3q8)
2026-04-12 19:08:20,755  WARNING     Skipping row due to error: (sqlite3.OperationalError) near "RETURNING": syntax error
[SQL: 
        INSERT INTO jobs
            (source, external_id, title, company, city, region, country,
             is_remote, salary_min, salary_max, salary_mid, url, date_posted)
        VALUES
            (?, ?, ?, ?, ?, ?, ?,
             ?, ?, ?, ?, ?, ?)
        ON CONFLICT (source, external_id) DO NOTHING
        RETURNING id;
    ]
[parameters: ('adzuna', '5694632353', 'Python Developer', 'TechSpace Solutions Inc.', 'Grand Central', 'Manhattan', None, False, 82853.33, 82853.33, 82853.33, 'https://www.adzuna.com/details/5694632353?utm_medium=api&utm_source=8d05c7a4', '2026-04-09')]
(Background on this error at: https://sqlalche.me/e/20/e3q8)
2026-04-12 19:08:20,755  WARNING     Skipping row due to error: (sqlite3.OperationalError) near "RETURNING": syntax error
[SQL: 
        INSERT INTO jobs
            (source, external_id, title, company, city, region, country,
             is_remote, salary_min, salary_max, salary_mid, url, date_posted)
        VALUES
            (?, ?, ?, ?, ?, ?, ?,
             ?, ?, ?, ?, ?, ?)
        ON CONFLICT (source, external_id) DO NOTHING
        RETURNING id;
    ]
[parameters: ('adzuna', '5695767697', 'Python Developer', 'Sky Solutions LLC', 'Woodlawn', 'Baltimore County', None, False, 120067.04, 120067.04, 120067.04, 'https://www.adzuna.com/details/5695767697?utm_medium=api&utm_source=8d05c7a4', '2026-04-10')]
(Background on this error at: https://sqlalche.me/e/20/e3q8)
2026-04-12 19:08:20,756  WARNING     Skipping row due to error: (sqlite3.OperationalError) near "RETURNING": syntax error
[SQL: 
        INSERT INTO jobs
            (source, external_id, title, company, city, region, country,
             is_remote, salary_min, salary_max, salary_mid, url, date_posted)
        VALUES
            (?, ?, ?, ?, ?, ?, ?,
             ?, ?, ?, ?, ?, ?)
        ON CONFLICT (source, external_id) DO NOTHING
        RETURNING id;
    ]
[parameters: ('adzuna', '5683635586', 'Python Developer', 'Apex Systems', 'Charlotte', 'Mecklenburg County', None, False, 107072.21, 107072.21, 107072.21, 'https://www.adzuna.com/details/5683635586?utm_medium=api&utm_source=8d05c7a4', '2026-03-30')]
(Background on this error at: https://sqlalche.me/e/20/e3q8)
2026-04-12 19:08:20,756  WARNING     Skipping row due to error: (sqlite3.OperationalError) near "RETURNING": syntax error
[SQL: 
        INSERT INTO jobs
            (source, external_id, title, company, city, region, country,
             is_remote, salary_min, salary_max, salary_mid, url, date_posted)
        VALUES
            (?, ?, ?, ?, ?, ?, ?,
             ?, ?, ?, ?, ?, ?)
        ON CONFLICT (source, external_id) DO NOTHING
        RETURNING id;
    ]
[parameters: ('adzuna', '5695767891', 'Python Developer', 'INSPYR Solutions', 'Milford Mill', 'Baltimore County', None, False, 102587.88, 102587.88, 102587.88, 'https://www.adzuna.com/details/5695767891?utm_medium=api&utm_source=8d05c7a4', '2026-04-10')]
(Background on this error at: https://sqlalche.me/e/20/e3q8)
2026-04-12 19:08:20,757  WARNING     Skipping row due to error: (sqlite3.OperationalError) near "RETURNING": syntax error
[SQL: 
        INSERT INTO jobs
            (source, external_id, title, company, city, region, country,
             is_remote, salary_min, salary_max, salary_mid, url, date_posted)
        VALUES
            (?, ?, ?, ?, ?, ?, ?,
             ?, ?, ?, ?, ?, ?)
        ON CONFLICT (source, external_id) DO NOTHING
        RETURNING id;
    ]
[parameters: ('adzuna', '5683640537', 'Python Developer', 'Apex Systems', 'Charlotte', 'Mecklenburg County', None, False, 121080.66, 121080.66, 121080.66, 'https://www.adzuna.com/details/5683640537?utm_medium=api&utm_source=8d05c7a4', '2026-03-30')]
(Background on this error at: https://sqlalche.me/e/20/e3q8)
2026-04-12 19:08:20,758  WARNING     Skipping row due to error: (sqlite3.OperationalError) near "RETURNING": syntax error
[SQL: 
        INSERT INTO jobs
            (source, external_id, title, company, city, region, country,
             is_remote, salary_min, salary_max, salary_mid, url, date_posted)
        VALUES
            (?, ?, ?, ?, ?, ?, ?,
             ?, ?, ?, ?, ?, ?)
        ON CONFLICT (source, external_id) DO NOTHING
        RETURNING id;
    ]
[parameters: ('adzuna', '5695024611', 'Python Developer', 'TEKsystems', 'William Penn Annex East', 'Philadelphia County', None, False, 168635.97, 168635.97, 168635.97, 'https://www.adzuna.com/details/5695024611?utm_medium=api&utm_source=8d05c7a4', '2026-04-09')]
(Background on this error at: https://sqlalche.me/e/20/e3q8)
2026-04-12 19:08:20,758  WARNING     Skipping row due to error: (sqlite3.OperationalError) near "RETURNING": syntax error
[SQL: 
        INSERT INTO jobs
            (source, external_id, title, company, city, region, country,
             is_remote, salary_min, salary_max, salary_mid, url, date_posted)
        VALUES
            (?, ?, ?, ?, ?, ?, ?,
             ?, ?, ?, ?, ?, ?)
        ON CONFLICT (source, external_id) DO NOTHING
        RETURNING id;
    ]
[parameters: ('adzuna', '5683626632', 'Python Developer', 'Robert Half', 'Easton', 'Wayne County', None, False, 73175.56, 73175.56, 73175.56, 'https://www.adzuna.com/details/5683626632?utm_medium=api&utm_source=8d05c7a4', '2026-03-30')]
(Background on this error at: https://sqlalche.me/e/20/e3q8)
2026-04-12 19:08:20,759  WARNING     Skipping row due to error: (sqlite3.OperationalError) near "RETURNING": syntax error
[SQL: 
        INSERT INTO jobs
            (source, external_id, title, company, city, region, country,
             is_remote, salary_min, salary_max, salary_mid, url, date_posted)
        VALUES
            (?, ?, ?, ?, ?, ?, ?,
             ?, ?, ?, ?, ?, ?)
        ON CONFLICT (source, external_id) DO NOTHING
        RETURNING id;
    ]
[parameters: ('adzuna', '5673744418', 'Python Developer', 'Robert Half', 'Rittman', 'Wayne County', None, False, 71561.62, 71561.62, 71561.62, 'https://www.adzuna.com/land/ad/5673744418?se=VjQu9VA28RG_J8d0bkVF5A&utm_medium=api&utm_source=8d05c7a4&v=1A190D4D190C44E9FE7003AAE4C49B0C5DF8B05D', '2026-03-20')]
(Background on this error at: https://sqlalche.me/e/20/e3q8)
2026-04-12 19:08:20,760  WARNING     Skipping row due to error: (sqlite3.OperationalError) near "RETURNING": syntax error
[SQL: 
        INSERT INTO jobs
            (source, external_id, title, company, city, region, country,
             is_remote, salary_min, salary_max, salary_mid, url, date_posted)
        VALUES
            (?, ?, ?, ?, ?, ?, ?,
             ?, ?, ?, ?, ?, ?)
        ON CONFLICT (source, external_id) DO NOTHING
        RETURNING id;
    ]
[parameters: ('adzuna', '5226343990', 'Python Developer', 'Link', 'Annapolis Junction', 'Anne Arundel County', None, False, 96142.25, 96142.25, 96142.25, 'https://www.adzuna.com/details/5226343990?utm_medium=api&utm_source=8d05c7a4', '2025-06-01')]
(Background on this error at: https://sqlalche.me/e/20/e3q8)
2026-04-12 19:08:20,761  WARNING     Skipping row due to error: (sqlite3.OperationalError) near "RETURNING": syntax error
[SQL: 
        INSERT INTO jobs
            (source, external_id, title, company, city, region, country,
             is_remote, salary_min, salary_max, salary_mid, url, date_posted)
        VALUES
            (?, ?, ?, ?, ?, ?, ?,
             ?, ?, ?, ?, ?, ?)
        ON CONFLICT (source, external_id) DO NOTHING
        RETURNING id;
    ]
[parameters: ('adzuna', '5696124319', 'Python Developer', 'Spar Information Systems', 'Elkins Park', 'Montgomery County', None, False, 133140.47, 133140.47, 133140.47, 'https://www.adzuna.com/details/5696124319?utm_medium=api&utm_source=8d05c7a4', '2026-04-10')]
(Background on this error at: https://sqlalche.me/e/20/e3q8)
2026-04-12 19:08:20,762  WARNING     Skipping row due to error: (sqlite3.OperationalError) near "RETURNING": syntax error
[SQL: 
        INSERT INTO jobs
            (source, external_id, title, company, city, region, country,
             is_remote, salary_min, salary_max, salary_mid, url, date_posted)
        VALUES
            (?, ?, ?, ?, ?, ?, ?,
             ?, ?, ?, ?, ?, ?)
        ON CONFLICT (source, external_id) DO NOTHING
        RETURNING id;
    ]
[parameters: ('adzuna', '5692133257', 'Data Analyst II', 'NES Fircroft', 'Spring', 'Harris County', None, False, 103726.1, 103726.1, 103726.1, 'https://www.adzuna.com/land/ad/5692133257?se=Xrk191A28RGxboRaoq6V0w&utm_medium=api&utm_source=8d05c7a4&v=4E7A3A2FB4B0604CB0DFBA8093C703B5FA249703', '2026-04-07')]
(Background on this error at: https://sqlalche.me/e/20/e3q8)
2026-04-12 19:08:20,763  WARNING     Skipping row due to error: (sqlite3.OperationalError) near "RETURNING": syntax error
[SQL: 
        INSERT INTO jobs
            (source, external_id, title, company, city, region, country,
             is_remote, salary_min, salary_max, salary_mid, url, date_posted)
        VALUES
            (?, ?, ?, ?, ?, ?, ?,
             ?, ?, ?, ?, ?, ?)
        ON CONFLICT (source, external_id) DO NOTHING
        RETURNING id;
    ]
[parameters: ('adzuna', '5692167474', 'Well Delivery Data Analyst', 'NES Fircroft', 'Spring', 'Harris County', None, False, 142493.28, 142493.28, 142493.28, 'https://www.adzuna.com/land/ad/5692167474?se=Xrk191A28RGxboRaoq6V0w&utm_medium=api&utm_source=8d05c7a4&v=623EE1DAFD9C5EB6A339EB3CD522F7303798F2FF', '2026-04-07')]
(Background on this error at: https://sqlalche.me/e/20/e3q8)
2026-04-12 19:08:20,763  WARNING     Skipping row due to error: (sqlite3.OperationalError) near "RETURNING": syntax error
[SQL: 
        INSERT INTO jobs
            (source, external_id, title, company, city, region, country,
             is_remote, salary_min, salary_max, salary_mid, url, date_posted)
        VALUES
            (?, ?, ?, ?, ?, ?, ?,
             ?, ?, ?, ?, ?, ?)
        ON CONFLICT (source, external_id) DO NOTHING
        RETURNING id;
    ]
[parameters: ('adzuna', '5685187768', 'Financial Data Analyst', 'Cherokee Federal', 'San Antonio', 'Bexar County', None, False, 89916.62, 89916.62, 89916.62, 'https://www.adzuna.com/land/ad/5685187768?se=Xrk191A28RGxboRaoq6V0w&utm_medium=api&utm_source=8d05c7a4&v=547452817F719C6D52B13DE360AEA0481553AF67', '2026-04-01')]
(Background on this error at: https://sqlalche.me/e/20/e3q8)
2026-04-12 19:08:20,765  WARNING     Skipping row due to error: (sqlite3.OperationalError) near "RETURNING": syntax error
[SQL: 
        INSERT INTO jobs
            (source, external_id, title, company, city, region, country,
             is_remote, salary_min, salary_max, salary_mid, url, date_posted)
        VALUES
            (?, ?, ?, ?, ?, ?, ?,
             ?, ?, ?, ?, ?, ?)
        ON CONFLICT (source, external_id) DO NOTHING
        RETURNING id;
    ]
[parameters: ('adzuna', '5694004009', 'Data Analyst', 'Denver Regional Council of Governments', 'Denver', 'Colorado', None, False, 81644.38, 81644.38, 81644.38, 'https://www.adzuna.com/land/ad/5694004009?se=Xrk191A28RGxboRaoq6V0w&utm_medium=api&utm_source=8d05c7a4&v=852BBF337A53BC7E741A37ABFD079479E69E5A93', '2026-04-08')]
(Background on this error at: https://sqlalche.me/e/20/e3q8)
2026-04-12 19:08:20,766  WARNING     Skipping row due to error: (sqlite3.OperationalError) near "RETURNING": syntax error
[SQL: 
        INSERT INTO jobs
            (source, external_id, title, company, city, region, country,
             is_remote, salary_min, salary_max, salary_mid, url, date_posted)
        VALUES
            (?, ?, ?, ?, ?, ?, ?,
             ?, ?, ?, ?, ?, ?)
        ON CONFLICT (source, external_id) DO NOTHING
        RETURNING id;
    ]
[parameters: ('adzuna', '5688931273', 'Data Analyst', 'Kforce Technology Staffing', 'Bloomfield', 'Allegheny County', None, False, 121721.48, 121721.48, 121721.48, 'https://www.adzuna.com/land/ad/5688931273?se=Xrk191A28RGxboRaoq6V0w&utm_medium=api&utm_source=8d05c7a4&v=021F073538A57EB42018C60FE80F9D46EE69F74A', '2026-04-03')]
(Background on this error at: https://sqlalche.me/e/20/e3q8)
2026-04-12 19:08:20,767  WARNING     Skipping row due to error: (sqlite3.OperationalError) near "RETURNING": syntax error
[SQL: 
        INSERT INTO jobs
            (source, external_id, title, company, city, region, country,
             is_remote, salary_min, salary_max, salary_mid, url, date_posted)
        VALUES
            (?, ?, ?, ?, ?, ?, ?,
             ?, ?, ?, ?, ?, ?)
        ON CONFLICT (source, external_id) DO NOTHING
        RETURNING id;
    ]
[parameters: ('adzuna', '5681129847', 'Data Analyst', 'SAIC', 'North Carolina', 'US', None, False, 83192.68, 83192.68, 83192.68, 'https://www.adzuna.com/land/ad/5681129847?se=Xrk191A28RGxboRaoq6V0w&utm_medium=api&utm_source=8d05c7a4&v=C780814B3331CC6045EEFF69F563705887F11EDA', '2026-03-28')]
(Background on this error at: https://sqlalche.me/e/20/e3q8)
2026-04-12 19:08:20,768  WARNING     Skipping row due to error: (sqlite3.OperationalError) near "RETURNING": syntax error
[SQL: 
        INSERT INTO jobs
            (source, external_id, title, company, city, region, country,
             is_remote, salary_min, salary_max, salary_mid, url, date_posted)
        VALUES
            (?, ?, ?, ?, ?, ?, ?,
             ?, ?, ?, ?, ?, ?)
        ON CONFLICT (source, external_id) DO NOTHING
        RETURNING id;
    ]
[parameters: ('adzuna', '5687909464', 'Data Analyst', 'Booz Allen Hamilton', 'Camp Lejeune', 'Onslow County', None, False, 114923.66, 114923.66, 114923.66, 'https://www.adzuna.com/land/ad/5687909464?se=Xrk191A28RGxboRaoq6V0w&utm_medium=api&utm_source=8d05c7a4&v=D95F0C7B653BF2DEE7BBB6A2AC7E4AD1AC2C16DF', '2026-04-02')]
(Background on this error at: https://sqlalche.me/e/20/e3q8)
2026-04-12 19:08:20,769  WARNING     Skipping row due to error: (sqlite3.OperationalError) near "RETURNING": syntax error
[SQL: 
        INSERT INTO jobs
            (source, external_id, title, company, city, region, country,
             is_remote, salary_min, salary_max, salary_mid, url, date_posted)
        VALUES
            (?, ?, ?, ?, ?, ?, ?,
             ?, ?, ?, ?, ?, ?)
        ON CONFLICT (source, external_id) DO NOTHING
        RETURNING id;
    ]
[parameters: ('adzuna', '5680356199', 'Data Analyst', 'Judge Group, Inc.', 'US', None, None, False, 105952.53, 105952.53, 105952.53, 'https://www.adzuna.com/land/ad/5680356199?se=Xrk191A28RGxboRaoq6V0w&utm_medium=api&utm_source=8d05c7a4&v=E429217FD211BD841A42A3A20A5A716A2BB6F78B', '2026-03-27')]
(Background on this error at: https://sqlalche.me/e/20/e3q8)
2026-04-12 19:08:20,769  WARNING     Skipping row due to error: (sqlite3.OperationalError) near "RETURNING": syntax error
[SQL: 
        INSERT INTO jobs
            (source, external_id, title, company, city, region, country,
             is_remote, salary_min, salary_max, salary_mid, url, date_posted)
        VALUES
            (?, ?, ?, ?, ?, ?, ?,
             ?, ?, ?, ?, ?, ?)
        ON CONFLICT (source, external_id) DO NOTHING
        RETURNING id;
    ]
[parameters: ('adzuna', '5688928816', 'Data Analyst', 'Kforce Technology Staffing', 'Harrison', 'Westchester County', None, False, 111110.91, 111110.91, 111110.91, 'https://www.adzuna.com/land/ad/5688928816?se=Xrk191A28RGxboRaoq6V0w&utm_medium=api&utm_source=8d05c7a4&v=6B6AA027ABA5DA9C202DA325DE0EB5102EC46172', '2026-04-03')]
(Background on this error at: https://sqlalche.me/e/20/e3q8)
2026-04-12 19:08:20,770  WARNING     Skipping row due to error: (sqlite3.OperationalError) near "RETURNING": syntax error
[SQL: 
        INSERT INTO jobs
            (source, external_id, title, company, city, region, country,
             is_remote, salary_min, salary_max, salary_mid, url, date_posted)
        VALUES
            (?, ?, ?, ?, ?, ?, ?,
             ?, ?, ?, ?, ?, ?)
        ON CONFLICT (source, external_id) DO NOTHING
        RETURNING id;
    ]
[parameters: ('adzuna', '5693360469', 'Data Analyst', 'GovCIO', 'US', None, None, False, 75139.55, 75139.55, 75139.55, 'https://www.adzuna.com/land/ad/5693360469?se=Xrk191A28RGxboRaoq6V0w&utm_medium=api&utm_source=8d05c7a4&v=FC2522138D650A32BDB1D998390F21916563CE47', '2026-04-08')]
(Background on this error at: https://sqlalche.me/e/20/e3q8)
2026-04-12 19:08:20,770  WARNING     Skipping row due to error: (sqlite3.OperationalError) near "RETURNING": syntax error
[SQL: 
        INSERT INTO jobs
            (source, external_id, title, company, city, region, country,
             is_remote, salary_min, salary_max, salary_mid, url, date_posted)
        VALUES
            (?, ?, ?, ?, ?, ?, ?,
             ?, ?, ?, ?, ?, ?)
        ON CONFLICT (source, external_id) DO NOTHING
        RETURNING id;
    ]
[parameters: ('adzuna', '5680356447', 'Data Analyst', 'Randstad Digital', 'Hopkins', 'Hennepin County', None, False, 57014.9, 57014.9, 57014.9, 'https://www.adzuna.com/land/ad/5680356447?se=Xrk191A28RGxboRaoq6V0w&utm_medium=api&utm_source=8d05c7a4&v=A548221B5D5D9282B1D9A08F83601BD4362D86A3', '2026-03-27')]
(Background on this error at: https://sqlalche.me/e/20/e3q8)
2026-04-12 19:08:20,771  WARNING     Skipping row due to error: (sqlite3.OperationalError) near "RETURNING": syntax error
[SQL: 
        INSERT INTO jobs
            (source, external_id, title, company, city, region, country,
             is_remote, salary_min, salary_max, salary_mid, url, date_posted)
        VALUES
            (?, ?, ?, ?, ?, ?, ?,
             ?, ?, ?, ?, ?, ?)
        ON CONFLICT (source, external_id) DO NOTHING
        RETURNING id;
    ]
[parameters: ('adzuna', '5680355716', 'Data Analyst', 'Booz Allen Hamilton', 'Newcomb Hall', 'Charlottesville City', None, False, 93966.01, 93966.01, 93966.01, 'https://www.adzuna.com/land/ad/5680355716?se=Xrk191A28RGxboRaoq6V0w&utm_medium=api&utm_source=8d05c7a4&v=50121188E2B0DA58C9F15B3912D8C5E652DD330C', '2026-03-27')]
(Background on this error at: https://sqlalche.me/e/20/e3q8)
2026-04-12 19:08:20,772  WARNING     Skipping row due to error: (sqlite3.OperationalError) near "RETURNING": syntax error
[SQL: 
        INSERT INTO jobs
            (source, external_id, title, company, city, region, country,
             is_remote, salary_min, salary_max, salary_mid, url, date_posted)
        VALUES
            (?, ?, ?, ?, ?, ?, ?,
             ?, ?, ?, ?, ?, ?)
        ON CONFLICT (source, external_id) DO NOTHING
        RETURNING id;
    ]
[parameters: ('adzuna', '5680360631', 'Data Analyst', 'Booz Allen Hamilton', 'North Springfield', 'Fairfax County', None, False, 81347.56, 81347.56, 81347.56, 'https://www.adzuna.com/land/ad/5680360631?se=Xrk191A28RGxboRaoq6V0w&utm_medium=api&utm_source=8d05c7a4&v=FE0FAB1D06D96FD937592F54BAB1940D77E5A5A8', '2026-03-27')]
(Background on this error at: https://sqlalche.me/e/20/e3q8)
2026-04-12 19:08:20,773  WARNING     Skipping row due to error: (sqlite3.OperationalError) near "RETURNING": syntax error
[SQL: 
        INSERT INTO jobs
            (source, external_id, title, company, city, region, country,
             is_remote, salary_min, salary_max, salary_mid, url, date_posted)
        VALUES
            (?, ?, ?, ?, ?, ?, ?,
             ?, ?, ?, ?, ?, ?)
        ON CONFLICT (source, external_id) DO NOTHING
        RETURNING id;
    ]
[parameters: ('adzuna', '5680363016', 'Data Analyst', 'Booz Allen Hamilton', 'Oakwood', 'Montgomery County', None, False, 93909.12, 93909.12, 93909.12, 'https://www.adzuna.com/land/ad/5680363016?se=Xrk191A28RGxboRaoq6V0w&utm_medium=api&utm_source=8d05c7a4&v=72A1579D66CA0C49054C86020ED28B502385F0E8', '2026-03-27')]
(Background on this error at: https://sqlalche.me/e/20/e3q8)
2026-04-12 19:08:20,775  WARNING     Skipping row due to error: (sqlite3.OperationalError) near "RETURNING": syntax error
[SQL: 
        INSERT INTO jobs
            (source, external_id, title, company, city, region, country,
             is_remote, salary_min, salary_max, salary_mid, url, date_posted)
        VALUES
            (?, ?, ?, ?, ?, ?, ?,
             ?, ?, ?, ?, ?, ?)
        ON CONFLICT (source, external_id) DO NOTHING
        RETURNING id;
    ]
[parameters: ('adzuna', '5684619374', 'Data Analyst', 'Kforce Technology Staffing', 'Triana', 'Madison County', None, False, 60757.6, 60757.6, 60757.6, 'https://www.adzuna.com/land/ad/5684619374?se=Xrk191A28RGxboRaoq6V0w&utm_medium=api&utm_source=8d05c7a4&v=F88C4EB04A4548643475F9A6C727097D3C135365', '2026-03-31')]
(Background on this error at: https://sqlalche.me/e/20/e3q8)
2026-04-12 19:08:20,776  WARNING     Skipping row due to error: (sqlite3.OperationalError) near "RETURNING": syntax error
[SQL: 
        INSERT INTO jobs
            (source, external_id, title, company, city, region, country,
             is_remote, salary_min, salary_max, salary_mid, url, date_posted)
        VALUES
            (?, ?, ?, ?, ?, ?, ?,
             ?, ?, ?, ?, ?, ?)
        ON CONFLICT (source, external_id) DO NOTHING
        RETURNING id;
    ]
[parameters: ('adzuna', '5695209482', 'Data Analyst', 'TEKsystems c/o Allegis Group', 'Menlo Park', 'San Mateo County', None, False, 92169.37, 92169.37, 92169.37, 'https://www.adzuna.com/land/ad/5695209482?se=Xrk191A28RGxboRaoq6V0w&utm_medium=api&utm_source=8d05c7a4&v=75C26D05C8719AEB528629F0769DED3C87FCD05A', '2026-04-09')]
(Background on this error at: https://sqlalche.me/e/20/e3q8)
2026-04-12 19:08:20,777  WARNING     Skipping row due to error: (sqlite3.OperationalError) near "RETURNING": syntax error
[SQL: 
        INSERT INTO jobs
            (source, external_id, title, company, city, region, country,
             is_remote, salary_min, salary_max, salary_mid, url, date_posted)
        VALUES
            (?, ?, ?, ?, ?, ?, ?,
             ?, ?, ?, ?, ?, ?)
        ON CONFLICT (source, external_id) DO NOTHING
        RETURNING id;
    ]
[parameters: ('adzuna', '5680812160', 'Data Analyst', 'Kforce Technology Staffing', 'Creve Coeur', 'Saint Louis County', None, False, 73798.59, 73798.59, 73798.59, 'https://www.adzuna.com/land/ad/5680812160?se=Xrk191A28RGxboRaoq6V0w&utm_medium=api&utm_source=8d05c7a4&v=26AF82CCB22F787CECF4871217FB9F0D247F342F', '2026-03-27')]
(Background on this error at: https://sqlalche.me/e/20/e3q8)
2026-04-12 19:08:20,777  WARNING     Skipping row due to error: (sqlite3.OperationalError) near "RETURNING": syntax error
[SQL: 
        INSERT INTO jobs
            (source, external_id, title, company, city, region, country,
             is_remote, salary_min, salary_max, salary_mid, url, date_posted)
        VALUES
            (?, ?, ?, ?, ?, ?, ?,
             ?, ?, ?, ?, ?, ?)
        ON CONFLICT (source, external_id) DO NOTHING
        RETURNING id;
    ]
[parameters: ('adzuna', '5680812334', 'Data Analyst', 'Kforce Technology Staffing', 'Cloverdale', 'Shelby County', None, False, 68993.36, 68993.36, 68993.36, 'https://www.adzuna.com/land/ad/5680812334?se=Xrk191A28RGxboRaoq6V0w&utm_medium=api&utm_source=8d05c7a4&v=5998355A040F8E7A70E1FB28E4D3073D757C864E', '2026-03-27')]
(Background on this error at: https://sqlalche.me/e/20/e3q8)
2026-04-12 19:08:20,778  WARNING     Skipping row due to error: (sqlite3.OperationalError) near "RETURNING": syntax error
[SQL: 
        INSERT INTO jobs
            (source, external_id, title, company, city, region, country,
             is_remote, salary_min, salary_max, salary_mid, url, date_posted)
        VALUES
            (?, ?, ?, ?, ?, ?, ?,
             ?, ?, ?, ?, ?, ?)
        ON CONFLICT (source, external_id) DO NOTHING
        RETURNING id;
    ]
[parameters: ('adzuna', '5690339169', 'HR Business & Data Analyst', 'Heraeus Incorporated', 'Saint Paul', 'Ramsey County', None, False, 67040.83, 67040.83, 67040.83, 'https://www.adzuna.com/land/ad/5690339169?se=Xrk191A28RGxboRaoq6V0w&utm_medium=api&utm_source=8d05c7a4&v=36ABEA0AE38F05871F006789E06A7F99B88927DE', '2026-04-04')]
(Background on this error at: https://sqlalche.me/e/20/e3q8)
2026-04-12 19:08:20,778  WARNING     Skipping row due to error: (sqlite3.OperationalError) near "RETURNING": syntax error
[SQL: 
        INSERT INTO jobs
            (source, external_id, title, company, city, region, country,
             is_remote, salary_min, salary_max, salary_mid, url, date_posted)
        VALUES
            (?, ?, ?, ?, ?, ?, ?,
             ?, ?, ?, ?, ?, ?)
        ON CONFLICT (source, external_id) DO NOTHING
        RETURNING id;
    ]
[parameters: ('adzuna', '5677560873', 'Transportation Business & Data Analyst', 'Cargill', 'Wayzata', 'Hennepin County', None, False, 69007.71, 69007.71, 69007.71, 'https://www.adzuna.com/land/ad/5677560873?se=Xrk191A28RGxboRaoq6V0w&utm_medium=api&utm_source=8d05c7a4&v=4DAC92EA7C7494B215807089074A85D3D1115648', '2026-03-24')]
(Background on this error at: https://sqlalche.me/e/20/e3q8)
2026-04-12 19:08:20,779  WARNING     Skipping row due to error: (sqlite3.OperationalError) near "RETURNING": syntax error
[SQL: 
        INSERT INTO jobs
            (source, external_id, title, company, city, region, country,
             is_remote, salary_min, salary_max, salary_mid, url, date_posted)
        VALUES
            (?, ?, ?, ?, ?, ?, ?,
             ?, ?, ?, ?, ?, ?)
        ON CONFLICT (source, external_id) DO NOTHING
        RETURNING id;
    ]
[parameters: ('adzuna', '5678718964', 'Data Analyst', 'NANA Regional Corporation', 'Fort Bragg', 'Cumberland County', None, False, 88101.83, 88101.83, 88101.83, 'https://www.adzuna.com/land/ad/5678718964?se=Xrk191A28RGxboRaoq6V0w&utm_medium=api&utm_source=8d05c7a4&v=BE80447AA37E4C6821DDF73BA0F92AE8C5B3B11F', '2026-03-25')]
(Background on this error at: https://sqlalche.me/e/20/e3q8)
2026-04-12 19:08:20,780  WARNING     Skipping row due to error: (sqlite3.OperationalError) near "RETURNING": syntax error
[SQL: 
        INSERT INTO jobs
            (source, external_id, title, company, city, region, country,
             is_remote, salary_min, salary_max, salary_mid, url, date_posted)
        VALUES
            (?, ?, ?, ?, ?, ?, ?,
             ?, ?, ?, ?, ?, ?)
        ON CONFLICT (source, external_id) DO NOTHING
        RETURNING id;
    ]
[parameters: ('adzuna', '5593313619', 'Data Analyst', 'Consolidated Electrical Distributors', 'Garden City', 'Finney County', None, False, 75057.69, 75057.69, 75057.69, 'https://www.adzuna.com/land/ad/5593313619?se=Xrk191A28RGxboRaoq6V0w&utm_medium=api&utm_source=8d05c7a4&v=7043411BDAF3C661CAB032615567B46EABE0E0ED', '2026-01-20')]
(Background on this error at: https://sqlalche.me/e/20/e3q8)
2026-04-12 19:08:20,782  WARNING     Skipping row due to error: (sqlite3.OperationalError) near "RETURNING": syntax error
[SQL: 
        INSERT INTO jobs
            (source, external_id, title, company, city, region, country,
             is_remote, salary_min, salary_max, salary_mid, url, date_posted)
        VALUES
            (?, ?, ?, ?, ?, ?, ?,
             ?, ?, ?, ?, ?, ?)
        ON CONFLICT (source, external_id) DO NOTHING
        RETURNING id;
    ]
[parameters: ('adzuna', '4373264329', 'Data Analyst', 'Insight Global', 'Lathrup Village', 'Oakland County', None, False, 61787.71, 61787.71, 61787.71, 'https://www.adzuna.com/land/ad/4373264329?se=Xrk191A28RGxboRaoq6V0w&utm_medium=api&utm_source=8d05c7a4&v=C8012216A319EA65BBC7733FB96CE9B037B86EA5', '2023-10-15')]
(Background on this error at: https://sqlalche.me/e/20/e3q8)
2026-04-12 19:08:20,783  WARNING     Skipping row due to error: (sqlite3.OperationalError) near "RETURNING": syntax error
[SQL: 
        INSERT INTO jobs
            (source, external_id, title, company, city, region, country,
             is_remote, salary_min, salary_max, salary_mid, url, date_posted)
        VALUES
            (?, ?, ?, ?, ?, ?, ?,
             ?, ?, ?, ?, ?, ?)
        ON CONFLICT (source, external_id) DO NOTHING
        RETURNING id;
    ]
[parameters: ('adzuna', '5692651981', 'Data Analyst', 'CAI', 'Trenton', 'Mercer County', None, False, 108879.57, 108879.57, 108879.57, 'https://www.adzuna.com/land/ad/5692651981?se=Xrk191A28RGxboRaoq6V0w&utm_medium=api&utm_source=8d05c7a4&v=DE1574D4995E74624C65C633D5EB9449CAAF62A5', '2026-04-07')]
(Background on this error at: https://sqlalche.me/e/20/e3q8)
2026-04-12 19:08:20,783  WARNING     Skipping row due to error: (sqlite3.OperationalError) near "RETURNING": syntax error
[SQL: 
        INSERT INTO jobs
            (source, external_id, title, company, city, region, country,
             is_remote, salary_min, salary_max, salary_mid, url, date_posted)
        VALUES
            (?, ?, ?, ?, ?, ?, ?,
             ?, ?, ?, ?, ?, ?)
        ON CONFLICT (source, external_id) DO NOTHING
        RETURNING id;
    ]
[parameters: ('adzuna', '5648094897', 'Data Analyst', 'Insight Global', 'Wellston', 'Saint Louis County', None, False, 91775.11, 91775.11, 91775.11, 'https://www.adzuna.com/land/ad/5648094897?se=Xrk191A28RGxboRaoq6V0w&utm_medium=api&utm_source=8d05c7a4&v=5620B86CCB9A4288BF9718DF0D3DE6A8C42C64C6', '2026-02-27')]
(Background on this error at: https://sqlalche.me/e/20/e3q8)
2026-04-12 19:08:20,784  WARNING     Skipping row due to error: (sqlite3.OperationalError) near "RETURNING": syntax error
[SQL: 
        INSERT INTO jobs
            (source, external_id, title, company, city, region, country,
             is_remote, salary_min, salary_max, salary_mid, url, date_posted)
        VALUES
            (?, ?, ?, ?, ?, ?, ?,
             ?, ?, ?, ?, ?, ?)
        ON CONFLICT (source, external_id) DO NOTHING
        RETURNING id;
    ]
[parameters: ('adzuna', '5686872463', 'Data Analyst', 'ManpowerGroup', 'Redmond', 'King County', None, False, 176381.8, 176381.8, 176381.8, 'https://www.adzuna.com/land/ad/5686872463?se=Xrk191A28RGxboRaoq6V0w&utm_medium=api&utm_source=8d05c7a4&v=02504D26DE085A1FB95124DBC89350BBD209B079', '2026-04-02')]
(Background on this error at: https://sqlalche.me/e/20/e3q8)
2026-04-12 19:08:20,785  WARNING     Skipping row due to error: (sqlite3.OperationalError) near "RETURNING": syntax error
[SQL: 
        INSERT INTO jobs
            (source, external_id, title, company, city, region, country,
             is_remote, salary_min, salary_max, salary_mid, url, date_posted)
        VALUES
            (?, ?, ?, ?, ?, ?, ?,
             ?, ?, ?, ?, ?, ?)
        ON CONFLICT (source, external_id) DO NOTHING
        RETURNING id;
    ]
[parameters: ('adzuna', '5678849737', 'Data Analyst', 'Insight Global', 'International', 'King County', None, False, 77866.46, 77866.46, 77866.46, 'https://www.adzuna.com/land/ad/5678849737?se=Xrk191A28RGxboRaoq6V0w&utm_medium=api&utm_source=8d05c7a4&v=DA73BCC691F7314A9B46D58A34EC99E74903B0D0', '2026-03-26')]
(Background on this error at: https://sqlalche.me/e/20/e3q8)
2026-04-12 19:08:20,786  WARNING     Skipping row due to error: (sqlite3.OperationalError) near "RETURNING": syntax error
[SQL: 
        INSERT INTO jobs
            (source, external_id, title, company, city, region, country,
             is_remote, salary_min, salary_max, salary_mid, url, date_posted)
        VALUES
            (?, ?, ?, ?, ?, ?, ?,
             ?, ?, ?, ?, ?, ?)
        ON CONFLICT (source, external_id) DO NOTHING
        RETURNING id;
    ]
[parameters: ('adzuna', '5697151238', 'Data Analyst', 'Insight Global', 'Fayetteville', 'Fayette County', None, False, 67650.78, 67650.78, 67650.78, 'https://www.adzuna.com/land/ad/5697151238?se=Xrk191A28RGxboRaoq6V0w&utm_medium=api&utm_source=8d05c7a4&v=BB1973DAC68B061770F251C9F114E875279D24F3', '2026-04-11')]
(Background on this error at: https://sqlalche.me/e/20/e3q8)
2026-04-12 19:08:20,787  WARNING     Skipping row due to error: (sqlite3.OperationalError) near "RETURNING": syntax error
[SQL: 
        INSERT INTO jobs
            (source, external_id, title, company, city, region, country,
             is_remote, salary_min, salary_max, salary_mid, url, date_posted)
        VALUES
            (?, ?, ?, ?, ?, ?, ?,
             ?, ?, ?, ?, ?, ?)
        ON CONFLICT (source, external_id) DO NOTHING
        RETURNING id;
    ]
[parameters: ('adzuna', '5678714209', 'Data Analyst', 'Insight Global', 'Marietta', 'Cobb County', None, False, 119347.26, 119347.26, 119347.26, 'https://www.adzuna.com/land/ad/5678714209?se=Xrk191A28RGxboRaoq6V0w&utm_medium=api&utm_source=8d05c7a4&v=5DDDBBA955E002D4B49D5B7E3ED94AE2860289DF', '2026-03-25')]
(Background on this error at: https://sqlalche.me/e/20/e3q8)
2026-04-12 19:08:20,788  WARNING     Skipping row due to error: (sqlite3.OperationalError) near "RETURNING": syntax error
[SQL: 
        INSERT INTO jobs
            (source, external_id, title, company, city, region, country,
             is_remote, salary_min, salary_max, salary_mid, url, date_posted)
        VALUES
            (?, ?, ?, ?, ?, ?, ?,
             ?, ?, ?, ?, ?, ?)
        ON CONFLICT (source, external_id) DO NOTHING
        RETURNING id;
    ]
[parameters: ('adzuna', '5661198219', 'Data Analyst', 'Insight Global', 'Charlotte', 'Mecklenburg County', None, False, 81636.9, 81636.9, 81636.9, 'https://www.adzuna.com/land/ad/5661198219?se=Xrk191A28RGxboRaoq6V0w&utm_medium=api&utm_source=8d05c7a4&v=654A0C1E03ECD477F55EB6DEC51960C18A6C88FE', '2026-03-10')]
(Background on this error at: https://sqlalche.me/e/20/e3q8)
2026-04-12 19:08:20,789  WARNING     Skipping row due to error: (sqlite3.OperationalError) near "RETURNING": syntax error
[SQL: 
        INSERT INTO jobs
            (source, external_id, title, company, city, region, country,
             is_remote, salary_min, salary_max, salary_mid, url, date_posted)
        VALUES
            (?, ?, ?, ?, ?, ?, ?,
             ?, ?, ?, ?, ?, ?)
        ON CONFLICT (source, external_id) DO NOTHING
        RETURNING id;
    ]
[parameters: ('adzuna', '5692567133', 'Data Analyst', 'Kelly Services', 'Urbanización Ortega', 'Barceloneta', None, False, 65439.26, 65439.26, 65439.26, 'https://www.adzuna.com/land/ad/5692567133?se=Xrk191A28RGxboRaoq6V0w&utm_medium=api&utm_source=8d05c7a4&v=7DFD80B7F2D195945A31EF1B7C2628B84F0AA598', '2026-04-07')]
(Background on this error at: https://sqlalche.me/e/20/e3q8)
2026-04-12 19:08:20,790  WARNING     Skipping row due to error: (sqlite3.OperationalError) near "RETURNING": syntax error
[SQL: 
        INSERT INTO jobs
            (source, external_id, title, company, city, region, country,
             is_remote, salary_min, salary_max, salary_mid, url, date_posted)
        VALUES
            (?, ?, ?, ?, ?, ?, ?,
             ?, ?, ?, ?, ?, ?)
        ON CONFLICT (source, external_id) DO NOTHING
        RETURNING id;
    ]
[parameters: ('adzuna', '5661008685', 'Data Analyst', 'Insight Global', 'Campbell', 'Santa Clara County', None, False, 75666.5, 75666.5, 75666.5, 'https://www.adzuna.com/land/ad/5661008685?se=Xrk191A28RGxboRaoq6V0w&utm_medium=api&utm_source=8d05c7a4&v=D1B2FD32183A01FC29FCBD140E4E01E93455F959', '2026-03-10')]
(Background on this error at: https://sqlalche.me/e/20/e3q8)
2026-04-12 19:08:20,791  WARNING     Skipping row due to error: (sqlite3.OperationalError) near "RETURNING": syntax error
[SQL: 
        INSERT INTO jobs
            (source, external_id, title, company, city, region, country,
             is_remote, salary_min, salary_max, salary_mid, url, date_posted)
        VALUES
            (?, ?, ?, ?, ?, ?, ?,
             ?, ?, ?, ?, ?, ?)
        ON CONFLICT (source, external_id) DO NOTHING
        RETURNING id;
    ]
[parameters: ('adzuna', '5664655389', 'Data Analyst', 'Robert Half', 'Kansas City', 'Jackson County', None, False, 91064.81, 91064.81, 91064.81, 'https://www.adzuna.com/land/ad/5664655389?se=Xrk191A28RGxboRaoq6V0w&utm_medium=api&utm_source=8d05c7a4&v=433BE8423AFAB37B68323008EA19E992F32A3061', '2026-03-13')]
(Background on this error at: https://sqlalche.me/e/20/e3q8)
2026-04-12 19:08:20,791  WARNING     Skipping row due to error: (sqlite3.OperationalError) near "RETURNING": syntax error
[SQL: 
        INSERT INTO jobs
            (source, external_id, title, company, city, region, country,
             is_remote, salary_min, salary_max, salary_mid, url, date_posted)
        VALUES
            (?, ?, ?, ?, ?, ?, ?,
             ?, ?, ?, ?, ?, ?)
        ON CONFLICT (source, external_id) DO NOTHING
        RETURNING id;
    ]
[parameters: ('adzuna', '5694002582', 'Data Analyst', 'Robert Half', 'Ny State Campus', 'Albany County', None, False, 87999.38, 87999.38, 87999.38, 'https://www.adzuna.com/land/ad/5694002582?se=Xrk191A28RGxboRaoq6V0w&utm_medium=api&utm_source=8d05c7a4&v=175711F4C5B9234261440F79B07915A23078F7C0', '2026-04-08')]
(Background on this error at: https://sqlalche.me/e/20/e3q8)
2026-04-12 19:08:20,792  WARNING     Skipping row due to error: (sqlite3.OperationalError) near "RETURNING": syntax error
[SQL: 
        INSERT INTO jobs
            (source, external_id, title, company, city, region, country,
             is_remote, salary_min, salary_max, salary_mid, url, date_posted)
        VALUES
            (?, ?, ?, ?, ?, ?, ?,
             ?, ?, ?, ?, ?, ?)
        ON CONFLICT (source, external_id) DO NOTHING
        RETURNING id;
    ]
[parameters: ('adzuna', '5694056365', 'Data Analyst', 'Robert Half', 'Avenel', 'Middlesex County', None, False, 92689.09, 92689.09, 92689.09, 'https://www.adzuna.com/land/ad/5694056365?se=Xrk191A28RGxboRaoq6V0w&utm_medium=api&utm_source=8d05c7a4&v=3A6BB8A5C2CEF62AAD9A26F55EA72C5241068975', '2026-04-08')]
(Background on this error at: https://sqlalche.me/e/20/e3q8)
2026-04-12 19:08:20,793  WARNING     Skipping row due to error: (sqlite3.OperationalError) near "RETURNING": syntax error
[SQL: 
        INSERT INTO jobs
            (source, external_id, title, company, city, region, country,
             is_remote, salary_min, salary_max, salary_mid, url, date_posted)
        VALUES
            (?, ?, ?, ?, ?, ?, ?,
             ?, ?, ?, ?, ?, ?)
        ON CONFLICT (source, external_id) DO NOTHING
        RETURNING id;
    ]
[parameters: ('adzuna', '5688078329', 'Data Analyst', 'Robert Half', 'Belgrade', 'Kennebec County', None, False, 128467.42, 128467.42, 128467.42, 'https://www.adzuna.com/land/ad/5688078329?se=Xrk191A28RGxboRaoq6V0w&utm_medium=api&utm_source=8d05c7a4&v=868D05E69B125AD5E5AB11B05F26C3D05B4B32C3', '2026-04-02')]
(Background on this error at: https://sqlalche.me/e/20/e3q8)
2026-04-12 19:08:20,793  WARNING     Skipping row due to error: (sqlite3.OperationalError) near "RETURNING": syntax error
[SQL: 
        INSERT INTO jobs
            (source, external_id, title, company, city, region, country,
             is_remote, salary_min, salary_max, salary_mid, url, date_posted)
        VALUES
            (?, ?, ?, ?, ?, ?, ?,
             ?, ?, ?, ?, ?, ?)
        ON CONFLICT (source, external_id) DO NOTHING
        RETURNING id;
    ]
[parameters: ('adzuna', '5679849709', 'Data Analyst', 'Robert Half', 'Minneapolis', 'Hennepin County', None, False, 70593.94, 70593.94, 70593.94, 'https://www.adzuna.com/land/ad/5679849709?se=Xrk191A28RGxboRaoq6V0w&utm_medium=api&utm_source=8d05c7a4&v=1206C3C9F3B250391EB1D318FAC2160F17788484', '2026-03-26')]
(Background on this error at: https://sqlalche.me/e/20/e3q8)
2026-04-12 19:08:20,794  WARNING     Skipping row due to error: (sqlite3.OperationalError) near "RETURNING": syntax error
[SQL: 
        INSERT INTO jobs
            (source, external_id, title, company, city, region, country,
             is_remote, salary_min, salary_max, salary_mid, url, date_posted)
        VALUES
            (?, ?, ?, ?, ?, ?, ?,
             ?, ?, ?, ?, ?, ?)
        ON CONFLICT (source, external_id) DO NOTHING
        RETURNING id;
    ]
[parameters: ('adzuna', '5694045055', 'Data Analyst', 'Robert Half', 'Newburgh Heights', 'Cuyahoga County', None, False, 97009.94, 97009.94, 97009.94, 'https://www.adzuna.com/land/ad/5694045055?se=Xrk191A28RGxboRaoq6V0w&utm_medium=api&utm_source=8d05c7a4&v=5EED037F801155AF6F78B4A908AD2E4DF4CC072F', '2026-04-08')]
(Background on this error at: https://sqlalche.me/e/20/e3q8)
2026-04-12 19:08:20,795  WARNING     Skipping row due to error: (sqlite3.OperationalError) near "RETURNING": syntax error
[SQL: 
        INSERT INTO jobs
            (source, external_id, title, company, city, region, country,
             is_remote, salary_min, salary_max, salary_mid, url, date_posted)
        VALUES
            (?, ?, ?, ?, ?, ?, ?,
             ?, ?, ?, ?, ?, ?)
        ON CONFLICT (source, external_id) DO NOTHING
        RETURNING id;
    ]
[parameters: ('adzuna', '5695317259', 'Data Analyst', 'Robert Half', 'Madison', 'Dane County', None, False, 76234.29, 76234.29, 76234.29, 'https://www.adzuna.com/land/ad/5695317259?se=Xrk191A28RGxboRaoq6V0w&utm_medium=api&utm_source=8d05c7a4&v=239B589226C5BEF1A0EF74AB520CF3E7304D9AAF', '2026-04-10')]
(Background on this error at: https://sqlalche.me/e/20/e3q8)
2026-04-12 19:08:20,796  WARNING     Skipping row due to error: (sqlite3.OperationalError) near "RETURNING": syntax error
[SQL: 
        INSERT INTO jobs
            (source, external_id, title, company, city, region, country,
             is_remote, salary_min, salary_max, salary_mid, url, date_posted)
        VALUES
            (?, ?, ?, ?, ?, ?, ?,
             ?, ?, ?, ?, ?, ?)
        ON CONFLICT (source, external_id) DO NOTHING
        RETURNING id;
    ]
[parameters: ('adzuna', '5697151097', 'Data Analyst', 'Robert Half', 'Flint', 'Genesee County', None, False, 64495.84, 64495.84, 64495.84, 'https://www.adzuna.com/land/ad/5697151097?se=Xrk191A28RGxboRaoq6V0w&utm_medium=api&utm_source=8d05c7a4&v=3373FDD852471E2799B8FF7B03E586AE380CB265', '2026-04-11')]
(Background on this error at: https://sqlalche.me/e/20/e3q8)
2026-04-12 19:08:20,797  WARNING     Skipping row due to error: (sqlite3.OperationalError) near "RETURNING": syntax error
[SQL: 
        INSERT INTO jobs
            (source, external_id, title, company, city, region, country,
             is_remote, salary_min, salary_max, salary_mid, url, date_posted)
        VALUES
            (?, ?, ?, ?, ?, ?, ?,
             ?, ?, ?, ?, ?, ?)
        ON CONFLICT (source, external_id) DO NOTHING
        RETURNING id;
    ]
[parameters: ('adzuna', '5661208693', 'Data Analyst', 'Motion Recruitment Partners', 'Charlotte', 'Mecklenburg County', None, False, 55455.07, 55455.07, 55455.07, 'https://www.adzuna.com/land/ad/5661208693?se=Xrk191A28RGxboRaoq6V0w&utm_medium=api&utm_source=8d05c7a4&v=FB2B320E0DA6B5771BCD7BE26B00734933199DFD', '2026-03-10')]
(Background on this error at: https://sqlalche.me/e/20/e3q8)
2026-04-12 19:08:20,797  WARNING     Skipping row due to error: (sqlite3.OperationalError) near "RETURNING": syntax error
[SQL: 
        INSERT INTO jobs
            (source, external_id, title, company, city, region, country,
             is_remote, salary_min, salary_max, salary_mid, url, date_posted)
        VALUES
            (?, ?, ?, ?, ?, ?, ?,
             ?, ?, ?, ?, ?, ?)
        ON CONFLICT (source, external_id) DO NOTHING
        RETURNING id;
    ]
[parameters: ('adzuna', '5681952109', 'Data Analyst', 'Microsoft Corporation', 'Redmond', 'King County', None, False, 98546.46, 98546.46, 98546.46, 'https://www.adzuna.com/land/ad/5681952109?se=Xrk191A28RGxboRaoq6V0w&utm_medium=api&utm_source=8d05c7a4&v=D3816F1668EC98A2FD97CDBD59E097654E1DD67C', '2026-03-29')]
(Background on this error at: https://sqlalche.me/e/20/e3q8)
2026-04-12 19:08:20,798  WARNING     Skipping row due to error: (sqlite3.OperationalError) near "RETURNING": syntax error
[SQL: 
        INSERT INTO jobs
            (source, external_id, title, company, city, region, country,
             is_remote, salary_min, salary_max, salary_mid, url, date_posted)
        VALUES
            (?, ?, ?, ?, ?, ?, ?,
             ?, ?, ?, ?, ?, ?)
        ON CONFLICT (source, external_id) DO NOTHING
        RETURNING id;
    ]
[parameters: ('adzuna', '5697151640', 'Data Analyst', 'HUB International', 'Saint Bernard', 'Hamilton County', None, False, 73153.8, 73153.8, 73153.8, 'https://www.adzuna.com/land/ad/5697151640?se=Xrk191A28RGxboRaoq6V0w&utm_medium=api&utm_source=8d05c7a4&v=D8B8FF5015681B353C7D0A578AB4A7C9ECA77704', '2026-04-11')]
(Background on this error at: https://sqlalche.me/e/20/e3q8)
2026-04-12 19:08:20,799  WARNING     Skipping row due to error: (sqlite3.OperationalError) near "RETURNING": syntax error
[SQL: 
        INSERT INTO jobs
            (source, external_id, title, company, city, region, country,
             is_remote, salary_min, salary_max, salary_mid, url, date_posted)
        VALUES
            (?, ?, ?, ?, ?, ?, ?,
             ?, ?, ?, ?, ?, ?)
        ON CONFLICT (source, external_id) DO NOTHING
        RETURNING id;
    ]
[parameters: ('adzuna', '5671541608', 'Data Analyst', 'Acosta Group', 'Wellston', 'Saint Louis County', None, False, 56504.24, 56504.24, 56504.24, 'https://www.adzuna.com/land/ad/5671541608?se=Xrk191A28RGxboRaoq6V0w&utm_medium=api&utm_source=8d05c7a4&v=6F326AD51EA3B4ECA993C3E5ED32E0428027C35E', '2026-03-18')]
(Background on this error at: https://sqlalche.me/e/20/e3q8)
2026-04-12 19:08:20,800  WARNING     Skipping row due to error: (sqlite3.OperationalError) near "RETURNING": syntax error
[SQL: 
        INSERT INTO jobs
            (source, external_id, title, company, city, region, country,
             is_remote, salary_min, salary_max, salary_mid, url, date_posted)
        VALUES
            (?, ?, ?, ?, ?, ?, ?,
             ?, ?, ?, ?, ?, ?)
        ON CONFLICT (source, external_id) DO NOTHING
        RETURNING id;
    ]
[parameters: ('adzuna', '5677555415', 'Data Analyst', 'Insight Global', 'Uptown', 'Marion County', None, False, 116790.12, 116790.12, 116790.12, 'https://www.adzuna.com/land/ad/5677555415?se=Xrk191A28RGxboRaoq6V0w&utm_medium=api&utm_source=8d05c7a4&v=3EC8D6EC315891F481737B5AA37C5E6AED744251', '2026-03-24')]
(Background on this error at: https://sqlalche.me/e/20/e3q8)
2026-04-12 19:08:20,802  WARNING     Skipping row due to error: (sqlite3.OperationalError) near "RETURNING": syntax error
[SQL: 
        INSERT INTO jobs
            (source, external_id, title, company, city, region, country,
             is_remote, salary_min, salary_max, salary_mid, url, date_posted)
        VALUES
            (?, ?, ?, ?, ?, ?, ?,
             ?, ?, ?, ?, ?, ?)
        ON CONFLICT (source, external_id) DO NOTHING
        RETURNING id;
    ]
[parameters: ('adzuna', '4330156573', 'Data Analyst', 'Insight Global', 'International', 'King County', None, False, 87774.34, 87774.34, 87774.34, 'https://www.adzuna.com/land/ad/4330156573?se=Xrk191A28RGxboRaoq6V0w&utm_medium=api&utm_source=8d05c7a4&v=C24E2D5EABAB632F6FFE2210B19BECBA2B86D144', '2023-09-23')]
(Background on this error at: https://sqlalche.me/e/20/e3q8)
2026-04-12 19:08:20,803  WARNING     Skipping row due to error: (sqlite3.OperationalError) near "RETURNING": syntax error
[SQL: 
        INSERT INTO jobs
            (source, external_id, title, company, city, region, country,
             is_remote, salary_min, salary_max, salary_mid, url, date_posted)
        VALUES
            (?, ?, ?, ?, ?, ?, ?,
             ?, ?, ?, ?, ?, ?)
        ON CONFLICT (source, external_id) DO NOTHING
        RETURNING id;
    ]
[parameters: ('adzuna', '5681807316', 'Data Analyst', 'TEKsystems', 'Talcott Village', 'Hartford County', None, False, 99838.73, 99838.73, 99838.73, 'https://www.adzuna.com/land/ad/5681807316?se=Xrk191A28RGxboRaoq6V0w&utm_medium=api&utm_source=8d05c7a4&v=A6CD0DA7F194315AC8CCCC9828F8B6048DC4A94B', '2026-03-28')]
(Background on this error at: https://sqlalche.me/e/20/e3q8)
2026-04-12 19:08:20,803  WARNING     Skipping row due to error: (sqlite3.OperationalError) near "RETURNING": syntax error
[SQL: 
        INSERT INTO jobs
            (source, external_id, title, company, city, region, country,
             is_remote, salary_min, salary_max, salary_mid, url, date_posted)
        VALUES
            (?, ?, ?, ?, ?, ?, ?,
             ?, ?, ?, ?, ?, ?)
        ON CONFLICT (source, external_id) DO NOTHING
        RETURNING id;
    ]
[parameters: ('adzuna', '5671459218', 'Data Analyst', 'Nuvance Health', 'Danbury', 'Fairfield County', None, False, 88907.8, 88907.8, 88907.8, 'https://www.adzuna.com/land/ad/5671459218?se=Xrk191A28RGxboRaoq6V0w&utm_medium=api&utm_source=8d05c7a4&v=7FF06666EB76F4BFEB8934848DCB671651777687', '2026-03-18')]
(Background on this error at: https://sqlalche.me/e/20/e3q8)
2026-04-12 19:08:20,827  WARNING     Skipping row due to error: (sqlite3.OperationalError) near "RETURNING": syntax error
[SQL: 
        INSERT INTO jobs
            (source, external_id, title, company, city, region, country,
             is_remote, salary_min, salary_max, salary_mid, url, date_posted)
        VALUES
            (?, ?, ?, ?, ?, ?, ?,
             ?, ?, ?, ?, ?, ?)
        ON CONFLICT (source, external_id) DO NOTHING
        RETURNING id;
    ]
[parameters: ('adzuna', '5696251784', 'Data Analyst', 'US Tech Solutions', 'Atlanta', 'Fulton County', None, False, 81845.43, 81845.43, 81845.43, 'https://www.adzuna.com/land/ad/5696251784?se=Xrk191A28RGxboRaoq6V0w&utm_medium=api&utm_source=8d05c7a4&v=293F00D946234FE05D3C3092AFEFA8CEE4F4CBFD', '2026-04-10')]
(Background on this error at: https://sqlalche.me/e/20/e3q8)
2026-04-12 19:08:20,828  WARNING     Skipping row due to error: (sqlite3.OperationalError) near "RETURNING": syntax error
[SQL: 
        INSERT INTO jobs
            (source, external_id, title, company, city, region, country,
             is_remote, salary_min, salary_max, salary_mid, url, date_posted)
        VALUES
            (?, ?, ?, ?, ?, ?, ?,
             ?, ?, ?, ?, ?, ?)
        ON CONFLICT (source, external_id) DO NOTHING
        RETURNING id;
    ]
[parameters: ('adzuna', '5664526687', 'Data Analyst', 'Newell Brands', 'US', None, None, False, 48214.99, 48214.99, 48214.99, 'https://www.adzuna.com/land/ad/5664526687?se=Xrk191A28RGxboRaoq6V0w&utm_medium=api&utm_source=8d05c7a4&v=1C528274E920CC43DFA5791ACA6F32C1BF5C3E7D', '2026-03-13')]
(Background on this error at: https://sqlalche.me/e/20/e3q8)
2026-04-12 19:08:20,829  WARNING     Skipping row due to error: (sqlite3.OperationalError) near "RETURNING": syntax error
[SQL: 
        INSERT INTO jobs
            (source, external_id, title, company, city, region, country,
             is_remote, salary_min, salary_max, salary_mid, url, date_posted)
        VALUES
            (?, ?, ?, ?, ?, ?, ?,
             ?, ?, ?, ?, ?, ?)
        ON CONFLICT (source, external_id) DO NOTHING
        RETURNING id;
    ]
[parameters: ('adzuna', '5696232032', 'Data Analyst', 'IRIS Consulting Corporation', 'Atlanta', 'Fulton County', None, False, 87374.38, 87374.38, 87374.38, 'https://www.adzuna.com/land/ad/5696232032?se=eLaB-FA28RGoFf1pnMrDDQ&utm_medium=api&utm_source=8d05c7a4&v=CD8B536FEC7AA60BEDAB6CCBC62DF3876840FD06', '2026-04-10')]
(Background on this error at: https://sqlalche.me/e/20/e3q8)
2026-04-12 19:08:20,829  WARNING     Skipping row due to error: (sqlite3.OperationalError) near "RETURNING": syntax error
[SQL: 
        INSERT INTO jobs
            (source, external_id, title, company, city, region, country,
             is_remote, salary_min, salary_max, salary_mid, url, date_posted)
        VALUES
            (?, ?, ?, ?, ?, ?, ?,
             ?, ?, ?, ?, ?, ?)
        ON CONFLICT (source, external_id) DO NOTHING
        RETURNING id;
    ]
[parameters: ('adzuna', '5686415909', 'Master Data Analyst', 'Randstad Digital', 'New Jersey', 'US', None, False, 89654.87, 89654.87, 89654.87, 'https://www.adzuna.com/land/ad/5686415909?se=eLaB-FA28RGoFf1pnMrDDQ&utm_medium=api&utm_source=8d05c7a4&v=8B668C2538BCEE8CC2DE92BDD946545671DED1C7', '2026-04-01')]
(Background on this error at: https://sqlalche.me/e/20/e3q8)
2026-04-12 19:08:20,830  WARNING     Skipping row due to error: (sqlite3.OperationalError) near "RETURNING": syntax error
[SQL: 
        INSERT INTO jobs
            (source, external_id, title, company, city, region, country,
             is_remote, salary_min, salary_max, salary_mid, url, date_posted)
        VALUES
            (?, ?, ?, ?, ?, ?, ?,
             ?, ?, ?, ?, ?, ?)
        ON CONFLICT (source, external_id) DO NOTHING
        RETURNING id;
    ]
[parameters: ('adzuna', '5680364884', 'Senior Data Analyst', 'Genius Road, LLC', 'Highland Park', 'Dallas', None, False, 100096.43, 100096.43, 100096.43, 'https://www.adzuna.com/land/ad/5680364884?se=eLaB-FA28RGoFf1pnMrDDQ&utm_medium=api&utm_source=8d05c7a4&v=4AA1CE80AD465C6FA919FE40EE89E3AA59EB6C6D', '2026-03-27')]
(Background on this error at: https://sqlalche.me/e/20/e3q8)
2026-04-12 19:08:20,830  WARNING     Skipping row due to error: (sqlite3.OperationalError) near "RETURNING": syntax error
[SQL: 
        INSERT INTO jobs
            (source, external_id, title, company, city, region, country,
             is_remote, salary_min, salary_max, salary_mid, url, date_posted)
        VALUES
            (?, ?, ?, ?, ?, ?, ?,
             ?, ?, ?, ?, ?, ?)
        ON CONFLICT (source, external_id) DO NOTHING
        RETURNING id;
    ]
[parameters: ('adzuna', '5693336521', 'Lead Data Analyst', 'GovCIO', 'US', None, None, False, 108198.88, 108198.88, 108198.88, 'https://www.adzuna.com/land/ad/5693336521?se=eLaB-FA28RGoFf1pnMrDDQ&utm_medium=api&utm_source=8d05c7a4&v=895A146634E0AF4914D47293D279C1B51223C9FE', '2026-04-08')]
(Background on this error at: https://sqlalche.me/e/20/e3q8)
2026-04-12 19:08:20,831  WARNING     Skipping row due to error: (sqlite3.OperationalError) near "RETURNING": syntax error
[SQL: 
        INSERT INTO jobs
            (source, external_id, title, company, city, region, country,
             is_remote, salary_min, salary_max, salary_mid, url, date_posted)
        VALUES
            (?, ?, ?, ?, ?, ?, ?,
             ?, ?, ?, ?, ?, ?)
        ON CONFLICT (source, external_id) DO NOTHING
        RETURNING id;
    ]
[parameters: ('adzuna', '5680356732', 'Lead Data Analyst', 'Vistra Corp', 'Irving', 'Dallas', None, False, 104308.2, 104308.2, 104308.2, 'https://www.adzuna.com/land/ad/5680356732?se=eLaB-FA28RGoFf1pnMrDDQ&utm_medium=api&utm_source=8d05c7a4&v=B03E9CBA5B19D84025DF70AC1122520BD2C82ED6', '2026-03-27')]
(Background on this error at: https://sqlalche.me/e/20/e3q8)
2026-04-12 19:08:20,831  WARNING     Skipping row due to error: (sqlite3.OperationalError) near "RETURNING": syntax error
[SQL: 
        INSERT INTO jobs
            (source, external_id, title, company, city, region, country,
             is_remote, salary_min, salary_max, salary_mid, url, date_posted)
        VALUES
            (?, ?, ?, ?, ?, ?, ?,
             ?, ?, ?, ?, ?, ?)
        ON CONFLICT (source, external_id) DO NOTHING
        RETURNING id;
    ]
[parameters: ('adzuna', '5680352775', 'Intern Data Analyst', 'Booz Allen Hamilton', 'Lexington', 'Middlesex County', None, False, 53270.89, 53270.89, 53270.89, 'https://www.adzuna.com/land/ad/5680352775?se=eLaB-FA28RGoFf1pnMrDDQ&utm_medium=api&utm_source=8d05c7a4&v=834340216C830C0B019DF4E08226647BE05D74BE', '2026-03-27')]
(Background on this error at: https://sqlalche.me/e/20/e3q8)
2026-04-12 19:08:20,831  WARNING     Skipping row due to error: (sqlite3.OperationalError) near "RETURNING": syntax error
[SQL: 
        INSERT INTO jobs
            (source, external_id, title, company, city, region, country,
             is_remote, salary_min, salary_max, salary_mid, url, date_posted)
        VALUES
            (?, ?, ?, ?, ?, ?, ?,
             ?, ?, ?, ?, ?, ?)
        ON CONFLICT (source, external_id) DO NOTHING
        RETURNING id;
    ]
[parameters: ('adzuna', '5680361145', 'Metrics Data Analyst', 'SAIC', 'Manchester', 'Ocean County', None, False, 97349.52, 97349.52, 97349.52, 'https://www.adzuna.com/land/ad/5680361145?se=eLaB-FA28RGoFf1pnMrDDQ&utm_medium=api&utm_source=8d05c7a4&v=97C5A95727157AA2FD3ABBF6FE03B0C2A55FC36A', '2026-03-27')]
(Background on this error at: https://sqlalche.me/e/20/e3q8)
2026-04-12 19:08:20,832  WARNING     Skipping row due to error: (sqlite3.OperationalError) near "RETURNING": syntax error
[SQL: 
        INSERT INTO jobs
            (source, external_id, title, company, city, region, country,
             is_remote, salary_min, salary_max, salary_mid, url, date_posted)
        VALUES
            (?, ?, ?, ?, ?, ?, ?,
             ?, ?, ?, ?, ?, ?)
        ON CONFLICT (source, external_id) DO NOTHING
        RETURNING id;
    ]
[parameters: ('adzuna', '5696297489', 'Data Analyst (1056)', 'Sharp Decisions', 'Charlotte', 'Mecklenburg County', None, False, 98668.8, 98668.8, 98668.8, 'https://www.adzuna.com/land/ad/5696297489?se=eLaB-FA28RGoFf1pnMrDDQ&utm_medium=api&utm_source=8d05c7a4&v=98175E874F30F345B5F830E794CC0290812E4498', '2026-04-10')]
(Background on this error at: https://sqlalche.me/e/20/e3q8)
2026-04-12 19:08:20,832  WARNING     Skipping row due to error: (sqlite3.OperationalError) near "RETURNING": syntax error
[SQL: 
        INSERT INTO jobs
            (source, external_id, title, company, city, region, country,
             is_remote, salary_min, salary_max, salary_mid, url, date_posted)
        VALUES
            (?, ?, ?, ?, ?, ?, ?,
             ?, ?, ?, ?, ?, ?)
        ON CONFLICT (source, external_id) DO NOTHING
        RETURNING id;
    ]
[parameters: ('adzuna', '5684169686', 'Business Data Analyst', 'TEKsystems c/o Allegis Group', 'Monte Vista', 'Santa Clara County', None, False, 115800.27, 115800.27, 115800.27, 'https://www.adzuna.com/land/ad/5684169686?se=eLaB-FA28RGoFf1pnMrDDQ&utm_medium=api&utm_source=8d05c7a4&v=7279422132643C976EC0AE7EB722685889C6DAD2', '2026-03-31')]
(Background on this error at: https://sqlalche.me/e/20/e3q8)
2026-04-12 19:08:20,833  WARNING     Skipping row due to error: (sqlite3.OperationalError) near "RETURNING": syntax error
[SQL: 
        INSERT INTO jobs
            (source, external_id, title, company, city, region, country,
             is_remote, salary_min, salary_max, salary_mid, url, date_posted)
        VALUES
            (?, ?, ?, ?, ?, ?, ?,
             ?, ?, ?, ?, ?, ?)
        ON CONFLICT (source, external_id) DO NOTHING
        RETURNING id;
    ]
[parameters: ('adzuna', '5691587573', 'Cloud Data Analyst', 'Kforce Technology Staffing', 'Lauderdale', 'Ramsey County', None, False, 148758.3, 148758.3, 148758.3, 'https://www.adzuna.com/land/ad/5691587573?se=eLaB-FA28RGoFf1pnMrDDQ&utm_medium=api&utm_source=8d05c7a4&v=70E6F4EC6E7AEFBEA8A0B43C3C1F86DEF9DE911A', '2026-04-06')]
(Background on this error at: https://sqlalche.me/e/20/e3q8)
2026-04-12 19:08:20,833  WARNING     Skipping row due to error: (sqlite3.OperationalError) near "RETURNING": syntax error
[SQL: 
        INSERT INTO jobs
            (source, external_id, title, company, city, region, country,
             is_remote, salary_min, salary_max, salary_mid, url, date_posted)
        VALUES
            (?, ?, ?, ?, ?, ?, ?,
             ?, ?, ?, ?, ?, ?)
        ON CONFLICT (source, external_id) DO NOTHING
        RETURNING id;
    ]
[parameters: ('adzuna', '5694664521', 'Senior Data Analyst', 'Capgemini Government Solutions', 'Mount Rainier', "Prince George's County", None, False, 93133.09, 93133.09, 93133.09, 'https://www.adzuna.com/land/ad/5694664521?se=eLaB-FA28RGoFf1pnMrDDQ&utm_medium=api&utm_source=8d05c7a4&v=3DBF6EBE1F09107C6F8437F0CBCEDFA7DE7FFFC7', '2026-04-09')]
(Background on this error at: https://sqlalche.me/e/20/e3q8)
2026-04-12 19:08:20,833  WARNING     Skipping row due to error: (sqlite3.OperationalError) near "RETURNING": syntax error
[SQL: 
        INSERT INTO jobs
            (source, external_id, title, company, city, region, country,
             is_remote, salary_min, salary_max, salary_mid, url, date_posted)
        VALUES
            (?, ?, ?, ?, ?, ?, ?,
             ?, ?, ?, ?, ?, ?)
        ON CONFLICT (source, external_id) DO NOTHING
        RETURNING id;
    ]
[parameters: ('adzuna', '5696124261', 'Data Analyst Advisor', 'FedEx Office', 'Parkway', 'Gwinnett County', None, False, 106976.07, 106976.07, 106976.07, 'https://www.adzuna.com/land/ad/5696124261?se=eLaB-FA28RGoFf1pnMrDDQ&utm_medium=api&utm_source=8d05c7a4&v=CD747E4C2A482B93A395551D890EEB04D7BDC553', '2026-04-10')]
(Background on this error at: https://sqlalche.me/e/20/e3q8)
2026-04-12 19:08:20,835  WARNING     Skipping row due to error: (sqlite3.OperationalError) near "RETURNING": syntax error
[SQL: 
        INSERT INTO jobs
            (source, external_id, title, company, city, region, country,
             is_remote, salary_min, salary_max, salary_mid, url, date_posted)
        VALUES
            (?, ?, ?, ?, ?, ?, ?,
             ?, ?, ?, ?, ?, ?)
        ON CONFLICT (source, external_id) DO NOTHING
        RETURNING id;
    ]
[parameters: ('adzuna', '5680359401', 'Product Data Analyst', 'Celestica International LP', 'Richardson', 'Dallas', None, False, 101450.73, 101450.73, 101450.73, 'https://www.adzuna.com/land/ad/5680359401?se=eLaB-FA28RGoFf1pnMrDDQ&utm_medium=api&utm_source=8d05c7a4&v=D2F81A2AB6EB96801D9CE70B7AA4AF42301CA02D', '2026-03-27')]
(Background on this error at: https://sqlalche.me/e/20/e3q8)
2026-04-12 19:08:20,836  WARNING     Skipping row due to error: (sqlite3.OperationalError) near "RETURNING": syntax error
[SQL: 
        INSERT INTO jobs
            (source, external_id, title, company, city, region, country,
             is_remote, salary_min, salary_max, salary_mid, url, date_posted)
        VALUES
            (?, ?, ?, ?, ?, ?, ?,
             ?, ?, ?, ?, ?, ?)
        ON CONFLICT (source, external_id) DO NOTHING
        RETURNING id;
    ]
[parameters: ('adzuna', '5680355285', 'Sr Data Analyst', 'Randstad Digital', 'Virginia', 'US', None, False, 82040.48, 82040.48, 82040.48, 'https://www.adzuna.com/land/ad/5680355285?se=eLaB-FA28RGoFf1pnMrDDQ&utm_medium=api&utm_source=8d05c7a4&v=CAF62AE478EDC2559DA9B3D2D40B0BC1196CE170', '2026-03-27')]
(Background on this error at: https://sqlalche.me/e/20/e3q8)
2026-04-12 19:08:20,836  WARNING     Skipping row due to error: (sqlite3.OperationalError) near "RETURNING": syntax error
[SQL: 
        INSERT INTO jobs
            (source, external_id, title, company, city, region, country,
             is_remote, salary_min, salary_max, salary_mid, url, date_posted)
        VALUES
            (?, ?, ?, ?, ?, ?, ?,
             ?, ?, ?, ?, ?, ?)
        ON CONFLICT (source, external_id) DO NOTHING
        RETURNING id;
    ]
[parameters: ('adzuna', '5680356924', 'Data Analyst II', 'Judge Group, Inc.', 'Bridgewater', 'Somerset County', None, False, 130423.67, 130423.67, 130423.67, 'https://www.adzuna.com/land/ad/5680356924?se=eLaB-FA28RGoFf1pnMrDDQ&utm_medium=api&utm_source=8d05c7a4&v=EE54A4EC99390FFACDE318F19C8DEC552403AD1A', '2026-03-27')]
(Background on this error at: https://sqlalche.me/e/20/e3q8)
2026-04-12 19:08:20,837  WARNING     Skipping row due to error: (sqlite3.OperationalError) near "RETURNING": syntax error
[SQL: 
        INSERT INTO jobs
            (source, external_id, title, company, city, region, country,
             is_remote, salary_min, salary_max, salary_mid, url, date_posted)
        VALUES
            (?, ?, ?, ?, ?, ?, ?,
             ?, ?, ?, ?, ?, ?)
        ON CONFLICT (source, external_id) DO NOTHING
        RETURNING id;
    ]
[parameters: ('adzuna', '5697047764', 'Data Analyst III', 'Thermo Fisher Scientific', 'Teterboro', 'Bergen County', None, False, 96272.17, 96272.17, 96272.17, 'https://www.adzuna.com/land/ad/5697047764?se=eLaB-FA28RGoFf1pnMrDDQ&utm_medium=api&utm_source=8d05c7a4&v=8E5BF192C46493BF1BF866E3CC68F5B078604250', '2026-04-11')]
(Background on this error at: https://sqlalche.me/e/20/e3q8)
2026-04-12 19:08:20,837  WARNING     Skipping row due to error: (sqlite3.OperationalError) near "RETURNING": syntax error
[SQL: 
        INSERT INTO jobs
            (source, external_id, title, company, city, region, country,
             is_remote, salary_min, salary_max, salary_mid, url, date_posted)
        VALUES
            (?, ?, ?, ?, ?, ?, ?,
             ?, ?, ?, ?, ?, ?)
        ON CONFLICT (source, external_id) DO NOTHING
        RETURNING id;
    ]
[parameters: ('adzuna', '5680362281', 'Senior Data Analyst', 'Trans Union LLC', 'Schiller Park', 'Cook County', None, False, 100558.66, 100558.66, 100558.66, 'https://www.adzuna.com/land/ad/5680362281?se=eLaB-FA28RGoFf1pnMrDDQ&utm_medium=api&utm_source=8d05c7a4&v=B429D5F457BB2F5E1D86239634C3A7735D220942', '2026-03-27')]
(Background on this error at: https://sqlalche.me/e/20/e3q8)
2026-04-12 19:08:20,838  WARNING     Skipping row due to error: (sqlite3.OperationalError) near "RETURNING": syntax error
[SQL: 
        INSERT INTO jobs
            (source, external_id, title, company, city, region, country,
             is_remote, salary_min, salary_max, salary_mid, url, date_posted)
        VALUES
            (?, ?, ?, ?, ?, ?, ?,
             ?, ?, ?, ?, ?, ?)
        ON CONFLICT (source, external_id) DO NOTHING
        RETURNING id;
    ]
[parameters: ('adzuna', '5680356673', 'ETL Data analyst', 'Judge Group, Inc.', 'Bee Cave', 'Travis County', None, False, 135376.36, 135376.36, 135376.36, 'https://www.adzuna.com/land/ad/5680356673?se=eLaB-FA28RGoFf1pnMrDDQ&utm_medium=api&utm_source=8d05c7a4&v=596F2AA2078541909F050CAEF896CD4AF62BFF97', '2026-03-27')]
(Background on this error at: https://sqlalche.me/e/20/e3q8)
2026-04-12 19:08:20,838  WARNING     Skipping row due to error: (sqlite3.OperationalError) near "RETURNING": syntax error
[SQL: 
        INSERT INTO jobs
            (source, external_id, title, company, city, region, country,
             is_remote, salary_min, salary_max, salary_mid, url, date_posted)
        VALUES
            (?, ?, ?, ?, ?, ?, ?,
             ?, ?, ?, ?, ?, ?)
        ON CONFLICT (source, external_id) DO NOTHING
        RETURNING id;
    ]
[parameters: ('adzuna', '5687576242', 'Data Analyst', 'Uline', 'Pleasant Prairie', 'Kenosha County', None, False, 70219.6, 70219.6, 70219.6, 'https://www.adzuna.com/land/ad/5687576242?se=eLaB-FA28RGoFf1pnMrDDQ&utm_medium=api&utm_source=8d05c7a4&v=E7FC6331CDDD369CF3349A9A94B88FEC8591D260', '2026-04-02')]
(Background on this error at: https://sqlalche.me/e/20/e3q8)
2026-04-12 19:08:20,839  WARNING     Skipping row due to error: (sqlite3.OperationalError) near "RETURNING": syntax error
[SQL: 
        INSERT INTO jobs
            (source, external_id, title, company, city, region, country,
             is_remote, salary_min, salary_max, salary_mid, url, date_posted)
        VALUES
            (?, ?, ?, ?, ?, ?, ?,
             ?, ?, ?, ?, ?, ?)
        ON CONFLICT (source, external_id) DO NOTHING
        RETURNING id;
    ]
[parameters: ('adzuna', '5643248754', 'Data Analyst', 'Axelon Services Corporation', 'San Diego', 'San Diego County', None, False, 77094.3, 77094.3, 77094.3, 'https://www.adzuna.com/land/ad/5643248754?se=eLaB-FA28RGoFf1pnMrDDQ&utm_medium=api&utm_source=8d05c7a4&v=BBEA594F694CF0F2F2A596CEF80407970B5CD05E', '2026-02-24')]
(Background on this error at: https://sqlalche.me/e/20/e3q8)
2026-04-12 19:08:20,839  WARNING     Skipping row due to error: (sqlite3.OperationalError) near "RETURNING": syntax error
[SQL: 
        INSERT INTO jobs
            (source, external_id, title, company, city, region, country,
             is_remote, salary_min, salary_max, salary_mid, url, date_posted)
        VALUES
            (?, ?, ?, ?, ?, ?, ?,
             ?, ?, ?, ?, ?, ?)
        ON CONFLICT (source, external_id) DO NOTHING
        RETURNING id;
    ]
[parameters: ('adzuna', '5687576166', 'Data Analyst', 'STAND 8', 'Aurora', 'Arapahoe County', None, False, 76611.6, 76611.6, 76611.6, 'https://www.adzuna.com/land/ad/5687576166?se=eLaB-FA28RGoFf1pnMrDDQ&utm_medium=api&utm_source=8d05c7a4&v=F7B99B4E9B2AD713ECF6140D420EDCEA0BB61264', '2026-04-02')]
(Background on this error at: https://sqlalche.me/e/20/e3q8)
2026-04-12 19:08:20,840  WARNING     Skipping row due to error: (sqlite3.OperationalError) near "RETURNING": syntax error
[SQL: 
        INSERT INTO jobs
            (source, external_id, title, company, city, region, country,
             is_remote, salary_min, salary_max, salary_mid, url, date_posted)
        VALUES
            (?, ?, ?, ?, ?, ?, ?,
             ?, ?, ?, ?, ?, ?)
        ON CONFLICT (source, external_id) DO NOTHING
        RETURNING id;
    ]
[parameters: ('adzuna', '5689147671', 'Data Analyst', 'Axelon Services Corporation', 'Skaneateles', 'Onondaga County', None, False, 93397.17, 93397.17, 93397.17, 'https://www.adzuna.com/land/ad/5689147671?se=eLaB-FA28RGoFf1pnMrDDQ&utm_medium=api&utm_source=8d05c7a4&v=9D998AB07777FC90830D9EFE57398292039E2C6F', '2026-04-03')]
(Background on this error at: https://sqlalche.me/e/20/e3q8)
2026-04-12 19:08:20,840  WARNING     Skipping row due to error: (sqlite3.OperationalError) near "RETURNING": syntax error
[SQL: 
        INSERT INTO jobs
            (source, external_id, title, company, city, region, country,
             is_remote, salary_min, salary_max, salary_mid, url, date_posted)
        VALUES
            (?, ?, ?, ?, ?, ?, ?,
             ?, ?, ?, ?, ?, ?)
        ON CONFLICT (source, external_id) DO NOTHING
        RETURNING id;
    ]
[parameters: ('adzuna', '5664330366', 'Data Analyst', 'Axelon Services Corporation', 'Sandy Springs', 'Fulton County', None, False, 86839.15, 86839.15, 86839.15, 'https://www.adzuna.com/land/ad/5664330366?se=eLaB-FA28RGoFf1pnMrDDQ&utm_medium=api&utm_source=8d05c7a4&v=5062A668099BC30BE1D25BEB26EB2B6B744F8B06', '2026-03-13')]
(Background on this error at: https://sqlalche.me/e/20/e3q8)
2026-04-12 19:08:20,841  WARNING     Skipping row due to error: (sqlite3.OperationalError) near "RETURNING": syntax error
[SQL: 
        INSERT INTO jobs
            (source, external_id, title, company, city, region, country,
             is_remote, salary_min, salary_max, salary_mid, url, date_posted)
        VALUES
            (?, ?, ?, ?, ?, ?, ?,
             ?, ?, ?, ?, ?, ?)
        ON CONFLICT (source, external_id) DO NOTHING
        RETURNING id;
    ]
[parameters: ('adzuna', '5696620053', 'Data Analyst', 'Genesis10', 'Charlotte', 'Mecklenburg County', None, False, 94937.92, 94937.92, 94937.92, 'https://www.adzuna.com/land/ad/5696620053?se=eLaB-FA28RGoFf1pnMrDDQ&utm_medium=api&utm_source=8d05c7a4&v=073C7175D0E46F1E77EA81C6BBA061981BE9575E', '2026-04-11')]
(Background on this error at: https://sqlalche.me/e/20/e3q8)
2026-04-12 19:08:20,842  WARNING     Skipping row due to error: (sqlite3.OperationalError) near "RETURNING": syntax error
[SQL: 
        INSERT INTO jobs
            (source, external_id, title, company, city, region, country,
             is_remote, salary_min, salary_max, salary_mid, url, date_posted)
        VALUES
            (?, ?, ?, ?, ?, ?, ?,
             ?, ?, ?, ?, ?, ?)
        ON CONFLICT (source, external_id) DO NOTHING
        RETURNING id;
    ]
[parameters: ('adzuna', '5696284165', 'Data Analyst', 'US Tech Solutions, Inc.', 'Hapeville', 'Fulton County', None, False, 53376.0, 53376.0, 53376.0, 'https://www.adzuna.com/land/ad/5696284165?se=eLaB-FA28RGoFf1pnMrDDQ&utm_medium=api&utm_source=8d05c7a4&v=00E52BC7987C7F1130FE7DDA1A7B637951F2D010', '2026-04-10')]
(Background on this error at: https://sqlalche.me/e/20/e3q8)
2026-04-12 19:08:20,843  WARNING     Skipping row due to error: (sqlite3.OperationalError) near "RETURNING": syntax error
[SQL: 
        INSERT INTO jobs
            (source, external_id, title, company, city, region, country,
             is_remote, salary_min, salary_max, salary_mid, url, date_posted)
        VALUES
            (?, ?, ?, ?, ?, ?, ?,
             ?, ?, ?, ?, ?, ?)
        ON CONFLICT (source, external_id) DO NOTHING
        RETURNING id;
    ]
[parameters: ('adzuna', '5584973425', 'Lead Data Analyst', 'GovCIO', 'Fort George G Meade', 'Anne Arundel County', None, False, 101058.58, 101058.58, 101058.58, 'https://www.adzuna.com/land/ad/5584973425?se=eLaB-FA28RGoFf1pnMrDDQ&utm_medium=api&utm_source=8d05c7a4&v=D34D7D15C93D0165E358ACC4FC7F2B2879195F9C', '2026-01-14')]
(Background on this error at: https://sqlalche.me/e/20/e3q8)
2026-04-12 19:08:20,844  WARNING     Skipping row due to error: (sqlite3.OperationalError) near "RETURNING": syntax error
[SQL: 
        INSERT INTO jobs
            (source, external_id, title, company, city, region, country,
             is_remote, salary_min, salary_max, salary_mid, url, date_posted)
        VALUES
            (?, ?, ?, ?, ?, ?, ?,
             ?, ?, ?, ?, ?, ?)
        ON CONFLICT (source, external_id) DO NOTHING
        RETURNING id;
    ]
[parameters: ('adzuna', '5649271146', 'Senior Data Analyst', 'CACI International', 'Washington', 'D.C.', 'US', False, 104827.95, 104827.95, 104827.95, 'https://www.adzuna.com/land/ad/5649271146?se=eLaB-FA28RGoFf1pnMrDDQ&utm_medium=api&utm_source=8d05c7a4&v=5E3D4C046ACE000CCE66205D0156B6DA976A0ACC', '2026-02-28')]
(Background on this error at: https://sqlalche.me/e/20/e3q8)
2026-04-12 19:08:20,845  WARNING     Skipping row due to error: (sqlite3.OperationalError) near "RETURNING": syntax error
[SQL: 
        INSERT INTO jobs
            (source, external_id, title, company, city, region, country,
             is_remote, salary_min, salary_max, salary_mid, url, date_posted)
        VALUES
            (?, ?, ?, ?, ?, ?, ?,
             ?, ?, ?, ?, ?, ?)
        ON CONFLICT (source, external_id) DO NOTHING
        RETURNING id;
    ]
[parameters: ('adzuna', '5619883344', 'Master Data Analyst', 'Allied Mineral Products', 'Grandview Heights', 'Franklin County', None, False, 97084.08, 97084.08, 97084.08, 'https://www.adzuna.com/land/ad/5619883344?se=eLaB-FA28RGoFf1pnMrDDQ&utm_medium=api&utm_source=8d05c7a4&v=27BEA24AB3BC83B3C8EF1E380C8D5B79F89E91AD', '2026-02-07')]
(Background on this error at: https://sqlalche.me/e/20/e3q8)
2026-04-12 19:08:20,845  WARNING     Skipping row due to error: (sqlite3.OperationalError) near "RETURNING": syntax error
[SQL: 
        INSERT INTO jobs
            (source, external_id, title, company, city, region, country,
             is_remote, salary_min, salary_max, salary_mid, url, date_posted)
        VALUES
            (?, ?, ?, ?, ?, ?, ?,
             ?, ?, ?, ?, ?, ?)
        ON CONFLICT (source, external_id) DO NOTHING
        RETURNING id;
    ]
[parameters: ('adzuna', '5661008687', 'Data Analyst - Databricks', 'Insight Global', 'Sacramento', 'Sacramento County', None, False, 87194.24, 87194.24, 87194.24, 'https://www.adzuna.com/land/ad/5661008687?se=eLaB-FA28RGoFf1pnMrDDQ&utm_medium=api&utm_source=8d05c7a4&v=98F2F14A144AFC837071089FDD573A23378BF1D7', '2026-03-10')]
(Background on this error at: https://sqlalche.me/e/20/e3q8)
2026-04-12 19:08:20,846  WARNING     Skipping row due to error: (sqlite3.OperationalError) near "RETURNING": syntax error
[SQL: 
        INSERT INTO jobs
            (source, external_id, title, company, city, region, country,
             is_remote, salary_min, salary_max, salary_mid, url, date_posted)
        VALUES
            (?, ?, ?, ?, ?, ?, ?,
             ?, ?, ?, ?, ?, ?)
        ON CONFLICT (source, external_id) DO NOTHING
        RETURNING id;
    ]
[parameters: ('adzuna', '5530424240', 'Senior Data Analyst', 'BAE Systems', 'Washington', 'D.C.', 'US', False, 110438.71, 110438.71, 110438.71, 'https://www.adzuna.com/land/ad/5530424240?se=eLaB-FA28RGoFf1pnMrDDQ&utm_medium=api&utm_source=8d05c7a4&v=7C3FCCEB016DC4113993918289C09AA48775EEC2', '2025-12-05')]
(Background on this error at: https://sqlalche.me/e/20/e3q8)
2026-04-12 19:08:20,846  WARNING     Skipping row due to error: (sqlite3.OperationalError) near "RETURNING": syntax error
[SQL: 
        INSERT INTO jobs
            (source, external_id, title, company, city, region, country,
             is_remote, salary_min, salary_max, salary_mid, url, date_posted)
        VALUES
            (?, ?, ?, ?, ?, ?, ?,
             ?, ?, ?, ?, ?, ?)
        ON CONFLICT (source, external_id) DO NOTHING
        RETURNING id;
    ]
[parameters: ('adzuna', '5694044769', 'CSR Data Analyst', 'TEKsystems', 'Parkway', 'Gwinnett County', None, False, 43658.81, 43658.81, 43658.81, 'https://www.adzuna.com/land/ad/5694044769?se=eLaB-FA28RGoFf1pnMrDDQ&utm_medium=api&utm_source=8d05c7a4&v=A894923080B15300D5A4A4544FD8393B5110E5B7', '2026-04-08')]
(Background on this error at: https://sqlalche.me/e/20/e3q8)
2026-04-12 19:08:20,847  WARNING     Skipping row due to error: (sqlite3.OperationalError) near "RETURNING": syntax error
[SQL: 
        INSERT INTO jobs
            (source, external_id, title, company, city, region, country,
             is_remote, salary_min, salary_max, salary_mid, url, date_posted)
        VALUES
            (?, ?, ?, ?, ?, ?, ?,
             ?, ?, ?, ?, ?, ?)
        ON CONFLICT (source, external_id) DO NOTHING
        RETURNING id;
    ]
[parameters: ('adzuna', '5689390277', 'Data Analyst II', 'University of Rochester', 'Rochester', 'Monroe County', None, False, 57782.94, 57782.94, 57782.94, 'https://www.adzuna.com/land/ad/5689390277?se=eLaB-FA28RGoFf1pnMrDDQ&utm_medium=api&utm_source=8d05c7a4&v=8E38FDFA7435B07F9F27C9C37C85DE005FB64D8D', '2026-04-03')]
(Background on this error at: https://sqlalche.me/e/20/e3q8)
2026-04-12 19:08:20,847  WARNING     Skipping row due to error: (sqlite3.OperationalError) near "RETURNING": syntax error
[SQL: 
        INSERT INTO jobs
            (source, external_id, title, company, city, region, country,
             is_remote, salary_min, salary_max, salary_mid, url, date_posted)
        VALUES
            (?, ?, ?, ?, ?, ?, ?,
             ?, ?, ?, ?, ?, ?)
        ON CONFLICT (source, external_id) DO NOTHING
        RETURNING id;
    ]
[parameters: ('adzuna', '5672648395', 'Statistician/Data Analyst', 'General Dynamics Information Technology', 'Washington', 'D.C.', 'US', False, 72066.3, 72066.3, 72066.3, 'https://www.adzuna.com/land/ad/5672648395?se=eLaB-FA28RGoFf1pnMrDDQ&utm_medium=api&utm_source=8d05c7a4&v=37CF58DB2D35362FAEEDA06F1295EBDDC0612C5A', '2026-03-19')]
(Background on this error at: https://sqlalche.me/e/20/e3q8)
2026-04-12 19:08:20,847  WARNING     Skipping row due to error: (sqlite3.OperationalError) near "RETURNING": syntax error
[SQL: 
        INSERT INTO jobs
            (source, external_id, title, company, city, region, country,
             is_remote, salary_min, salary_max, salary_mid, url, date_posted)
        VALUES
            (?, ?, ?, ?, ?, ?, ?,
             ?, ?, ?, ?, ?, ?)
        ON CONFLICT (source, external_id) DO NOTHING
        RETURNING id;
    ]
[parameters: ('adzuna', '5696379211', 'Lead Data Analyst', 'Adecco US, Inc.', 'West Milwaukee', 'Milwaukee County', None, False, 144452.06, 144452.06, 144452.06, 'https://www.adzuna.com/land/ad/5696379211?se=eLaB-FA28RGoFf1pnMrDDQ&utm_medium=api&utm_source=8d05c7a4&v=00336644757E7AA7F8E214F04DC5BF2392613432', '2026-04-11')]
(Background on this error at: https://sqlalche.me/e/20/e3q8)
2026-04-12 19:08:20,848  WARNING     Skipping row due to error: (sqlite3.OperationalError) near "RETURNING": syntax error
[SQL: 
        INSERT INTO jobs
            (source, external_id, title, company, city, region, country,
             is_remote, salary_min, salary_max, salary_mid, url, date_posted)
        VALUES
            (?, ?, ?, ?, ?, ?, ?,
             ?, ?, ?, ?, ?, ?)
        ON CONFLICT (source, external_id) DO NOTHING
        RETURNING id;
    ]
[parameters: ('adzuna', '5688139962', 'Sr. Data Analyst', 'US Tech Solutions', 'Newburgh Heights', 'Cuyahoga County', None, False, 135454.75, 135454.75, 135454.75, 'https://www.adzuna.com/land/ad/5688139962?se=eLaB-FA28RGoFf1pnMrDDQ&utm_medium=api&utm_source=8d05c7a4&v=97FE4A9ADDDAD23B72F2B00EC7EAEDBC0092FCD2', '2026-04-02')]
(Background on this error at: https://sqlalche.me/e/20/e3q8)
2026-04-12 19:08:20,849  WARNING     Skipping row due to error: (sqlite3.OperationalError) near "RETURNING": syntax error
[SQL: 
        INSERT INTO jobs
            (source, external_id, title, company, city, region, country,
             is_remote, salary_min, salary_max, salary_mid, url, date_posted)
        VALUES
            (?, ?, ?, ?, ?, ?, ?,
             ?, ?, ?, ?, ?, ?)
        ON CONFLICT (source, external_id) DO NOTHING
        RETURNING id;
    ]
[parameters: ('adzuna', '5696375009', 'Mapping Data Analyst', 'Cognizant', 'Queensborough', 'Snohomish County', None, False, 108716.36, 108716.36, 108716.36, 'https://www.adzuna.com/land/ad/5696375009?se=eLaB-FA28RGoFf1pnMrDDQ&utm_medium=api&utm_source=8d05c7a4&v=D092F6CC6AC47885CE0364E753E5AFC62C2DE3DA', '2026-04-11')]
(Background on this error at: https://sqlalche.me/e/20/e3q8)
2026-04-12 19:08:20,850  WARNING     Skipping row due to error: (sqlite3.OperationalError) near "RETURNING": syntax error
[SQL: 
        INSERT INTO jobs
            (source, external_id, title, company, city, region, country,
             is_remote, salary_min, salary_max, salary_mid, url, date_posted)
        VALUES
            (?, ?, ?, ?, ?, ?, ?,
             ?, ?, ?, ?, ?, ?)
        ON CONFLICT (source, external_id) DO NOTHING
        RETURNING id;
    ]
[parameters: ('adzuna', '4687974701', 'Marketing Data Analyst', 'US Tech Solutions', 'Grand Central', 'Manhattan', None, False, 132494.73, 132494.73, 132494.73, 'https://www.adzuna.com/land/ad/4687974701?se=eLaB-FA28RGoFf1pnMrDDQ&utm_medium=api&utm_source=8d05c7a4&v=5530F0D1635E7E191E9C5109B603D1E80139AF0A', '2024-05-10')]
(Background on this error at: https://sqlalche.me/e/20/e3q8)
2026-04-12 19:08:20,851  WARNING     Skipping row due to error: (sqlite3.OperationalError) near "RETURNING": syntax error
[SQL: 
        INSERT INTO jobs
            (source, external_id, title, company, city, region, country,
             is_remote, salary_min, salary_max, salary_mid, url, date_posted)
        VALUES
            (?, ?, ?, ?, ?, ?, ?,
             ?, ?, ?, ?, ?, ?)
        ON CONFLICT (source, external_id) DO NOTHING
        RETURNING id;
    ]
[parameters: ('adzuna', '5387563594', 'Product Data Analyst', 'ManpowerGroup', 'Grand Rapids', 'Kent County', None, False, 78097.68, 78097.68, 78097.68, 'https://www.adzuna.com/land/ad/5387563594?se=eLaB-FA28RGoFf1pnMrDDQ&utm_medium=api&utm_source=8d05c7a4&v=331360EA24001CD347D51B862A06B95862F29C5F', '2025-09-06')]
(Background on this error at: https://sqlalche.me/e/20/e3q8)
2026-04-12 19:08:20,852  WARNING     Skipping row due to error: (sqlite3.OperationalError) near "RETURNING": syntax error
[SQL: 
        INSERT INTO jobs
            (source, external_id, title, company, city, region, country,
             is_remote, salary_min, salary_max, salary_mid, url, date_posted)
        VALUES
            (?, ?, ?, ?, ?, ?, ?,
             ?, ?, ?, ?, ?, ?)
        ON CONFLICT (source, external_id) DO NOTHING
        RETURNING id;
    ]
[parameters: ('adzuna', '5645644056', 'Staff Data Analyst', 'HCA Healthcare', 'Nashville', 'Davidson County', None, False, 89045.7, 89045.7, 89045.7, 'https://www.adzuna.com/land/ad/5645644056?se=eLaB-FA28RGoFf1pnMrDDQ&utm_medium=api&utm_source=8d05c7a4&v=0F143B1BC6FA2F71A071D1F77DFB8D165D01F4C3', '2026-02-25')]
(Background on this error at: https://sqlalche.me/e/20/e3q8)
2026-04-12 19:08:20,853  WARNING     Skipping row due to error: (sqlite3.OperationalError) near "RETURNING": syntax error
[SQL: 
        INSERT INTO jobs
            (source, external_id, title, company, city, region, country,
             is_remote, salary_min, salary_max, salary_mid, url, date_posted)
        VALUES
            (?, ?, ?, ?, ?, ?, ?,
             ?, ?, ?, ?, ?, ?)
        ON CONFLICT (source, external_id) DO NOTHING
        RETURNING id;
    ]
[parameters: ('adzuna', '5673576844', 'Systems and Data Analyst', 'Insight Global', 'Sacramento', 'Sacramento County', None, False, 113043.02, 113043.02, 113043.02, 'https://www.adzuna.com/land/ad/5673576844?se=eLaB-FA28RGoFf1pnMrDDQ&utm_medium=api&utm_source=8d05c7a4&v=719D885BF19DD8B258526C88A6D26551F0824A39', '2026-03-20')]
(Background on this error at: https://sqlalche.me/e/20/e3q8)
2026-04-12 19:08:20,853  WARNING     Skipping row due to error: (sqlite3.OperationalError) near "RETURNING": syntax error
[SQL: 
        INSERT INTO jobs
            (source, external_id, title, company, city, region, country,
             is_remote, salary_min, salary_max, salary_mid, url, date_posted)
        VALUES
            (?, ?, ?, ?, ?, ?, ?,
             ?, ?, ?, ?, ?, ?)
        ON CONFLICT (source, external_id) DO NOTHING
        RETURNING id;
    ]
[parameters: ('adzuna', '5697104368', 'Sr. Data Analyst', 'Deloitte', 'Minneapolis', 'Hennepin County', None, False, 121604.18, 121604.18, 121604.18, 'https://www.adzuna.com/land/ad/5697104368?se=eLaB-FA28RGoFf1pnMrDDQ&utm_medium=api&utm_source=8d05c7a4&v=97E22E9849E38ACD445FA3070F4920C95D866E70', '2026-04-11')]
(Background on this error at: https://sqlalche.me/e/20/e3q8)
2026-04-12 19:08:20,853  WARNING     Skipping row due to error: (sqlite3.OperationalError) near "RETURNING": syntax error
[SQL: 
        INSERT INTO jobs
            (source, external_id, title, company, city, region, country,
             is_remote, salary_min, salary_max, salary_mid, url, date_posted)
        VALUES
            (?, ?, ?, ?, ?, ?, ?,
             ?, ?, ?, ?, ?, ?)
        ON CONFLICT (source, external_id) DO NOTHING
        RETURNING id;
    ]
[parameters: ('adzuna', '5697121098', 'Sr. Data Analyst', 'Deloitte', 'Boston', 'Suffolk County', None, False, 104907.46, 104907.46, 104907.46, 'https://www.adzuna.com/land/ad/5697121098?se=eLaB-FA28RGoFf1pnMrDDQ&utm_medium=api&utm_source=8d05c7a4&v=ABDCB6545092871663F5930AAE28D12CC8DD8591', '2026-04-11')]
(Background on this error at: https://sqlalche.me/e/20/e3q8)
2026-04-12 19:08:20,854  WARNING     Skipping row due to error: (sqlite3.OperationalError) near "RETURNING": syntax error
[SQL: 
        INSERT INTO jobs
            (source, external_id, title, company, city, region, country,
             is_remote, salary_min, salary_max, salary_mid, url, date_posted)
        VALUES
            (?, ?, ?, ?, ?, ?, ?,
             ?, ?, ?, ?, ?, ?)
        ON CONFLICT (source, external_id) DO NOTHING
        RETURNING id;
    ]
[parameters: ('adzuna', '5697038239', 'Sr. Data Analyst', 'Deloitte', 'Druid', 'Baltimore', None, False, 119999.62, 119999.62, 119999.62, 'https://www.adzuna.com/land/ad/5697038239?se=eLaB-FA28RGoFf1pnMrDDQ&utm_medium=api&utm_source=8d05c7a4&v=27ECFC0997DA4DF3D8FEC5BE35CE7B023DA73161', '2026-04-11')]
(Background on this error at: https://sqlalche.me/e/20/e3q8)
2026-04-12 19:08:20,854  WARNING     Skipping row due to error: (sqlite3.OperationalError) near "RETURNING": syntax error
[SQL: 
        INSERT INTO jobs
            (source, external_id, title, company, city, region, country,
             is_remote, salary_min, salary_max, salary_mid, url, date_posted)
        VALUES
            (?, ?, ?, ?, ?, ?, ?,
             ?, ?, ?, ?, ?, ?)
        ON CONFLICT (source, external_id) DO NOTHING
        RETURNING id;
    ]
[parameters: ('adzuna', '5697120053', 'Sr. Data Analyst', 'Deloitte', 'Glendale', 'Denver', None, False, 131016.45, 131016.45, 131016.45, 'https://www.adzuna.com/land/ad/5697120053?se=eLaB-FA28RGoFf1pnMrDDQ&utm_medium=api&utm_source=8d05c7a4&v=229E381AD85E02D9A7DDDAE1876C3505A835BBF2', '2026-04-11')]
(Background on this error at: https://sqlalche.me/e/20/e3q8)
2026-04-12 19:08:20,855  WARNING     Skipping row due to error: (sqlite3.OperationalError) near "RETURNING": syntax error
[SQL: 
        INSERT INTO jobs
            (source, external_id, title, company, city, region, country,
             is_remote, salary_min, salary_max, salary_mid, url, date_posted)
        VALUES
            (?, ?, ?, ?, ?, ?, ?,
             ?, ?, ?, ?, ?, ?)
        ON CONFLICT (source, external_id) DO NOTHING
        RETURNING id;
    ]
[parameters: ('adzuna', '5697164353', 'Sr. Data Analyst', 'Deloitte', 'Jericho', 'Nassau County', None, False, 112213.93, 112213.93, 112213.93, 'https://www.adzuna.com/land/ad/5697164353?se=eLaB-FA28RGoFf1pnMrDDQ&utm_medium=api&utm_source=8d05c7a4&v=9E2EA51F5E5BDDFDAD3880E14D733850BC79ADE3', '2026-04-11')]
(Background on this error at: https://sqlalche.me/e/20/e3q8)
2026-04-12 19:08:20,856  WARNING     Skipping row due to error: (sqlite3.OperationalError) near "RETURNING": syntax error
[SQL: 
        INSERT INTO jobs
            (source, external_id, title, company, city, region, country,
             is_remote, salary_min, salary_max, salary_mid, url, date_posted)
        VALUES
            (?, ?, ?, ?, ?, ?, ?,
             ?, ?, ?, ?, ?, ?)
        ON CONFLICT (source, external_id) DO NOTHING
        RETURNING id;
    ]
[parameters: ('adzuna', '5697164350', 'Sr. Data Analyst', 'Deloitte', 'Williamsville', 'Erie County', None, False, 117387.74, 117387.74, 117387.74, 'https://www.adzuna.com/land/ad/5697164350?se=eLaB-FA28RGoFf1pnMrDDQ&utm_medium=api&utm_source=8d05c7a4&v=110840163CA230DDFDAFB31A65B428F454A41CAB', '2026-04-11')]
(Background on this error at: https://sqlalche.me/e/20/e3q8)
2026-04-12 19:08:20,857  WARNING     Skipping row due to error: (sqlite3.OperationalError) near "RETURNING": syntax error
[SQL: 
        INSERT INTO jobs
            (source, external_id, title, company, city, region, country,
             is_remote, salary_min, salary_max, salary_mid, url, date_posted)
        VALUES
            (?, ?, ?, ?, ?, ?, ?,
             ?, ?, ?, ?, ?, ?)
        ON CONFLICT (source, external_id) DO NOTHING
        RETURNING id;
    ]
[parameters: ('adzuna', '5697164354', 'Sr. Data Analyst', 'Deloitte', 'Rochester', 'Monroe County', None, False, 116173.26, 116173.26, 116173.26, 'https://www.adzuna.com/land/ad/5697164354?se=eLaB-FA28RGoFf1pnMrDDQ&utm_medium=api&utm_source=8d05c7a4&v=CB5D2944C2B4F50CA16D151F95BA5BCE8BA7E79E', '2026-04-11')]
(Background on this error at: https://sqlalche.me/e/20/e3q8)
2026-04-12 19:08:20,858  WARNING     Skipping row due to error: (sqlite3.OperationalError) near "RETURNING": syntax error
[SQL: 
        INSERT INTO jobs
            (source, external_id, title, company, city, region, country,
             is_remote, salary_min, salary_max, salary_mid, url, date_posted)
        VALUES
            (?, ?, ?, ?, ?, ?, ?,
             ?, ?, ?, ?, ?, ?)
        ON CONFLICT (source, external_id) DO NOTHING
        RETURNING id;
    ]
[parameters: ('adzuna', '5697164356', 'Sr. Data Analyst', 'Deloitte', 'Grand Central', 'Manhattan', None, False, 157353.25, 157353.25, 157353.25, 'https://www.adzuna.com/land/ad/5697164356?se=eLaB-FA28RGoFf1pnMrDDQ&utm_medium=api&utm_source=8d05c7a4&v=943E02D3D24A315AA8BD65348B796DC65BA9557B', '2026-04-11')]
(Background on this error at: https://sqlalche.me/e/20/e3q8)
2026-04-12 19:08:20,859  WARNING     Skipping row due to error: (sqlite3.OperationalError) near "RETURNING": syntax error
[SQL: 
        INSERT INTO jobs
            (source, external_id, title, company, city, region, country,
             is_remote, salary_min, salary_max, salary_mid, url, date_posted)
        VALUES
            (?, ?, ?, ?, ?, ?, ?,
             ?, ?, ?, ?, ?, ?)
        ON CONFLICT (source, external_id) DO NOTHING
        RETURNING id;
    ]
[parameters: ('adzuna', '5697271693', 'Sr. Data Analyst', 'Deloitte', 'West Milwaukee', 'Milwaukee County', None, False, 137094.97, 137094.97, 137094.97, 'https://www.adzuna.com/land/ad/5697271693?se=eLaB-FA28RGoFf1pnMrDDQ&utm_medium=api&utm_source=8d05c7a4&v=2D1DD2DFD7CD3E25859EDFD9255E1BBF35F13B12', '2026-04-12')]
(Background on this error at: https://sqlalche.me/e/20/e3q8)
2026-04-12 19:08:20,859  WARNING     Skipping row due to error: (sqlite3.OperationalError) near "RETURNING": syntax error
[SQL: 
        INSERT INTO jobs
            (source, external_id, title, company, city, region, country,
             is_remote, salary_min, salary_max, salary_mid, url, date_posted)
        VALUES
            (?, ?, ?, ?, ?, ?, ?,
             ?, ?, ?, ?, ?, ?)
        ON CONFLICT (source, external_id) DO NOTHING
        RETURNING id;
    ]
[parameters: ('adzuna', '5697269254', 'Sr. Data Analyst', 'Deloitte', 'International', 'King County', None, False, 120646.34, 120646.34, 120646.34, 'https://www.adzuna.com/land/ad/5697269254?se=eLaB-FA28RGoFf1pnMrDDQ&utm_medium=api&utm_source=8d05c7a4&v=6FB2F4AE1754BE00FEC9A5C734F438874EEE56A4', '2026-04-12')]
(Background on this error at: https://sqlalche.me/e/20/e3q8)
2026-04-12 19:08:20,860  WARNING     Skipping row due to error: (sqlite3.OperationalError) near "RETURNING": syntax error
[SQL: 
        INSERT INTO jobs
            (source, external_id, title, company, city, region, country,
             is_remote, salary_min, salary_max, salary_mid, url, date_posted)
        VALUES
            (?, ?, ?, ?, ?, ?, ?,
             ?, ?, ?, ?, ?, ?)
        ON CONFLICT (source, external_id) DO NOTHING
        RETURNING id;
    ]
[parameters: ('adzuna', '5697119938', 'Sr. Data Analyst', 'Deloitte', 'Detroit', 'Wayne County', None, False, 125136.89, 125136.89, 125136.89, 'https://www.adzuna.com/land/ad/5697119938?se=8K_m-VA28RGxboRaoq6V0w&utm_medium=api&utm_source=8d05c7a4&v=FC0B620BE86EA9423E9DBD5491BDA6A0F5632C7B', '2026-04-11')]
(Background on this error at: https://sqlalche.me/e/20/e3q8)
2026-04-12 19:08:20,860  WARNING     Skipping row due to error: (sqlite3.OperationalError) near "RETURNING": syntax error
[SQL: 
        INSERT INTO jobs
            (source, external_id, title, company, city, region, country,
             is_remote, salary_min, salary_max, salary_mid, url, date_posted)
        VALUES
            (?, ?, ?, ?, ?, ?, ?,
             ?, ?, ?, ?, ?, ?)
        ON CONFLICT (source, external_id) DO NOTHING
        RETURNING id;
    ]
[parameters: ('adzuna', '5697120119', 'Sr. Data Analyst', 'Deloitte', 'Cloverdale', 'Shelby County', None, False, 126426.15, 126426.15, 126426.15, 'https://www.adzuna.com/land/ad/5697120119?se=8K_m-VA28RGxboRaoq6V0w&utm_medium=api&utm_source=8d05c7a4&v=404C0A9C0F836304061B1F3E6393E7FEE2561291', '2026-04-11')]
(Background on this error at: https://sqlalche.me/e/20/e3q8)
2026-04-12 19:08:20,861  WARNING     Skipping row due to error: (sqlite3.OperationalError) near "RETURNING": syntax error
[SQL: 
        INSERT INTO jobs
            (source, external_id, title, company, city, region, country,
             is_remote, salary_min, salary_max, salary_mid, url, date_posted)
        VALUES
            (?, ?, ?, ?, ?, ?, ?,
             ?, ?, ?, ?, ?, ?)
        ON CONFLICT (source, external_id) DO NOTHING
        RETURNING id;
    ]
[parameters: ('adzuna', '5697120163', 'Sr. Data Analyst', 'Deloitte', 'Hermitage', 'Davidson County', None, False, 138840.97, 138840.97, 138840.97, 'https://www.adzuna.com/land/ad/5697120163?se=8K_m-VA28RGxboRaoq6V0w&utm_medium=api&utm_source=8d05c7a4&v=0E604FA1ED7460FB9E1958CDC4970A9279F93BEF', '2026-04-11')]
(Background on this error at: https://sqlalche.me/e/20/e3q8)
2026-04-12 19:08:20,861  WARNING     Skipping row due to error: (sqlite3.OperationalError) near "RETURNING": syntax error
[SQL: 
        INSERT INTO jobs
            (source, external_id, title, company, city, region, country,
             is_remote, salary_min, salary_max, salary_mid, url, date_posted)
        VALUES
            (?, ?, ?, ?, ?, ?, ?,
             ?, ?, ?, ?, ?, ?)
        ON CONFLICT (source, external_id) DO NOTHING
        RETURNING id;
    ]
[parameters: ('adzuna', '5697119275', 'Sr. Data Analyst', 'Deloitte', 'Higley', 'Maricopa County', None, False, 113378.05, 113378.05, 113378.05, 'https://www.adzuna.com/land/ad/5697119275?se=8K_m-VA28RGxboRaoq6V0w&utm_medium=api&utm_source=8d05c7a4&v=EBBED4536121B27B1414D0456BEC1A23906FC1B3', '2026-04-11')]
(Background on this error at: https://sqlalche.me/e/20/e3q8)
2026-04-12 19:08:20,862  WARNING     Skipping row due to error: (sqlite3.OperationalError) near "RETURNING": syntax error
[SQL: 
        INSERT INTO jobs
            (source, external_id, title, company, city, region, country,
             is_remote, salary_min, salary_max, salary_mid, url, date_posted)
        VALUES
            (?, ?, ?, ?, ?, ?, ?,
             ?, ?, ?, ?, ?, ?)
        ON CONFLICT (source, external_id) DO NOTHING
        RETURNING id;
    ]
[parameters: ('adzuna', '5697120120', 'Sr. Data Analyst', 'Deloitte', 'Nashville', 'Davidson County', None, False, 115220.17, 115220.17, 115220.17, 'https://www.adzuna.com/land/ad/5697120120?se=8K_m-VA28RGxboRaoq6V0w&utm_medium=api&utm_source=8d05c7a4&v=F06684AE1544643360E8AF27EF49510DF35850DB', '2026-04-11')]
(Background on this error at: https://sqlalche.me/e/20/e3q8)
2026-04-12 19:08:20,863  WARNING     Skipping row due to error: (sqlite3.OperationalError) near "RETURNING": syntax error
[SQL: 
        INSERT INTO jobs
            (source, external_id, title, company, city, region, country,
             is_remote, salary_min, salary_max, salary_mid, url, date_posted)
        VALUES
            (?, ?, ?, ?, ?, ?, ?,
             ?, ?, ?, ?, ?, ?)
        ON CONFLICT (source, external_id) DO NOTHING
        RETURNING id;
    ]
[parameters: ('adzuna', '5697121008', 'Sr. Data Analyst', 'Deloitte', 'Atlanta', 'Fulton County', None, False, 156517.66, 156517.66, 156517.66, 'https://www.adzuna.com/land/ad/5697121008?se=8K_m-VA28RGxboRaoq6V0w&utm_medium=api&utm_source=8d05c7a4&v=63752850AD4B799486D289BADFE73EFC52F51B74', '2026-04-11')]
(Background on this error at: https://sqlalche.me/e/20/e3q8)
2026-04-12 19:08:20,863  WARNING     Skipping row due to error: (sqlite3.OperationalError) near "RETURNING": syntax error
[SQL: 
        INSERT INTO jobs
            (source, external_id, title, company, city, region, country,
             is_remote, salary_min, salary_max, salary_mid, url, date_posted)
        VALUES
            (?, ?, ?, ?, ?, ?, ?,
             ?, ?, ?, ?, ?, ?)
        ON CONFLICT (source, external_id) DO NOTHING
        RETURNING id;
    ]
[parameters: ('adzuna', '5697127672', 'Sr. Data Analyst', 'Deloitte', 'Five Points', 'Wake County', None, False, 124386.35, 124386.35, 124386.35, 'https://www.adzuna.com/land/ad/5697127672?se=8K_m-VA28RGxboRaoq6V0w&utm_medium=api&utm_source=8d05c7a4&v=95FA332BF79EC1BCCBE2E3A1EE898F2209D3A357', '2026-04-11')]
(Background on this error at: https://sqlalche.me/e/20/e3q8)
2026-04-12 19:08:20,865  WARNING     Skipping row due to error: (sqlite3.OperationalError) near "RETURNING": syntax error
[SQL: 
        INSERT INTO jobs
            (source, external_id, title, company, city, region, country,
             is_remote, salary_min, salary_max, salary_mid, url, date_posted)
        VALUES
            (?, ?, ?, ?, ?, ?, ?,
             ?, ?, ?, ?, ?, ?)
        ON CONFLICT (source, external_id) DO NOTHING
        RETURNING id;
    ]
[parameters: ('adzuna', '5697127635', 'Sr. Data Analyst', 'Deloitte', 'Charlotte', 'Mecklenburg County', None, False, 109102.84, 109102.84, 109102.84, 'https://www.adzuna.com/land/ad/5697127635?se=8K_m-VA28RGxboRaoq6V0w&utm_medium=api&utm_source=8d05c7a4&v=B3C330BF53C9388A6ADBF859CEF1E154533D1126', '2026-04-11')]
(Background on this error at: https://sqlalche.me/e/20/e3q8)
2026-04-12 19:08:20,865  WARNING     Skipping row due to error: (sqlite3.OperationalError) near "RETURNING": syntax error
[SQL: 
        INSERT INTO jobs
            (source, external_id, title, company, city, region, country,
             is_remote, salary_min, salary_max, salary_mid, url, date_posted)
        VALUES
            (?, ?, ?, ?, ?, ?, ?,
             ?, ?, ?, ?, ?, ?)
        ON CONFLICT (source, external_id) DO NOTHING
        RETURNING id;
    ]
[parameters: ('adzuna', '5697120049', 'Sr. Data Analyst', 'Deloitte', 'Colorado Springs', 'El Paso County', None, False, 115640.25, 115640.25, 115640.25, 'https://www.adzuna.com/land/ad/5697120049?se=8K_m-VA28RGxboRaoq6V0w&utm_medium=api&utm_source=8d05c7a4&v=746592BAF8DFA20DDA721C78854DFA1344EB70A0', '2026-04-11')]
(Background on this error at: https://sqlalche.me/e/20/e3q8)
2026-04-12 19:08:20,866  WARNING     Skipping row due to error: (sqlite3.OperationalError) near "RETURNING": syntax error
[SQL: 
        INSERT INTO jobs
            (source, external_id, title, company, city, region, country,
             is_remote, salary_min, salary_max, salary_mid, url, date_posted)
        VALUES
            (?, ?, ?, ?, ?, ?, ?,
             ?, ?, ?, ?, ?, ?)
        ON CONFLICT (source, external_id) DO NOTHING
        RETURNING id;
    ]
[parameters: ('adzuna', '5697119959', 'Sr. Data Analyst', 'Deloitte', 'Midland', 'Midland County', None, False, 118146.41, 118146.41, 118146.41, 'https://www.adzuna.com/land/ad/5697119959?se=8K_m-VA28RGxboRaoq6V0w&utm_medium=api&utm_source=8d05c7a4&v=BB6C19F2095D2A8C69D13FB0ED06E824E5498789', '2026-04-11')]
(Background on this error at: https://sqlalche.me/e/20/e3q8)
2026-04-12 19:08:20,867  WARNING     Skipping row due to error: (sqlite3.OperationalError) near "RETURNING": syntax error
[SQL: 
        INSERT INTO jobs
            (source, external_id, title, company, city, region, country,
             is_remote, salary_min, salary_max, salary_mid, url, date_posted)
        VALUES
            (?, ?, ?, ?, ?, ?, ?,
             ?, ?, ?, ?, ?, ?)
        ON CONFLICT (source, external_id) DO NOTHING
        RETURNING id;
    ]
[parameters: ('adzuna', '5697119928', 'Sr. Data Analyst', 'Deloitte', 'Grand Rapids', 'Kent County', None, False, 141312.95, 141312.95, 141312.95, 'https://www.adzuna.com/land/ad/5697119928?se=8K_m-VA28RGxboRaoq6V0w&utm_medium=api&utm_source=8d05c7a4&v=B213F1CAF5FEEB9E4D86E939A1158EC4EA183B48', '2026-04-11')]
(Background on this error at: https://sqlalche.me/e/20/e3q8)
2026-04-12 19:08:20,867  WARNING     Skipping row due to error: (sqlite3.OperationalError) near "RETURNING": syntax error
[SQL: 
        INSERT INTO jobs
            (source, external_id, title, company, city, region, country,
             is_remote, salary_min, salary_max, salary_mid, url, date_posted)
        VALUES
            (?, ?, ?, ?, ?, ?, ?,
             ?, ?, ?, ?, ?, ?)
        ON CONFLICT (source, external_id) DO NOTHING
        RETURNING id;
    ]
[parameters: ('adzuna', '5697093582', 'Sr. Data Analyst', 'Deloitte', 'Custom House', 'Orleans Parish', None, False, 111606.02, 111606.02, 111606.02, 'https://www.adzuna.com/land/ad/5697093582?se=8K_m-VA28RGxboRaoq6V0w&utm_medium=api&utm_source=8d05c7a4&v=66C9343A82D28041AC36B591C5298C8A94933C79', '2026-04-11')]
(Background on this error at: https://sqlalche.me/e/20/e3q8)
2026-04-12 19:08:20,868  WARNING     Skipping row due to error: (sqlite3.OperationalError) near "RETURNING": syntax error
[SQL: 
        INSERT INTO jobs
            (source, external_id, title, company, city, region, country,
             is_remote, salary_min, salary_max, salary_mid, url, date_posted)
        VALUES
            (?, ?, ?, ?, ?, ?, ?,
             ?, ?, ?, ?, ?, ?)
        ON CONFLICT (source, external_id) DO NOTHING
        RETURNING id;
    ]
[parameters: ('adzuna', '5697093690', 'Sr. Data Analyst', 'Deloitte', 'Williams', 'Tulsa County', None, False, 106875.02, 106875.02, 106875.02, 'https://www.adzuna.com/land/ad/5697093690?se=8K_m-VA28RGxboRaoq6V0w&utm_medium=api&utm_source=8d05c7a4&v=4B12B08930D7ECE5EB0C4C03AB4A878A80281222', '2026-04-11')]
(Background on this error at: https://sqlalche.me/e/20/e3q8)
2026-04-12 19:08:20,869  WARNING     Skipping row due to error: (sqlite3.OperationalError) near "RETURNING": syntax error
[SQL: 
        INSERT INTO jobs
            (source, external_id, title, company, city, region, country,
             is_remote, salary_min, salary_max, salary_mid, url, date_posted)
        VALUES
            (?, ?, ?, ?, ?, ?, ?,
             ?, ?, ?, ?, ?, ?)
        ON CONFLICT (source, external_id) DO NOTHING
        RETURNING id;
    ]
[parameters: ('adzuna', '5697094449', 'Sr. Data Analyst', 'Deloitte', 'Portland', 'Multnomah County', None, False, 110107.55, 110107.55, 110107.55, 'https://www.adzuna.com/land/ad/5697094449?se=8K_m-VA28RGxboRaoq6V0w&utm_medium=api&utm_source=8d05c7a4&v=C3FA91E88568277209062DB6E6EA1D31E7875719', '2026-04-11')]
(Background on this error at: https://sqlalche.me/e/20/e3q8)
2026-04-12 19:08:20,871  WARNING     Skipping row due to error: (sqlite3.OperationalError) near "RETURNING": syntax error
[SQL: 
        INSERT INTO jobs
            (source, external_id, title, company, city, region, country,
             is_remote, salary_min, salary_max, salary_mid, url, date_posted)
        VALUES
            (?, ?, ?, ?, ?, ?, ?,
             ?, ?, ?, ?, ?, ?)
        ON CONFLICT (source, external_id) DO NOTHING
        RETURNING id;
    ]
[parameters: ('adzuna', '5697112522', 'Sr. Data Analyst', 'Deloitte', 'Boise', 'Ada County', None, False, 109813.92, 109813.92, 109813.92, 'https://www.adzuna.com/land/ad/5697112522?se=8K_m-VA28RGxboRaoq6V0w&utm_medium=api&utm_source=8d05c7a4&v=A42362F0D2BBC4E6E328AA0D7F023EF7D8666230', '2026-04-11')]
(Background on this error at: https://sqlalche.me/e/20/e3q8)
2026-04-12 19:08:20,872  WARNING     Skipping row due to error: (sqlite3.OperationalError) near "RETURNING": syntax error
[SQL: 
        INSERT INTO jobs
            (source, external_id, title, company, city, region, country,
             is_remote, salary_min, salary_max, salary_mid, url, date_posted)
        VALUES
            (?, ?, ?, ?, ?, ?, ?,
             ?, ?, ?, ?, ?, ?)
        ON CONFLICT (source, external_id) DO NOTHING
        RETURNING id;
    ]
[parameters: ('adzuna', '5697112878', 'Sr. Data Analyst', 'Deloitte', 'Washington', 'D.C.', 'US', False, 113352.75, 113352.75, 113352.75, 'https://www.adzuna.com/land/ad/5697112878?se=8K_m-VA28RGxboRaoq6V0w&utm_medium=api&utm_source=8d05c7a4&v=73B8E9C18070A231BD304F6CB6121A1A52AA9183', '2026-04-11')]
(Background on this error at: https://sqlalche.me/e/20/e3q8)
2026-04-12 19:08:20,873  WARNING     Skipping row due to error: (sqlite3.OperationalError) near "RETURNING": syntax error
[SQL: 
        INSERT INTO jobs
            (source, external_id, title, company, city, region, country,
             is_remote, salary_min, salary_max, salary_mid, url, date_posted)
        VALUES
            (?, ?, ?, ?, ?, ?, ?,
             ?, ?, ?, ?, ?, ?)
        ON CONFLICT (source, external_id) DO NOTHING
        RETURNING id;
    ]
[parameters: ('adzuna', '5697088157', 'Sr. Data Analyst', 'Deloitte', 'Davenport', 'Scott County', None, False, 164891.89, 164891.89, 164891.89, 'https://www.adzuna.com/land/ad/5697088157?se=8K_m-VA28RGxboRaoq6V0w&utm_medium=api&utm_source=8d05c7a4&v=FD599D2E1EA412797453E98A8A337140539A8155', '2026-04-11')]
(Background on this error at: https://sqlalche.me/e/20/e3q8)
2026-04-12 19:08:20,873  WARNING     Skipping row due to error: (sqlite3.OperationalError) near "RETURNING": syntax error
[SQL: 
        INSERT INTO jobs
            (source, external_id, title, company, city, region, country,
             is_remote, salary_min, salary_max, salary_mid, url, date_posted)
        VALUES
            (?, ?, ?, ?, ?, ?, ?,
             ?, ?, ?, ?, ?, ?)
        ON CONFLICT (source, external_id) DO NOTHING
        RETURNING id;
    ]
[parameters: ('adzuna', '5697088156', 'Sr. Data Analyst', 'Deloitte', 'Des Moines', 'Polk County', None, False, 107980.14, 107980.14, 107980.14, 'https://www.adzuna.com/land/ad/5697088156?se=8K_m-VA28RGxboRaoq6V0w&utm_medium=api&utm_source=8d05c7a4&v=C01382C77E4958EE339441DD5277BDAAF888927B', '2026-04-11')]
(Background on this error at: https://sqlalche.me/e/20/e3q8)
2026-04-12 19:08:20,874  WARNING     Skipping row due to error: (sqlite3.OperationalError) near "RETURNING": syntax error
[SQL: 
        INSERT INTO jobs
            (source, external_id, title, company, city, region, country,
             is_remote, salary_min, salary_max, salary_mid, url, date_posted)
        VALUES
            (?, ?, ?, ?, ?, ?, ?,
             ?, ?, ?, ?, ?, ?)
        ON CONFLICT (source, external_id) DO NOTHING
        RETURNING id;
    ]
[parameters: ('adzuna', '5697117013', 'Sr. Data Analyst', 'Deloitte', 'Uptown', 'Marion County', None, False, 136505.16, 136505.16, 136505.16, 'https://www.adzuna.com/land/ad/5697117013?se=8K_m-VA28RGxboRaoq6V0w&utm_medium=api&utm_source=8d05c7a4&v=D5B0515D229BA766E71BF0749509D3497027C74B', '2026-04-11')]
(Background on this error at: https://sqlalche.me/e/20/e3q8)
2026-04-12 19:08:20,875  WARNING     Skipping row due to error: (sqlite3.OperationalError) near "RETURNING": syntax error
[SQL: 
        INSERT INTO jobs
            (source, external_id, title, company, city, region, country,
             is_remote, salary_min, salary_max, salary_mid, url, date_posted)
        VALUES
            (?, ?, ?, ?, ?, ?, ?,
             ?, ?, ?, ?, ?, ?)
        ON CONFLICT (source, external_id) DO NOTHING
        RETURNING id;
    ]
[parameters: ('adzuna', '5697136545', 'Sr. Data Analyst', 'Deloitte', 'Saint Bernard', 'Hamilton County', None, False, 133378.38, 133378.38, 133378.38, 'https://www.adzuna.com/land/ad/5697136545?se=8K_m-VA28RGxboRaoq6V0w&utm_medium=api&utm_source=8d05c7a4&v=63C327CB552EEB0D7B6313B9288378C137467C1F', '2026-04-11')]
(Background on this error at: https://sqlalche.me/e/20/e3q8)
2026-04-12 19:08:20,875  WARNING     Skipping row due to error: (sqlite3.OperationalError) near "RETURNING": syntax error
[SQL: 
        INSERT INTO jobs
            (source, external_id, title, company, city, region, country,
             is_remote, salary_min, salary_max, salary_mid, url, date_posted)
        VALUES
            (?, ?, ?, ?, ?, ?, ?,
             ?, ?, ?, ?, ?, ?)
        ON CONFLICT (source, external_id) DO NOTHING
        RETURNING id;
    ]
[parameters: ('adzuna', '5697136498', 'Sr. Data Analyst', 'Deloitte', 'Grandview Heights', 'Franklin County', None, False, 137550.33, 137550.33, 137550.33, 'https://www.adzuna.com/land/ad/5697136498?se=8K_m-VA28RGxboRaoq6V0w&utm_medium=api&utm_source=8d05c7a4&v=D06C273749C7EC402ED8F0CFAAB75E24FA261EF1', '2026-04-11')]
(Background on this error at: https://sqlalche.me/e/20/e3q8)
2026-04-12 19:08:20,876  WARNING     Skipping row due to error: (sqlite3.OperationalError) near "RETURNING": syntax error
[SQL: 
        INSERT INTO jobs
            (source, external_id, title, company, city, region, country,
             is_remote, salary_min, salary_max, salary_mid, url, date_posted)
        VALUES
            (?, ?, ?, ?, ?, ?, ?,
             ?, ?, ?, ?, ?, ?)
        ON CONFLICT (source, external_id) DO NOTHING
        RETURNING id;
    ]
[parameters: ('adzuna', '5697136466', 'Sr. Data Analyst', 'Deloitte', 'Oakwood', 'Montgomery County', None, False, 124328.48, 124328.48, 124328.48, 'https://www.adzuna.com/land/ad/5697136466?se=8K_m-VA28RGxboRaoq6V0w&utm_medium=api&utm_source=8d05c7a4&v=90AC1F48286761939D7F1AC22F0D0F70ABFB36EA', '2026-04-11')]
(Background on this error at: https://sqlalche.me/e/20/e3q8)
2026-04-12 19:08:20,877  WARNING     Skipping row due to error: (sqlite3.OperationalError) near "RETURNING": syntax error
[SQL: 
        INSERT INTO jobs
            (source, external_id, title, company, city, region, country,
             is_remote, salary_min, salary_max, salary_mid, url, date_posted)
        VALUES
            (?, ?, ?, ?, ?, ?, ?,
             ?, ?, ?, ?, ?, ?)
        ON CONFLICT (source, external_id) DO NOTHING
        RETURNING id;
    ]
[parameters: ('adzuna', '5697136540', 'Sr. Data Analyst', 'Deloitte', 'Newburgh Heights', 'Cuyahoga County', None, False, 145789.81, 145789.81, 145789.81, 'https://www.adzuna.com/land/ad/5697136540?se=8K_m-VA28RGxboRaoq6V0w&utm_medium=api&utm_source=8d05c7a4&v=7206D70267DAD29B08440DC2E155902E0CD4948B', '2026-04-11')]
(Background on this error at: https://sqlalche.me/e/20/e3q8)
2026-04-12 19:08:20,878  WARNING     Skipping row due to error: (sqlite3.OperationalError) near "RETURNING": syntax error
[SQL: 
        INSERT INTO jobs
            (source, external_id, title, company, city, region, country,
             is_remote, salary_min, salary_max, salary_mid, url, date_posted)
        VALUES
            (?, ?, ?, ?, ?, ?, ?,
             ?, ?, ?, ?, ?, ?)
        ON CONFLICT (source, external_id) DO NOTHING
        RETURNING id;
    ]
[parameters: ('adzuna', '5697176369', 'Sr. Data Analyst', 'Deloitte', 'Wichita', 'Sedgwick County', None, False, 124533.77, 124533.77, 124533.77, 'https://www.adzuna.com/land/ad/5697176369?se=8K_m-VA28RGxboRaoq6V0w&utm_medium=api&utm_source=8d05c7a4&v=A7E07060320E76D7D4C51ECF367189E97DFFF13E', '2026-04-11')]
(Background on this error at: https://sqlalche.me/e/20/e3q8)
2026-04-12 19:08:20,879  WARNING     Skipping row due to error: (sqlite3.OperationalError) near "RETURNING": syntax error
[SQL: 
        INSERT INTO jobs
            (source, external_id, title, company, city, region, country,
             is_remote, salary_min, salary_max, salary_mid, url, date_posted)
        VALUES
            (?, ?, ?, ?, ?, ?, ?,
             ?, ?, ?, ?, ?, ?)
        ON CONFLICT (source, external_id) DO NOTHING
        RETURNING id;
    ]
[parameters: ('adzuna', '5697177127', 'Sr. Data Analyst', 'Deloitte', 'Wellston', 'Saint Louis County', None, False, 114897.13, 114897.13, 114897.13, 'https://www.adzuna.com/land/ad/5697177127?se=8K_m-VA28RGxboRaoq6V0w&utm_medium=api&utm_source=8d05c7a4&v=316C364C84E1F73C7D199715D0B82A636D8015F1', '2026-04-11')]
(Background on this error at: https://sqlalche.me/e/20/e3q8)
2026-04-12 19:08:20,880  WARNING     Skipping row due to error: (sqlite3.OperationalError) near "RETURNING": syntax error
[SQL: 
        INSERT INTO jobs
            (source, external_id, title, company, city, region, country,
             is_remote, salary_min, salary_max, salary_mid, url, date_posted)
        VALUES
            (?, ?, ?, ?, ?, ?, ?,
             ?, ?, ?, ?, ?, ?)
        ON CONFLICT (source, external_id) DO NOTHING
        RETURNING id;
    ]
[parameters: ('adzuna', '5697176508', 'Sr. Data Analyst', 'Deloitte', 'Strathmoor Manor', 'Jefferson County', None, False, 110244.77, 110244.77, 110244.77, 'https://www.adzuna.com/land/ad/5697176508?se=8K_m-VA28RGxboRaoq6V0w&utm_medium=api&utm_source=8d05c7a4&v=93260CA5EE93E88681E5E3BD446E09FF66FF387D', '2026-04-11')]
(Background on this error at: https://sqlalche.me/e/20/e3q8)
2026-04-12 19:08:20,880  WARNING     Skipping row due to error: (sqlite3.OperationalError) near "RETURNING": syntax error
[SQL: 
        INSERT INTO jobs
            (source, external_id, title, company, city, region, country,
             is_remote, salary_min, salary_max, salary_mid, url, date_posted)
        VALUES
            (?, ?, ?, ?, ?, ?, ?,
             ?, ?, ?, ?, ?, ?)
        ON CONFLICT (source, external_id) DO NOTHING
        RETURNING id;
    ]
[parameters: ('adzuna', '5697177133', 'Sr. Data Analyst', 'Deloitte', 'Kansas City', 'Jackson County', None, False, 166568.5, 166568.5, 166568.5, 'https://www.adzuna.com/land/ad/5697177133?se=8K_m-VA28RGxboRaoq6V0w&utm_medium=api&utm_source=8d05c7a4&v=8F923A65F3F8A34C1E2064C64CA6EB59A56DF332', '2026-04-11')]
(Background on this error at: https://sqlalche.me/e/20/e3q8)
2026-04-12 19:08:20,881  WARNING     Skipping row due to error: (sqlite3.OperationalError) near "RETURNING": syntax error
[SQL: 
        INSERT INTO jobs
            (source, external_id, title, company, city, region, country,
             is_remote, salary_min, salary_max, salary_mid, url, date_posted)
        VALUES
            (?, ?, ?, ?, ?, ?, ?,
             ?, ?, ?, ?, ?, ?)
        ON CONFLICT (source, external_id) DO NOTHING
        RETURNING id;
    ]
[parameters: ('adzuna', '5697178573', 'Sr. Data Analyst', 'Deloitte', 'Paradise', 'Clark County', None, False, 137325.55, 137325.55, 137325.55, 'https://www.adzuna.com/land/ad/5697178573?se=8K_m-VA28RGxboRaoq6V0w&utm_medium=api&utm_source=8d05c7a4&v=F208851490BA8B83E5CE226EDB610B672139E7E7', '2026-04-11')]
(Background on this error at: https://sqlalche.me/e/20/e3q8)
2026-04-12 19:08:20,881  WARNING     Skipping row due to error: (sqlite3.OperationalError) near "RETURNING": syntax error
[SQL: 
        INSERT INTO jobs
            (source, external_id, title, company, city, region, country,
             is_remote, salary_min, salary_max, salary_mid, url, date_posted)
        VALUES
            (?, ?, ?, ?, ?, ?, ?,
             ?, ?, ?, ?, ?, ?)
        ON CONFLICT (source, external_id) DO NOTHING
        RETURNING id;
    ]
[parameters: ('adzuna', '5697179547', 'Sr. Data Analyst', 'Deloitte', 'Tyler Park', 'Hudson County', None, False, 121561.39, 121561.39, 121561.39, 'https://www.adzuna.com/land/ad/5697179547?se=8K_m-VA28RGxboRaoq6V0w&utm_medium=api&utm_source=8d05c7a4&v=9E705B1DF4448DD58B69D877034DB50CE8BBFA93', '2026-04-11')]
(Background on this error at: https://sqlalche.me/e/20/e3q8)
2026-04-12 19:08:20,882  WARNING     Skipping row due to error: (sqlite3.OperationalError) near "RETURNING": syntax error
[SQL: 
        INSERT INTO jobs
            (source, external_id, title, company, city, region, country,
             is_remote, salary_min, salary_max, salary_mid, url, date_posted)
        VALUES
            (?, ?, ?, ?, ?, ?, ?,
             ?, ?, ?, ?, ?, ?)
        ON CONFLICT (source, external_id) DO NOTHING
        RETURNING id;
    ]
[parameters: ('adzuna', '5697178516', 'Sr. Data Analyst', 'Deloitte', 'Benson', 'Douglas County', None, False, 108579.27, 108579.27, 108579.27, 'https://www.adzuna.com/land/ad/5697178516?se=8K_m-VA28RGxboRaoq6V0w&utm_medium=api&utm_source=8d05c7a4&v=D5632864305D372B67131283C4B39FFCFE0825AF', '2026-04-11')]
(Background on this error at: https://sqlalche.me/e/20/e3q8)
2026-04-12 19:08:20,883  WARNING     Skipping row due to error: (sqlite3.OperationalError) near "RETURNING": syntax error
[SQL: 
        INSERT INTO jobs
            (source, external_id, title, company, city, region, country,
             is_remote, salary_min, salary_max, salary_mid, url, date_posted)
        VALUES
            (?, ?, ?, ?, ?, ?, ?,
             ?, ?, ?, ?, ?, ?)
        ON CONFLICT (source, external_id) DO NOTHING
        RETURNING id;
    ]
[parameters: ('adzuna', '5697095493', 'Sr. Data Analyst', 'Deloitte', 'Birmingham', 'Jefferson County', None, False, 108370.72, 108370.72, 108370.72, 'https://www.adzuna.com/land/ad/5697095493?se=8K_m-VA28RGxboRaoq6V0w&utm_medium=api&utm_source=8d05c7a4&v=A43A2A1BE8604D04FAEA0329C8B82668813ECD08', '2026-04-11')]
(Background on this error at: https://sqlalche.me/e/20/e3q8)
2026-04-12 19:08:20,884  WARNING     Skipping row due to error: (sqlite3.OperationalError) near "RETURNING": syntax error
[SQL: 
        INSERT INTO jobs
            (source, external_id, title, company, city, region, country,
             is_remote, salary_min, salary_max, salary_mid, url, date_posted)
        VALUES
            (?, ?, ?, ?, ?, ?, ?,
             ?, ?, ?, ?, ?, ?)
        ON CONFLICT (source, external_id) DO NOTHING
        RETURNING id;
    ]
[parameters: ('adzuna', '5697095510', 'Sr. Data Analyst', 'Deloitte', 'Redstone Arsenal', 'Madison County', None, False, 126607.98, 126607.98, 126607.98, 'https://www.adzuna.com/land/ad/5697095510?se=8K_m-VA28RGxboRaoq6V0w&utm_medium=api&utm_source=8d05c7a4&v=61BC13B39D7402809523D7A0E79F52E3D500B49D', '2026-04-11')]
(Background on this error at: https://sqlalche.me/e/20/e3q8)
2026-04-12 19:08:20,885  WARNING     Skipping row due to error: (sqlite3.OperationalError) near "RETURNING": syntax error
[SQL: 
        INSERT INTO jobs
            (source, external_id, title, company, city, region, country,
             is_remote, salary_min, salary_max, salary_mid, url, date_posted)
        VALUES
            (?, ?, ?, ?, ?, ?, ?,
             ?, ?, ?, ?, ?, ?)
        ON CONFLICT (source, external_id) DO NOTHING
        RETURNING id;
    ]
[parameters: ('adzuna', '5697096261', 'Sr. Data Analyst', 'Deloitte', 'Stamford', 'Fairfield County', None, False, 142350.81, 142350.81, 142350.81, 'https://www.adzuna.com/land/ad/5697096261?se=8K_m-VA28RGxboRaoq6V0w&utm_medium=api&utm_source=8d05c7a4&v=06A61ACF405428B9853AA9C592324B828E1C2DF4', '2026-04-11')]
(Background on this error at: https://sqlalche.me/e/20/e3q8)
2026-04-12 19:08:20,886  WARNING     Skipping row due to error: (sqlite3.OperationalError) near "RETURNING": syntax error
[SQL: 
        INSERT INTO jobs
            (source, external_id, title, company, city, region, country,
             is_remote, salary_min, salary_max, salary_mid, url, date_posted)
        VALUES
            (?, ?, ?, ?, ?, ?, ?,
             ?, ?, ?, ?, ?, ?)
        ON CONFLICT (source, external_id) DO NOTHING
        RETURNING id;
    ]
[parameters: ('adzuna', '5697096265', 'Sr. Data Analyst', 'Deloitte', 'Talcott Village', 'Hartford County', None, False, 120247.64, 120247.64, 120247.64, 'https://www.adzuna.com/land/ad/5697096265?se=8K_m-VA28RGxboRaoq6V0w&utm_medium=api&utm_source=8d05c7a4&v=EE2469240A708608EAA3537CDD9C5938003F5E30', '2026-04-11')]
(Background on this error at: https://sqlalche.me/e/20/e3q8)
2026-04-12 19:08:20,886  WARNING     Skipping row due to error: (sqlite3.OperationalError) near "RETURNING": syntax error
[SQL: 
        INSERT INTO jobs
            (source, external_id, title, company, city, region, country,
             is_remote, salary_min, salary_max, salary_mid, url, date_posted)
        VALUES
            (?, ?, ?, ?, ?, ?, ?,
             ?, ?, ?, ?, ?, ?)
        ON CONFLICT (source, external_id) DO NOTHING
        RETURNING id;
    ]
[parameters: ('adzuna', '5672653252', 'Senior Data Analyst', 'CGI Technologies and Solutions, Inc.', 'Strongsville', 'Cuyahoga County', None, False, 144885.14, 144885.14, 144885.14, 'https://www.adzuna.com/land/ad/5672653252?se=8K_m-VA28RGxboRaoq6V0w&utm_medium=api&utm_source=8d05c7a4&v=221B79D6ED6850D72A429CFAF61A508E69B6DF7A', '2026-03-19')]
(Background on this error at: https://sqlalche.me/e/20/e3q8)
2026-04-12 19:08:20,887  WARNING     Skipping row due to error: (sqlite3.OperationalError) near "RETURNING": syntax error
[SQL: 
        INSERT INTO jobs
            (source, external_id, title, company, city, region, country,
             is_remote, salary_min, salary_max, salary_mid, url, date_posted)
        VALUES
            (?, ?, ?, ?, ?, ?, ?,
             ?, ?, ?, ?, ?, ?)
        ON CONFLICT (source, external_id) DO NOTHING
        RETURNING id;
    ]
[parameters: ('adzuna', '5371018650', 'IT Data Analyst', 'Sharp Electronics Corporation', 'Park Ridge', 'Bergen County', None, False, 105364.98, 105364.98, 105364.98, 'https://www.adzuna.com/land/ad/5371018650?se=8K_m-VA28RGxboRaoq6V0w&utm_medium=api&utm_source=8d05c7a4&v=623039CED180773631D601CE464EF3B1D766E59F', '2025-08-27')]
(Background on this error at: https://sqlalche.me/e/20/e3q8)
2026-04-12 19:08:20,887  WARNING     Skipping row due to error: (sqlite3.OperationalError) near "RETURNING": syntax error
[SQL: 
        INSERT INTO jobs
            (source, external_id, title, company, city, region, country,
             is_remote, salary_min, salary_max, salary_mid, url, date_posted)
        VALUES
            (?, ?, ?, ?, ?, ?, ?,
             ?, ?, ?, ?, ?, ?)
        ON CONFLICT (source, external_id) DO NOTHING
        RETURNING id;
    ]
[parameters: ('adzuna', '5694049663', 'Lead Data Analyst', 'Bayer', 'Wellston', 'Saint Louis County', None, False, 118195.88, 118195.88, 118195.88, 'https://www.adzuna.com/land/ad/5694049663?se=8K_m-VA28RGxboRaoq6V0w&utm_medium=api&utm_source=8d05c7a4&v=E96A863E191D517FB48B22A5729525E7C407CF0E', '2026-04-08')]
(Background on this error at: https://sqlalche.me/e/20/e3q8)
2026-04-12 19:08:20,888  WARNING     Skipping row due to error: (sqlite3.OperationalError) near "RETURNING": syntax error
[SQL: 
        INSERT INTO jobs
            (source, external_id, title, company, city, region, country,
             is_remote, salary_min, salary_max, salary_mid, url, date_posted)
        VALUES
            (?, ?, ?, ?, ?, ?, ?,
             ?, ?, ?, ?, ?, ?)
        ON CONFLICT (source, external_id) DO NOTHING
        RETURNING id;
    ]
[parameters: ('adzuna', '5654530843', 'Business Data Analyst', 'Insight Global', 'Grandview Heights', 'Franklin County', None, False, 126624.28, 126624.28, 126624.28, 'https://www.adzuna.com/land/ad/5654530843?se=8K_m-VA28RGxboRaoq6V0w&utm_medium=api&utm_source=8d05c7a4&v=AB138B1E2AA0B4B124746EFD81E3B505DA8A3642', '2026-03-04')]
(Background on this error at: https://sqlalche.me/e/20/e3q8)
2026-04-12 19:08:20,888  WARNING     Skipping row due to error: (sqlite3.OperationalError) near "RETURNING": syntax error
[SQL: 
        INSERT INTO jobs
            (source, external_id, title, company, city, region, country,
             is_remote, salary_min, salary_max, salary_mid, url, date_posted)
        VALUES
            (?, ?, ?, ?, ?, ?, ?,
             ?, ?, ?, ?, ?, ?)
        ON CONFLICT (source, external_id) DO NOTHING
        RETURNING id;
    ]
[parameters: ('adzuna', '5680353169', 'Data Analyst - IT - V', 'Judge Group, Inc.', 'Lake Mary', 'Seminole County', None, False, 119377.99, 119377.99, 119377.99, 'https://www.adzuna.com/land/ad/5680353169?se=8K_m-VA28RGxboRaoq6V0w&utm_medium=api&utm_source=8d05c7a4&v=BE7EFDC663AFD95261969291D8609FB13B693E6B', '2026-03-27')]
(Background on this error at: https://sqlalche.me/e/20/e3q8)
2026-04-12 19:08:20,889  WARNING     Skipping row due to error: (sqlite3.OperationalError) near "RETURNING": syntax error
[SQL: 
        INSERT INTO jobs
            (source, external_id, title, company, city, region, country,
             is_remote, salary_min, salary_max, salary_mid, url, date_posted)
        VALUES
            (?, ?, ?, ?, ?, ?, ?,
             ?, ?, ?, ?, ?, ?)
        ON CONFLICT (source, external_id) DO NOTHING
        RETURNING id;
    ]
[parameters: ('adzuna', '5677540751', 'Student Data Analyst', 'Auburn University', 'Auburn', 'Lee County', None, False, 38144.66, 38144.66, 38144.66, 'https://www.adzuna.com/land/ad/5677540751?se=8K_m-VA28RGxboRaoq6V0w&utm_medium=api&utm_source=8d05c7a4&v=7CAAC29A73EB9DEBECDAF4A1ACEDB8B3FF1561FD', '2026-03-24')]
(Background on this error at: https://sqlalche.me/e/20/e3q8)
2026-04-12 19:08:20,890  WARNING     Skipping row due to error: (sqlite3.OperationalError) near "RETURNING": syntax error
[SQL: 
        INSERT INTO jobs
            (source, external_id, title, company, city, region, country,
             is_remote, salary_min, salary_max, salary_mid, url, date_posted)
        VALUES
            (?, ?, ?, ?, ?, ?, ?,
             ?, ?, ?, ?, ?, ?)
        ON CONFLICT (source, external_id) DO NOTHING
        RETURNING id;
    ]
[parameters: ('adzuna', '5697172440', 'Data Analyst (Remote)', 'WCG Clinical', 'Five Points', 'Wake County', None, False, 63678.89, 63678.89, 63678.89, 'https://www.adzuna.com/land/ad/5697172440?se=8K_m-VA28RGxboRaoq6V0w&utm_medium=api&utm_source=8d05c7a4&v=FA3E8C6635C335C4FA5FAF78CD2CC4C1D6AAEB36', '2026-04-11')]
(Background on this error at: https://sqlalche.me/e/20/e3q8)
2026-04-12 19:08:20,891  WARNING     Skipping row due to error: (sqlite3.OperationalError) near "RETURNING": syntax error
[SQL: 
        INSERT INTO jobs
            (source, external_id, title, company, city, region, country,
             is_remote, salary_min, salary_max, salary_mid, url, date_posted)
        VALUES
            (?, ?, ?, ?, ?, ?, ?,
             ?, ?, ?, ?, ?, ?)
        ON CONFLICT (source, external_id) DO NOTHING
        RETURNING id;
    ]
[parameters: ('adzuna', '5696252614', 'Data Analyst (Remote)', 'WCG Clinical', 'Cary', 'Wake County', None, False, 61621.94, 61621.94, 61621.94, 'https://www.adzuna.com/land/ad/5696252614?se=8K_m-VA28RGxboRaoq6V0w&utm_medium=api&utm_source=8d05c7a4&v=7522F90DB6F4312DEB205F62AE5D5075D2E2E289', '2026-04-10')]
(Background on this error at: https://sqlalche.me/e/20/e3q8)
2026-04-12 19:08:20,892  WARNING     Skipping row due to error: (sqlite3.OperationalError) near "RETURNING": syntax error
[SQL: 
        INSERT INTO jobs
            (source, external_id, title, company, city, region, country,
             is_remote, salary_min, salary_max, salary_mid, url, date_posted)
        VALUES
            (?, ?, ?, ?, ?, ?, ?,
             ?, ?, ?, ?, ?, ?)
        ON CONFLICT (source, external_id) DO NOTHING
        RETURNING id;
    ]
[parameters: ('adzuna', '5695061807', 'Facilities Data Analyst', 'ABM Industries', 'Garden', 'Chatham County', None, False, 82109.05, 82109.05, 82109.05, 'https://www.adzuna.com/land/ad/5695061807?se=8K_m-VA28RGxboRaoq6V0w&utm_medium=api&utm_source=8d05c7a4&v=43B8A20E8C929280471767D634D8D92760454F50', '2026-04-09')]
(Background on this error at: https://sqlalche.me/e/20/e3q8)
2026-04-12 19:08:20,894  WARNING     Skipping row due to error: (sqlite3.OperationalError) near "RETURNING": syntax error
[SQL: 
        INSERT INTO jobs
            (source, external_id, title, company, city, region, country,
             is_remote, salary_min, salary_max, salary_mid, url, date_posted)
        VALUES
            (?, ?, ?, ?, ?, ?, ?,
             ?, ?, ?, ?, ?, ?)
        ON CONFLICT (source, external_id) DO NOTHING
        RETURNING id;
    ]
[parameters: ('adzuna', '5695089261', 'Data Analyst (Remote)', 'GovCIO', 'Edgewood', 'Richland County', None, False, 72014.7, 72014.7, 72014.7, 'https://www.adzuna.com/land/ad/5695089261?se=8K_m-VA28RGxboRaoq6V0w&utm_medium=api&utm_source=8d05c7a4&v=2212379E80084BC1D4AA1C19B4B2865DBFCC5CC1', '2026-04-09')]
(Background on this error at: https://sqlalche.me/e/20/e3q8)
2026-04-12 19:08:20,894  WARNING     Skipping row due to error: (sqlite3.OperationalError) near "RETURNING": syntax error
[SQL: 
        INSERT INTO jobs
            (source, external_id, title, company, city, region, country,
             is_remote, salary_min, salary_max, salary_mid, url, date_posted)
        VALUES
            (?, ?, ?, ?, ?, ?, ?,
             ?, ?, ?, ?, ?, ?)
        ON CONFLICT (source, external_id) DO NOTHING
        RETURNING id;
    ]
[parameters: ('adzuna', '5695050487', 'Data Analyst (Remote)', 'GovCIO', 'Des Moines', 'Polk County', None, False, 70250.48, 70250.48, 70250.48, 'https://www.adzuna.com/land/ad/5695050487?se=8K_m-VA28RGxboRaoq6V0w&utm_medium=api&utm_source=8d05c7a4&v=7B774410465C7FCA52E382A9A261FA5AA3498DC6', '2026-04-09')]
(Background on this error at: https://sqlalche.me/e/20/e3q8)
2026-04-12 19:08:20,895  WARNING     Skipping row due to error: (sqlite3.OperationalError) near "RETURNING": syntax error
[SQL: 
        INSERT INTO jobs
            (source, external_id, title, company, city, region, country,
             is_remote, salary_min, salary_max, salary_mid, url, date_posted)
        VALUES
            (?, ?, ?, ?, ?, ?, ?,
             ?, ?, ?, ?, ?, ?)
        ON CONFLICT (source, external_id) DO NOTHING
        RETURNING id;
    ]
[parameters: ('adzuna', '5695083230', 'Data Analyst (Remote)', 'GovCIO', 'Boise', 'Ada County', None, False, 71443.59, 71443.59, 71443.59, 'https://www.adzuna.com/land/ad/5695083230?se=8K_m-VA28RGxboRaoq6V0w&utm_medium=api&utm_source=8d05c7a4&v=ECF1E87C9E51F7C30EBC4ED39B671F687CAACEE5', '2026-04-09')]
(Background on this error at: https://sqlalche.me/e/20/e3q8)
2026-04-12 19:08:20,896  WARNING     Skipping row due to error: (sqlite3.OperationalError) near "RETURNING": syntax error
[SQL: 
        INSERT INTO jobs
            (source, external_id, title, company, city, region, country,
             is_remote, salary_min, salary_max, salary_mid, url, date_posted)
        VALUES
            (?, ?, ?, ?, ?, ?, ?,
             ?, ?, ?, ?, ?, ?)
        ON CONFLICT (source, external_id) DO NOTHING
        RETURNING id;
    ]
[parameters: ('adzuna', '5695099983', 'Data Analyst (Remote)', 'GovCIO', 'Cammack Village', 'Pulaski County', None, False, 108736.58, 108736.58, 108736.58, 'https://www.adzuna.com/land/ad/5695099983?se=8K_m-VA28RGxboRaoq6V0w&utm_medium=api&utm_source=8d05c7a4&v=CA76EF1564819F7C0F85D991D1B5792712BFB4EB', '2026-04-09')]
(Background on this error at: https://sqlalche.me/e/20/e3q8)
2026-04-12 19:08:20,896  WARNING     Skipping row due to error: (sqlite3.OperationalError) near "RETURNING": syntax error
[SQL: 
        INSERT INTO jobs
            (source, external_id, title, company, city, region, country,
             is_remote, salary_min, salary_max, salary_mid, url, date_posted)
        VALUES
            (?, ?, ?, ?, ?, ?, ?,
             ?, ?, ?, ?, ?, ?)
        ON CONFLICT (source, external_id) DO NOTHING
        RETURNING id;
    ]
[parameters: ('adzuna', '5695078922', 'Data Analyst (Remote)', 'GovCIO', 'Archer', 'Laramie County', None, False, 83769.96, 83769.96, 83769.96, 'https://www.adzuna.com/land/ad/5695078922?se=8K_m-VA28RGxboRaoq6V0w&utm_medium=api&utm_source=8d05c7a4&v=D41EF59A33B83B077F6D258E7B8E0FB2231733A9', '2026-04-09')]
(Background on this error at: https://sqlalche.me/e/20/e3q8)
2026-04-12 19:08:20,897  WARNING     Skipping row due to error: (sqlite3.OperationalError) near "RETURNING": syntax error
[SQL: 
        INSERT INTO jobs
            (source, external_id, title, company, city, region, country,
             is_remote, salary_min, salary_max, salary_mid, url, date_posted)
        VALUES
            (?, ?, ?, ?, ?, ?, ?,
             ?, ?, ?, ?, ?, ?)
        ON CONFLICT (source, external_id) DO NOTHING
        RETURNING id;
    ]
[parameters: ('adzuna', '5695186263', 'Data Analyst (Remote)', 'GovCIO', 'Trenton', 'Mercer County', None, False, 76299.97, 76299.97, 76299.97, 'https://www.adzuna.com/land/ad/5695186263?se=8K_m-VA28RGxboRaoq6V0w&utm_medium=api&utm_source=8d05c7a4&v=9077312DA76483DCD11DD8B81D66114F2696561D', '2026-04-09')]
(Background on this error at: https://sqlalche.me/e/20/e3q8)
2026-04-12 19:08:20,898  WARNING     Skipping row due to error: (sqlite3.OperationalError) near "RETURNING": syntax error
[SQL: 
        INSERT INTO jobs
            (source, external_id, title, company, city, region, country,
             is_remote, salary_min, salary_max, salary_mid, url, date_posted)
        VALUES
            (?, ?, ?, ?, ?, ?, ?,
             ?, ?, ?, ?, ?, ?)
        ON CONFLICT (source, external_id) DO NOTHING
        RETURNING id;
    ]
[parameters: ('adzuna', '5695083456', 'Data Analyst (Remote)', 'GovCIO', 'Washington', 'D.C.', 'US', False, 73745.9, 73745.9, 73745.9, 'https://www.adzuna.com/land/ad/5695083456?se=8K_m-VA28RGxboRaoq6V0w&utm_medium=api&utm_source=8d05c7a4&v=54C00D85A23E860A6C060F48BE95BFC40C3070BB', '2026-04-09')]
(Background on this error at: https://sqlalche.me/e/20/e3q8)
2026-04-12 19:08:20,899  WARNING     Skipping row due to error: (sqlite3.OperationalError) near "RETURNING": syntax error
[SQL: 
        INSERT INTO jobs
            (source, external_id, title, company, city, region, country,
             is_remote, salary_min, salary_max, salary_mid, url, date_posted)
        VALUES
            (?, ?, ?, ?, ?, ?, ?,
             ?, ?, ?, ?, ?, ?)
        ON CONFLICT (source, external_id) DO NOTHING
        RETURNING id;
    ]
[parameters: ('adzuna', '5680357225', 'Machine Learning Engineer', 'Booz Allen Hamilton', 'Pimmit', 'Fairfax County', None, False, 106912.84, 106912.84, 106912.84, 'https://www.adzuna.com/land/ad/5680357225?se=pvbY-1A28RG_J8d0bkVF5A&utm_medium=api&utm_source=8d05c7a4&v=1D842D5262FFAB9D1677AAF0C9A4872382E59484', '2026-03-27')]
(Background on this error at: https://sqlalche.me/e/20/e3q8)
2026-04-12 19:08:20,900  WARNING     Skipping row due to error: (sqlite3.OperationalError) near "RETURNING": syntax error
[SQL: 
        INSERT INTO jobs
            (source, external_id, title, company, city, region, country,
             is_remote, salary_min, salary_max, salary_mid, url, date_posted)
        VALUES
            (?, ?, ?, ?, ?, ?, ?,
             ?, ?, ?, ?, ?, ?)
        ON CONFLICT (source, external_id) DO NOTHING
        RETURNING id;
    ]
[parameters: ('adzuna', '5680363181', 'Machine Learning Engineer', 'Booz Allen Hamilton', 'Pimmit', 'Fairfax County', None, False, 118347.13, 118347.13, 118347.13, 'https://www.adzuna.com/land/ad/5680363181?se=pvbY-1A28RG_J8d0bkVF5A&utm_medium=api&utm_source=8d05c7a4&v=FE3D2760B1058BBA30C97AAF0738150D6DD80D94', '2026-03-27')]
(Background on this error at: https://sqlalche.me/e/20/e3q8)
2026-04-12 19:08:20,901  WARNING     Skipping row due to error: (sqlite3.OperationalError) near "RETURNING": syntax error
[SQL: 
        INSERT INTO jobs
            (source, external_id, title, company, city, region, country,
             is_remote, salary_min, salary_max, salary_mid, url, date_posted)
        VALUES
            (?, ?, ?, ?, ?, ?, ?,
             ?, ?, ?, ?, ?, ?)
        ON CONFLICT (source, external_id) DO NOTHING
        RETURNING id;
    ]
[parameters: ('adzuna', '5680352425', 'Machine Learning Engineer', 'Booz Allen Hamilton', 'South Norfolk', 'Chesapeake City', None, False, 138705.98, 138705.98, 138705.98, 'https://www.adzuna.com/land/ad/5680352425?se=pvbY-1A28RG_J8d0bkVF5A&utm_medium=api&utm_source=8d05c7a4&v=9BF9E0D6BE72853EDC61E117050E48C6E4467560', '2026-03-27')]
(Background on this error at: https://sqlalche.me/e/20/e3q8)
2026-04-12 19:08:20,901  WARNING     Skipping row due to error: (sqlite3.OperationalError) near "RETURNING": syntax error
[SQL: 
        INSERT INTO jobs
            (source, external_id, title, company, city, region, country,
             is_remote, salary_min, salary_max, salary_mid, url, date_posted)
        VALUES
            (?, ?, ?, ?, ?, ?, ?,
             ?, ?, ?, ?, ?, ?)
        ON CONFLICT (source, external_id) DO NOTHING
        RETURNING id;
    ]
[parameters: ('adzuna', '5680361006', 'Machine Learning Engineer', 'Eliassen Group', 'Westlake', 'Denton County', None, False, 116333.69, 116333.69, 116333.69, 'https://www.adzuna.com/land/ad/5680361006?se=pvbY-1A28RG_J8d0bkVF5A&utm_medium=api&utm_source=8d05c7a4&v=73524E0666F709F8CE82E7C0C982EAAFEADD706C', '2026-03-27')]
(Background on this error at: https://sqlalche.me/e/20/e3q8)
2026-04-12 19:08:20,902  WARNING     Skipping row due to error: (sqlite3.OperationalError) near "RETURNING": syntax error
[SQL: 
        INSERT INTO jobs
            (source, external_id, title, company, city, region, country,
             is_remote, salary_min, salary_max, salary_mid, url, date_posted)
        VALUES
            (?, ?, ?, ?, ?, ?, ?,
             ?, ?, ?, ?, ?, ?)
        ON CONFLICT (source, external_id) DO NOTHING
        RETURNING id;
    ]
[parameters: ('adzuna', '5691374980', 'Machine Learning Engineer', 'Meta Platforms, Inc.', 'Bellevue', 'King County', None, False, 187538.58, 187538.58, 187538.58, 'https://www.adzuna.com/land/ad/5691374980?se=pvbY-1A28RG_J8d0bkVF5A&utm_medium=api&utm_source=8d05c7a4&v=D2B1BDAA5D7B497A313F30975BF8AA2F630414BA', '2026-04-06')]
(Background on this error at: https://sqlalche.me/e/20/e3q8)
2026-04-12 19:08:20,902  WARNING     Skipping row due to error: (sqlite3.OperationalError) near "RETURNING": syntax error
[SQL: 
        INSERT INTO jobs
            (source, external_id, title, company, city, region, country,
             is_remote, salary_min, salary_max, salary_mid, url, date_posted)
        VALUES
            (?, ?, ?, ?, ?, ?, ?,
             ?, ?, ?, ?, ?, ?)
        ON CONFLICT (source, external_id) DO NOTHING
        RETURNING id;
    ]
[parameters: ('adzuna', '5680359646', 'Machine Learning Engineer', 'Judge Group, Inc.', 'West Side', 'Worcester County', None, False, 178091.31, 178091.31, 178091.31, 'https://www.adzuna.com/land/ad/5680359646?se=pvbY-1A28RG_J8d0bkVF5A&utm_medium=api&utm_source=8d05c7a4&v=950B2583EF590F999D51C9B0E021341A6A36E4C5', '2026-03-27')]
(Background on this error at: https://sqlalche.me/e/20/e3q8)
2026-04-12 19:08:20,903  WARNING     Skipping row due to error: (sqlite3.OperationalError) near "RETURNING": syntax error
[SQL: 
        INSERT INTO jobs
            (source, external_id, title, company, city, region, country,
             is_remote, salary_min, salary_max, salary_mid, url, date_posted)
        VALUES
            (?, ?, ?, ?, ?, ?, ?,
             ?, ?, ?, ?, ?, ?)
        ON CONFLICT (source, external_id) DO NOTHING
        RETURNING id;
    ]
[parameters: ('adzuna', '5687653271', 'Machine Learning Engineer', 'Kforce Technology Staffing', 'Flatbush', 'Brooklyn', None, False, 144240.06, 144240.06, 144240.06, 'https://www.adzuna.com/land/ad/5687653271?se=pvbY-1A28RG_J8d0bkVF5A&utm_medium=api&utm_source=8d05c7a4&v=C31CEBF184E463142E55F653CF7FED1FDA053B43', '2026-04-02')]
(Background on this error at: https://sqlalche.me/e/20/e3q8)
2026-04-12 19:08:20,904  WARNING     Skipping row due to error: (sqlite3.OperationalError) near "RETURNING": syntax error
[SQL: 
        INSERT INTO jobs
            (source, external_id, title, company, city, region, country,
             is_remote, salary_min, salary_max, salary_mid, url, date_posted)
        VALUES
            (?, ?, ?, ?, ?, ?, ?,
             ?, ?, ?, ?, ?, ?)
        ON CONFLICT (source, external_id) DO NOTHING
        RETURNING id;
    ]
[parameters: ('adzuna', '5680357319', 'Machine Learning Engineer', 'PaloAlto Networks', 'California', 'US', None, False, 109117.82, 109117.82, 109117.82, 'https://www.adzuna.com/land/ad/5680357319?se=pvbY-1A28RG_J8d0bkVF5A&utm_medium=api&utm_source=8d05c7a4&v=8D563C141EB4E2C7A6D36417C9754C00C9D35E9F', '2026-03-27')]
(Background on this error at: https://sqlalche.me/e/20/e3q8)
2026-04-12 19:08:20,905  WARNING     Skipping row due to error: (sqlite3.OperationalError) near "RETURNING": syntax error
[SQL: 
        INSERT INTO jobs
            (source, external_id, title, company, city, region, country,
             is_remote, salary_min, salary_max, salary_mid, url, date_posted)
        VALUES
            (?, ?, ?, ?, ?, ?, ?,
             ?, ?, ?, ?, ?, ?)
        ON CONFLICT (source, external_id) DO NOTHING
        RETURNING id;
    ]
[parameters: ('adzuna', '5638913210', 'Machine Learning Engineer/Senior Machine Learning Engineer - Infra', 'Genentech', 'South San Francisco', 'San Mateo County', None, False, 375206.5, 375206.5, 375206.5, 'https://www.adzuna.com/land/ad/5638913210?se=pvbY-1A28RG_J8d0bkVF5A&utm_medium=api&utm_source=8d05c7a4&v=D57033565B3B7E5F8A50C110C1426331813A947D', '2026-02-20')]
(Background on this error at: https://sqlalche.me/e/20/e3q8)
2026-04-12 19:08:20,906  WARNING     Skipping row due to error: (sqlite3.OperationalError) near "RETURNING": syntax error
[SQL: 
        INSERT INTO jobs
            (source, external_id, title, company, city, region, country,
             is_remote, salary_min, salary_max, salary_mid, url, date_posted)
        VALUES
            (?, ?, ?, ?, ?, ?, ?,
             ?, ?, ?, ?, ?, ?)
        ON CONFLICT (source, external_id) DO NOTHING
        RETURNING id;
    ]
[parameters: ('adzuna', '5398305392', 'Machine Learning Engineer/Senior Machine Learning Engineer - Infra', 'Genentech', 'Grand Central', 'Manhattan', None, False, 439561.6, 439561.6, 439561.6, 'https://www.adzuna.com/land/ad/5398305392?se=pvbY-1A28RG_J8d0bkVF5A&utm_medium=api&utm_source=8d05c7a4&v=F0F1C5616F3D62ACDD04DCFF1B1CF5A48260C5C1', '2025-09-13')]
(Background on this error at: https://sqlalche.me/e/20/e3q8)
2026-04-12 19:08:20,907  WARNING     Skipping row due to error: (sqlite3.OperationalError) near "RETURNING": syntax error
[SQL: 
        INSERT INTO jobs
            (source, external_id, title, company, city, region, country,
             is_remote, salary_min, salary_max, salary_mid, url, date_posted)
        VALUES
            (?, ?, ?, ?, ?, ?, ?,
             ?, ?, ?, ?, ?, ?)
        ON CONFLICT (source, external_id) DO NOTHING
        RETURNING id;
    ]
[parameters: ('adzuna', '5646796924', 'Machine Learning Engineer', 'Colgate-Palmolive', 'Grand Central', 'Manhattan', None, False, 174074.36, 174074.36, 174074.36, 'https://www.adzuna.com/land/ad/5646796924?se=pvbY-1A28RG_J8d0bkVF5A&utm_medium=api&utm_source=8d05c7a4&v=05FC99E6500F6AC677AD0441EFDD7FFE20DDBC99', '2026-02-26')]
(Background on this error at: https://sqlalche.me/e/20/e3q8)
2026-04-12 19:08:20,907  WARNING     Skipping row due to error: (sqlite3.OperationalError) near "RETURNING": syntax error
[SQL: 
        INSERT INTO jobs
            (source, external_id, title, company, city, region, country,
             is_remote, salary_min, salary_max, salary_mid, url, date_posted)
        VALUES
            (?, ?, ?, ?, ?, ?, ?,
             ?, ?, ?, ?, ?, ?)
        ON CONFLICT (source, external_id) DO NOTHING
        RETURNING id;
    ]
[parameters: ('adzuna', '5673576805', 'Machine Learning Engineer', 'Insight Global', 'Campbell', 'Santa Clara County', None, False, 142559.89, 142559.89, 142559.89, 'https://www.adzuna.com/land/ad/5673576805?se=pvbY-1A28RG_J8d0bkVF5A&utm_medium=api&utm_source=8d05c7a4&v=F0B9709A778B66E011B4FF792745285B7A40E751', '2026-03-20')]
(Background on this error at: https://sqlalche.me/e/20/e3q8)
2026-04-12 19:08:20,908  WARNING     Skipping row due to error: (sqlite3.OperationalError) near "RETURNING": syntax error
[SQL: 
        INSERT INTO jobs
            (source, external_id, title, company, city, region, country,
             is_remote, salary_min, salary_max, salary_mid, url, date_posted)
        VALUES
            (?, ?, ?, ?, ?, ?, ?,
             ?, ?, ?, ?, ?, ?)
        ON CONFLICT (source, external_id) DO NOTHING
        RETURNING id;
    ]
[parameters: ('adzuna', '5693972767', 'Machine Learning Engineer', 'AeroVironment', 'Minneapolis', 'Hennepin County', None, False, 108332.9, 108332.9, 108332.9, 'https://www.adzuna.com/land/ad/5693972767?se=pvbY-1A28RG_J8d0bkVF5A&utm_medium=api&utm_source=8d05c7a4&v=A5599C767895B5D30408C532B27D020519159A5F', '2026-04-08')]
(Background on this error at: https://sqlalche.me/e/20/e3q8)
2026-04-12 19:08:20,909  WARNING     Skipping row due to error: (sqlite3.OperationalError) near "RETURNING": syntax error
[SQL: 
        INSERT INTO jobs
            (source, external_id, title, company, city, region, country,
             is_remote, salary_min, salary_max, salary_mid, url, date_posted)
        VALUES
            (?, ?, ?, ?, ?, ?, ?,
             ?, ?, ?, ?, ?, ?)
        ON CONFLICT (source, external_id) DO NOTHING
        RETURNING id;
    ]
[parameters: ('adzuna', '5680359484', 'Senior Machine Learning Engineer', 'Kforce Technology Staffing', 'Westlake', 'Denton County', None, False, 132968.78, 132968.78, 132968.78, 'https://www.adzuna.com/land/ad/5680359484?se=pvbY-1A28RG_J8d0bkVF5A&utm_medium=api&utm_source=8d05c7a4&v=E32905091CFAAE8DD4CA6B53AD37793BEC00B610', '2026-03-27')]
(Background on this error at: https://sqlalche.me/e/20/e3q8)
2026-04-12 19:08:20,909  WARNING     Skipping row due to error: (sqlite3.OperationalError) near "RETURNING": syntax error
[SQL: 
        INSERT INTO jobs
            (source, external_id, title, company, city, region, country,
             is_remote, salary_min, salary_max, salary_mid, url, date_posted)
        VALUES
            (?, ?, ?, ?, ?, ?, ?,
             ?, ?, ?, ?, ?, ?)
        ON CONFLICT (source, external_id) DO NOTHING
        RETURNING id;
    ]
[parameters: ('adzuna', '5680360340', 'Senior Machine Learning Engineer', 'EPAM Systems', 'US', None, None, False, 114759.16, 114759.16, 114759.16, 'https://www.adzuna.com/land/ad/5680360340?se=pvbY-1A28RG_J8d0bkVF5A&utm_medium=api&utm_source=8d05c7a4&v=774E099696422AA91FF13BFE902B72C47171FB2D', '2026-03-27')]
(Background on this error at: https://sqlalche.me/e/20/e3q8)
2026-04-12 19:08:20,910  WARNING     Skipping row due to error: (sqlite3.OperationalError) near "RETURNING": syntax error
[SQL: 
        INSERT INTO jobs
            (source, external_id, title, company, city, region, country,
             is_remote, salary_min, salary_max, salary_mid, url, date_posted)
        VALUES
            (?, ?, ?, ?, ?, ?, ?,
             ?, ?, ?, ?, ?, ?)
        ON CONFLICT (source, external_id) DO NOTHING
        RETURNING id;
    ]
[parameters: ('adzuna', '5680364006', 'Lead Machine Learning Engineer', 'Capital One', 'Pimmit', 'Fairfax County', None, False, 163572.34, 163572.34, 163572.34, 'https://www.adzuna.com/land/ad/5680364006?se=pvbY-1A28RG_J8d0bkVF5A&utm_medium=api&utm_source=8d05c7a4&v=9C2A2AC1E29601B957AC77971463E628A4EFF0C2', '2026-03-27')]
(Background on this error at: https://sqlalche.me/e/20/e3q8)
2026-04-12 19:08:20,911  WARNING     Skipping row due to error: (sqlite3.OperationalError) near "RETURNING": syntax error
[SQL: 
        INSERT INTO jobs
            (source, external_id, title, company, city, region, country,
             is_remote, salary_min, salary_max, salary_mid, url, date_posted)
        VALUES
            (?, ?, ?, ?, ?, ?, ?,
             ?, ?, ?, ?, ?, ?)
        ON CONFLICT (source, external_id) DO NOTHING
        RETURNING id;
    ]
[parameters: ('adzuna', '5281596720', 'Machine Learning Engineer', 'Silvus Technologies', 'Pico Heights', 'Los Angeles County', None, False, 166147.12, 166147.12, 166147.12, 'https://www.adzuna.com/land/ad/5281596720?se=pvbY-1A28RG_J8d0bkVF5A&utm_medium=api&utm_source=8d05c7a4&v=6034698BFC0C4E38099BCC08F97ACD8FCE9E0CAA', '2025-07-03')]
(Background on this error at: https://sqlalche.me/e/20/e3q8)
2026-04-12 19:08:20,911  WARNING     Skipping row due to error: (sqlite3.OperationalError) near "RETURNING": syntax error
[SQL: 
        INSERT INTO jobs
            (source, external_id, title, company, city, region, country,
             is_remote, salary_min, salary_max, salary_mid, url, date_posted)
        VALUES
            (?, ?, ?, ?, ?, ?, ?,
             ?, ?, ?, ?, ?, ?)
        ON CONFLICT (source, external_id) DO NOTHING
        RETURNING id;
    ]
[parameters: ('adzuna', '5680355765', 'Lead Machine Learning Engineer', 'EPAM Systems', 'US', None, None, False, 108298.2, 108298.2, 108298.2, 'https://www.adzuna.com/land/ad/5680355765?se=pvbY-1A28RG_J8d0bkVF5A&utm_medium=api&utm_source=8d05c7a4&v=BB8FD2ADBC47CD4DA66653648C8DA0BE16B703A8', '2026-03-27')]
(Background on this error at: https://sqlalche.me/e/20/e3q8)
2026-04-12 19:08:20,912  WARNING     Skipping row due to error: (sqlite3.OperationalError) near "RETURNING": syntax error
[SQL: 
        INSERT INTO jobs
            (source, external_id, title, company, city, region, country,
             is_remote, salary_min, salary_max, salary_mid, url, date_posted)
        VALUES
            (?, ?, ?, ?, ?, ?, ?,
             ?, ?, ?, ?, ?, ?)
        ON CONFLICT (source, external_id) DO NOTHING
        RETURNING id;
    ]
[parameters: ('adzuna', '5680357076', 'Senior Machine Learning Engineer', 'SAIC', 'San Diego', 'San Diego County', None, False, 153647.92, 153647.92, 153647.92, 'https://www.adzuna.com/land/ad/5680357076?se=pvbY-1A28RG_J8d0bkVF5A&utm_medium=api&utm_source=8d05c7a4&v=0052FFA34951895C61DB2752E4566AE284153D9B', '2026-03-27')]
(Background on this error at: https://sqlalche.me/e/20/e3q8)
2026-04-12 19:08:20,913  WARNING     Skipping row due to error: (sqlite3.OperationalError) near "RETURNING": syntax error
[SQL: 
        INSERT INTO jobs
            (source, external_id, title, company, city, region, country,
             is_remote, salary_min, salary_max, salary_mid, url, date_posted)
        VALUES
            (?, ?, ?, ?, ?, ?, ?,
             ?, ?, ?, ?, ?, ?)
        ON CONFLICT (source, external_id) DO NOTHING
        RETURNING id;
    ]
[parameters: ('adzuna', '5680360333', 'Senior Machine Learning Engineer', 'FanDuel', 'Grand Central', 'Manhattan', None, False, 209175.1, 209175.1, 209175.1, 'https://www.adzuna.com/land/ad/5680360333?se=pvbY-1A28RG_J8d0bkVF5A&utm_medium=api&utm_source=8d05c7a4&v=562B9B4C0C108A43D163070E1729B43F8FB22B11', '2026-03-27')]
(Background on this error at: https://sqlalche.me/e/20/e3q8)
2026-04-12 19:08:20,914  WARNING     Skipping row due to error: (sqlite3.OperationalError) near "RETURNING": syntax error
[SQL: 
        INSERT INTO jobs
            (source, external_id, title, company, city, region, country,
             is_remote, salary_min, salary_max, salary_mid, url, date_posted)
        VALUES
            (?, ?, ?, ?, ?, ?, ?,
             ?, ?, ?, ?, ?, ?)
        ON CONFLICT (source, external_id) DO NOTHING
        RETURNING id;
    ]
[parameters: ('adzuna', '5680355856', 'Senior Machine Learning Engineer', 'FanDuel', 'Northlake', 'DeKalb County', None, False, 182725.23, 182725.23, 182725.23, 'https://www.adzuna.com/land/ad/5680355856?se=pvbY-1A28RG_J8d0bkVF5A&utm_medium=api&utm_source=8d05c7a4&v=133E814610790BAD4A027D0ABE466D0C2861D9E3', '2026-03-27')]
(Background on this error at: https://sqlalche.me/e/20/e3q8)
2026-04-12 19:08:20,915  WARNING     Skipping row due to error: (sqlite3.OperationalError) near "RETURNING": syntax error
[SQL: 
        INSERT INTO jobs
            (source, external_id, title, company, city, region, country,
             is_remote, salary_min, salary_max, salary_mid, url, date_posted)
        VALUES
            (?, ?, ?, ?, ?, ?, ?,
             ?, ?, ?, ?, ?, ?)
        ON CONFLICT (source, external_id) DO NOTHING
        RETURNING id;
    ]
[parameters: ('adzuna', '5680360828', 'Sr. Machine Learning Engineer', 'PaloAlto Networks', 'California', 'US', None, False, 107034.74, 107034.74, 107034.74, 'https://www.adzuna.com/land/ad/5680360828?se=pvbY-1A28RG_J8d0bkVF5A&utm_medium=api&utm_source=8d05c7a4&v=4490C633C029E8218BA033B6AAAF7CEB9DEBD528', '2026-03-27')]
(Background on this error at: https://sqlalche.me/e/20/e3q8)
2026-04-12 19:08:20,915  WARNING     Skipping row due to error: (sqlite3.OperationalError) near "RETURNING": syntax error
[SQL: 
        INSERT INTO jobs
            (source, external_id, title, company, city, region, country,
             is_remote, salary_min, salary_max, salary_mid, url, date_posted)
        VALUES
            (?, ?, ?, ?, ?, ?, ?,
             ?, ?, ?, ?, ?, ?)
        ON CONFLICT (source, external_id) DO NOTHING
        RETURNING id;
    ]
[parameters: ('adzuna', '5680352475', 'Staff Machine Learning Engineer', 'PaloAlto Networks', 'California', 'US', None, False, 113928.12, 113928.12, 113928.12, 'https://www.adzuna.com/land/ad/5680352475?se=pvbY-1A28RG_J8d0bkVF5A&utm_medium=api&utm_source=8d05c7a4&v=2873F9D83BF7C2225C22C94D6D5D6F29B1E20907', '2026-03-27')]
(Background on this error at: https://sqlalche.me/e/20/e3q8)
2026-04-12 19:08:20,916  WARNING     Skipping row due to error: (sqlite3.OperationalError) near "RETURNING": syntax error
[SQL: 
        INSERT INTO jobs
            (source, external_id, title, company, city, region, country,
             is_remote, salary_min, salary_max, salary_mid, url, date_posted)
        VALUES
            (?, ?, ?, ?, ?, ?, ?,
             ?, ?, ?, ?, ?, ?)
        ON CONFLICT (source, external_id) DO NOTHING
        RETURNING id;
    ]
[parameters: ('adzuna', '5570512431', 'Machine Learning Engineer', 'Reyes Holdings', 'Huntington', 'Orange County', None, False, 127118.42, 127118.42, 127118.42, 'https://www.adzuna.com/land/ad/5570512431?se=pvbY-1A28RG_J8d0bkVF5A&utm_medium=api&utm_source=8d05c7a4&v=E1604B4C96A98C362098099D8FCB91FE8605A8C1', '2026-01-06')]
(Background on this error at: https://sqlalche.me/e/20/e3q8)
2026-04-12 19:08:20,916  WARNING     Skipping row due to error: (sqlite3.OperationalError) near "RETURNING": syntax error
[SQL: 
        INSERT INTO jobs
            (source, external_id, title, company, city, region, country,
             is_remote, salary_min, salary_max, salary_mid, url, date_posted)
        VALUES
            (?, ?, ?, ?, ?, ?, ?,
             ?, ?, ?, ?, ?, ?)
        ON CONFLICT (source, external_id) DO NOTHING
        RETURNING id;
    ]
[parameters: ('adzuna', '5658221019', 'Machine Learning Engineer', 'Micron Technology, Inc.', 'Boise', 'Ada County', None, False, 127163.16, 127163.16, 127163.16, 'https://www.adzuna.com/land/ad/5658221019?se=pvbY-1A28RG_J8d0bkVF5A&utm_medium=api&utm_source=8d05c7a4&v=735E4CCEF76A7DCB9860D21A7157316EC0E022F4', '2026-03-07')]
(Background on this error at: https://sqlalche.me/e/20/e3q8)
2026-04-12 19:08:20,917  WARNING     Skipping row due to error: (sqlite3.OperationalError) near "RETURNING": syntax error
[SQL: 
        INSERT INTO jobs
            (source, external_id, title, company, city, region, country,
             is_remote, salary_min, salary_max, salary_mid, url, date_posted)
        VALUES
            (?, ?, ?, ?, ?, ?, ?,
             ?, ?, ?, ?, ?, ?)
        ON CONFLICT (source, external_id) DO NOTHING
        RETURNING id;
    ]
[parameters: ('adzuna', '5680362315', 'Senior Machine Learning Engineer', 'Penn Medicine', 'Elkins Park', 'Montgomery County', None, False, 172353.11, 172353.11, 172353.11, 'https://www.adzuna.com/land/ad/5680362315?se=pvbY-1A28RG_J8d0bkVF5A&utm_medium=api&utm_source=8d05c7a4&v=A104C9434F70865B839741A3674D76E6BDFC658C', '2026-03-27')]
(Background on this error at: https://sqlalche.me/e/20/e3q8)
2026-04-12 19:08:20,918  WARNING     Skipping row due to error: (sqlite3.OperationalError) near "RETURNING": syntax error
[SQL: 
        INSERT INTO jobs
            (source, external_id, title, company, city, region, country,
             is_remote, salary_min, salary_max, salary_mid, url, date_posted)
        VALUES
            (?, ?, ?, ?, ?, ?, ?,
             ?, ?, ?, ?, ?, ?)
        ON CONFLICT (source, external_id) DO NOTHING
        RETURNING id;
    ]
[parameters: ('adzuna', '5661108486', 'AI/ Machine Learning Engineer - (ATL or MSP)', 'Cargill', 'Atlanta', 'Fulton County', None, False, 92286.27, 92286.27, 92286.27, 'https://www.adzuna.com/land/ad/5661108486?se=pvbY-1A28RG_J8d0bkVF5A&utm_medium=api&utm_source=8d05c7a4&v=CE72B6C64AE5DBCC1A08502EE2ACB60FDAF25C46', '2026-03-10')]
(Background on this error at: https://sqlalche.me/e/20/e3q8)
2026-04-12 19:08:20,919  WARNING     Skipping row due to error: (sqlite3.OperationalError) near "RETURNING": syntax error
[SQL: 
        INSERT INTO jobs
            (source, external_id, title, company, city, region, country,
             is_remote, salary_min, salary_max, salary_mid, url, date_posted)
        VALUES
            (?, ?, ?, ?, ?, ?, ?,
             ?, ?, ?, ?, ?, ?)
        ON CONFLICT (source, external_id) DO NOTHING
        RETURNING id;
    ]
[parameters: ('adzuna', '5697047784', 'Senior Lead Machine Learning Engineer', 'Capital One', 'Grand Central', 'Manhattan', None, False, 238153.47, 238153.47, 238153.47, 'https://www.adzuna.com/land/ad/5697047784?se=pvbY-1A28RG_J8d0bkVF5A&utm_medium=api&utm_source=8d05c7a4&v=04139BA70ACDC18EB33616A6AD4B87B00582E509', '2026-04-11')]
(Background on this error at: https://sqlalche.me/e/20/e3q8)
2026-04-12 19:08:20,919  WARNING     Skipping row due to error: (sqlite3.OperationalError) near "RETURNING": syntax error
[SQL: 
        INSERT INTO jobs
            (source, external_id, title, company, city, region, country,
             is_remote, salary_min, salary_max, salary_mid, url, date_posted)
        VALUES
            (?, ?, ?, ?, ?, ?, ?,
             ?, ?, ?, ?, ?, ?)
        ON CONFLICT (source, external_id) DO NOTHING
        RETURNING id;
    ]
[parameters: ('adzuna', '5681751245', 'Senior Manager, Machine Learning Engineering', 'Capital One', 'Pimmit', 'Fairfax County', None, False, 169502.14, 169502.14, 169502.14, 'https://www.adzuna.com/land/ad/5681751245?se=pvbY-1A28RG_J8d0bkVF5A&utm_medium=api&utm_source=8d05c7a4&v=9EF91108AC43A44D1AB094BA3D83B236E6AB8B38', '2026-03-28')]
(Background on this error at: https://sqlalche.me/e/20/e3q8)
2026-04-12 19:08:20,920  WARNING     Skipping row due to error: (sqlite3.OperationalError) near "RETURNING": syntax error
[SQL: 
        INSERT INTO jobs
            (source, external_id, title, company, city, region, country,
             is_remote, salary_min, salary_max, salary_mid, url, date_posted)
        VALUES
            (?, ?, ?, ?, ?, ?, ?,
             ?, ?, ?, ?, ?, ?)
        ON CONFLICT (source, external_id) DO NOTHING
        RETURNING id;
    ]
[parameters: ('adzuna', '5680355476', 'Lead Machine Learning Engineer PennDnA', 'Penn Medicine', 'Elkins Park', 'Montgomery County', None, False, 169137.2, 169137.2, 169137.2, 'https://www.adzuna.com/land/ad/5680355476?se=pvbY-1A28RG_J8d0bkVF5A&utm_medium=api&utm_source=8d05c7a4&v=EEE0DD88423BAAAEC60D2850DC71A911632D0BB6', '2026-03-27')]
(Background on this error at: https://sqlalche.me/e/20/e3q8)
2026-04-12 19:08:20,921  WARNING     Skipping row due to error: (sqlite3.OperationalError) near "RETURNING": syntax error
[SQL: 
        INSERT INTO jobs
            (source, external_id, title, company, city, region, country,
             is_remote, salary_min, salary_max, salary_mid, url, date_posted)
        VALUES
            (?, ?, ?, ?, ?, ?, ?,
             ?, ?, ?, ?, ?, ?)
        ON CONFLICT (source, external_id) DO NOTHING
        RETURNING id;
    ]
[parameters: ('adzuna', '5680352767', 'Agentic AI Machine Learning Engineer', 'Booz Allen Hamilton', 'Mount Rainier', "Prince George's County", None, False, 150144.5, 150144.5, 150144.5, 'https://www.adzuna.com/land/ad/5680352767?se=pvbY-1A28RG_J8d0bkVF5A&utm_medium=api&utm_source=8d05c7a4&v=52342AD891FC9B02A5DDFD6102C7877662DAE25A', '2026-03-27')]
(Background on this error at: https://sqlalche.me/e/20/e3q8)
2026-04-12 19:08:20,922  WARNING     Skipping row due to error: (sqlite3.OperationalError) near "RETURNING": syntax error
[SQL: 
        INSERT INTO jobs
            (source, external_id, title, company, city, region, country,
             is_remote, salary_min, salary_max, salary_mid, url, date_posted)
        VALUES
            (?, ?, ?, ?, ?, ?, ?,
             ?, ?, ?, ?, ?, ?)
        ON CONFLICT (source, external_id) DO NOTHING
        RETURNING id;
    ]
[parameters: ('adzuna', '5680355857', 'Agentic AI Machine Learning Engineer', 'Booz Allen Hamilton', 'Mount Rainier', "Prince George's County", None, False, 164700.16, 164700.16, 164700.16, 'https://www.adzuna.com/land/ad/5680355857?se=pvbY-1A28RG_J8d0bkVF5A&utm_medium=api&utm_source=8d05c7a4&v=C94B9722D69D021C7348669A81AF613BD9D6D790', '2026-03-27')]
(Background on this error at: https://sqlalche.me/e/20/e3q8)
2026-04-12 19:08:20,922  WARNING     Skipping row due to error: (sqlite3.OperationalError) near "RETURNING": syntax error
[SQL: 
        INSERT INTO jobs
            (source, external_id, title, company, city, region, country,
             is_remote, salary_min, salary_max, salary_mid, url, date_posted)
        VALUES
            (?, ?, ?, ?, ?, ?, ?,
             ?, ?, ?, ?, ?, ?)
        ON CONFLICT (source, external_id) DO NOTHING
        RETURNING id;
    ]
[parameters: ('adzuna', '5689315240', 'Corporate AI and Machine Learning Engineer', 'Booz Allen Hamilton', 'Pimmit', 'Fairfax County', None, False, 137668.56, 137668.56, 137668.56, 'https://www.adzuna.com/land/ad/5689315240?se=pvbY-1A28RG_J8d0bkVF5A&utm_medium=api&utm_source=8d05c7a4&v=CC6EE2BECD4439B298BA461656BD758000FAF2FA', '2026-04-03')]
(Background on this error at: https://sqlalche.me/e/20/e3q8)
2026-04-12 19:08:20,923  WARNING     Skipping row due to error: (sqlite3.OperationalError) near "RETURNING": syntax error
[SQL: 
        INSERT INTO jobs
            (source, external_id, title, company, city, region, country,
             is_remote, salary_min, salary_max, salary_mid, url, date_posted)
        VALUES
            (?, ?, ?, ?, ?, ?, ?,
             ?, ?, ?, ?, ?, ?)
        ON CONFLICT (source, external_id) DO NOTHING
        RETURNING id;
    ]
[parameters: ('adzuna', '5646842010', 'Lead Machine Learning Engineer', 'Capital One', 'Grand Central', 'Manhattan', None, False, 217060.92, 217060.92, 217060.92, 'https://www.adzuna.com/land/ad/5646842010?se=pvbY-1A28RG_J8d0bkVF5A&utm_medium=api&utm_source=8d05c7a4&v=94EBB475509F6B3919425C707A73CCB3775E2A95', '2026-02-26')]
(Background on this error at: https://sqlalche.me/e/20/e3q8)
2026-04-12 19:08:20,924  WARNING     Skipping row due to error: (sqlite3.OperationalError) near "RETURNING": syntax error
[SQL: 
        INSERT INTO jobs
            (source, external_id, title, company, city, region, country,
             is_remote, salary_min, salary_max, salary_mid, url, date_posted)
        VALUES
            (?, ?, ?, ?, ?, ?, ?,
             ?, ?, ?, ?, ?, ?)
        ON CONFLICT (source, external_id) DO NOTHING
        RETURNING id;
    ]
[parameters: ('adzuna', '5666014860', 'Senior Machine Learning Engineer', 'Capital One', 'Grand Central', 'Manhattan', None, False, 244348.81, 244348.81, 244348.81, 'https://www.adzuna.com/land/ad/5666014860?se=pvbY-1A28RG_J8d0bkVF5A&utm_medium=api&utm_source=8d05c7a4&v=DA57B577DBE208D1A010E2BC9BE8AFBA993ACBF7', '2026-03-14')]
(Background on this error at: https://sqlalche.me/e/20/e3q8)
2026-04-12 19:08:20,925  WARNING     Skipping row due to error: (sqlite3.OperationalError) near "RETURNING": syntax error
[SQL: 
        INSERT INTO jobs
            (source, external_id, title, company, city, region, country,
             is_remote, salary_min, salary_max, salary_mid, url, date_posted)
        VALUES
            (?, ?, ?, ?, ?, ?, ?,
             ?, ?, ?, ?, ?, ?)
        ON CONFLICT (source, external_id) DO NOTHING
        RETURNING id;
    ]
[parameters: ('adzuna', '5679707824', 'Machine Learning Engineer III', 'General Atomics', 'Poway', 'San Diego County', None, False, 138716.44, 138716.44, 138716.44, 'https://www.adzuna.com/land/ad/5679707824?se=pvbY-1A28RG_J8d0bkVF5A&utm_medium=api&utm_source=8d05c7a4&v=9F46142635910AFBAFBE0E456619FF7414619013', '2026-03-26')]
(Background on this error at: https://sqlalche.me/e/20/e3q8)
2026-04-12 19:08:20,926  WARNING     Skipping row due to error: (sqlite3.OperationalError) near "RETURNING": syntax error
[SQL: 
        INSERT INTO jobs
            (source, external_id, title, company, city, region, country,
             is_remote, salary_min, salary_max, salary_mid, url, date_posted)
        VALUES
            (?, ?, ?, ?, ?, ?, ?,
             ?, ?, ?, ?, ?, ?)
        ON CONFLICT (source, external_id) DO NOTHING
        RETURNING id;
    ]
[parameters: ('adzuna', '5540473996', 'Machine Learning Engineer III', 'General Atomics', 'Eldorado Springs', 'Boulder County', None, False, 142782.48, 142782.48, 142782.48, 'https://www.adzuna.com/land/ad/5540473996?se=pvbY-1A28RG_J8d0bkVF5A&utm_medium=api&utm_source=8d05c7a4&v=F7C6874AF21861FF3CDBC265F5C44FDECAF4CE66', '2025-12-12')]
(Background on this error at: https://sqlalche.me/e/20/e3q8)
2026-04-12 19:08:20,927  WARNING     Skipping row due to error: (sqlite3.OperationalError) near "RETURNING": syntax error
[SQL: 
        INSERT INTO jobs
            (source, external_id, title, company, city, region, country,
             is_remote, salary_min, salary_max, salary_mid, url, date_posted)
        VALUES
            (?, ?, ?, ?, ?, ?, ?,
             ?, ?, ?, ?, ?, ?)
        ON CONFLICT (source, external_id) DO NOTHING
        RETURNING id;
    ]
[parameters: ('adzuna', '5658064098', 'Principal Machine Learning Engineer', 'Genentech', 'South San Francisco', 'San Mateo County', None, False, 298621.34, 298621.34, 298621.34, 'https://www.adzuna.com/land/ad/5658064098?se=pvbY-1A28RG_J8d0bkVF5A&utm_medium=api&utm_source=8d05c7a4&v=5B6CDF06B0158CF1D03771ADC25468F38E39C948', '2026-03-07')]
(Background on this error at: https://sqlalche.me/e/20/e3q8)
2026-04-12 19:08:20,928  WARNING     Skipping row due to error: (sqlite3.OperationalError) near "RETURNING": syntax error
[SQL: 
        INSERT INTO jobs
            (source, external_id, title, company, city, region, country,
             is_remote, salary_min, salary_max, salary_mid, url, date_posted)
        VALUES
            (?, ?, ?, ?, ?, ?, ?,
             ?, ?, ?, ?, ?, ?)
        ON CONFLICT (source, external_id) DO NOTHING
        RETURNING id;
    ]
[parameters: ('adzuna', '5686372327', 'Machine Learning Engineer II', 'General Atomics', 'Poway', 'San Diego County', None, False, 156179.48, 156179.48, 156179.48, 'https://www.adzuna.com/land/ad/5686372327?se=pvbY-1A28RG_J8d0bkVF5A&utm_medium=api&utm_source=8d05c7a4&v=D7F0B0D5796050B6596D44022D221671C5262CC4', '2026-04-01')]
(Background on this error at: https://sqlalche.me/e/20/e3q8)
2026-04-12 19:08:20,929  WARNING     Skipping row due to error: (sqlite3.OperationalError) near "RETURNING": syntax error
[SQL: 
        INSERT INTO jobs
            (source, external_id, title, company, city, region, country,
             is_remote, salary_min, salary_max, salary_mid, url, date_posted)
        VALUES
            (?, ?, ?, ?, ?, ?, ?,
             ?, ?, ?, ?, ?, ?)
        ON CONFLICT (source, external_id) DO NOTHING
        RETURNING id;
    ]
[parameters: ('adzuna', '5684523006', 'Machine Learning Engineer (Tapestry)', 'Google', 'Mountain View', 'Santa Clara County', None, False, 194219.17, 194219.17, 194219.17, 'https://www.adzuna.com/land/ad/5684523006?se=pvbY-1A28RG_J8d0bkVF5A&utm_medium=api&utm_source=8d05c7a4&v=4B8923BE0D159E3639CED4A498A1D67E8D5BDB5B', '2026-03-31')]
(Background on this error at: https://sqlalche.me/e/20/e3q8)
2026-04-12 19:08:20,929  WARNING     Skipping row due to error: (sqlite3.OperationalError) near "RETURNING": syntax error
[SQL: 
        INSERT INTO jobs
            (source, external_id, title, company, city, region, country,
             is_remote, salary_min, salary_max, salary_mid, url, date_posted)
        VALUES
            (?, ?, ?, ?, ?, ?, ?,
             ?, ?, ?, ?, ?, ?)
        ON CONFLICT (source, external_id) DO NOTHING
        RETURNING id;
    ]
[parameters: ('adzuna', '5654531252', 'Principal Machine Learning Engineer', 'S&P Global', 'Princeton', 'Mercer County', None, False, 200075.0, 200075.0, 200075.0, 'https://www.adzuna.com/land/ad/5654531252?se=pvbY-1A28RG_J8d0bkVF5A&utm_medium=api&utm_source=8d05c7a4&v=0AFDD726DC4FBD90E81D2775C45AB0D818DCD633', '2026-03-04')]
(Background on this error at: https://sqlalche.me/e/20/e3q8)
2026-04-12 19:08:20,930  WARNING     Skipping row due to error: (sqlite3.OperationalError) near "RETURNING": syntax error
[SQL: 
        INSERT INTO jobs
            (source, external_id, title, company, city, region, country,
             is_remote, salary_min, salary_max, salary_mid, url, date_posted)
        VALUES
            (?, ?, ?, ?, ?, ?, ?,
             ?, ?, ?, ?, ?, ?)
        ON CONFLICT (source, external_id) DO NOTHING
        RETURNING id;
    ]
[parameters: ('adzuna', '5654512052', 'Principal Machine Learning Engineer', 'S&P Global', 'Grand Central', 'Manhattan', None, False, 255409.03, 255409.03, 255409.03, 'https://www.adzuna.com/land/ad/5654512052?se=pvbY-1A28RG_J8d0bkVF5A&utm_medium=api&utm_source=8d05c7a4&v=7A52091D3D2D3C7B2EFF6C68DD98EE7575052AFE', '2026-03-04')]
(Background on this error at: https://sqlalche.me/e/20/e3q8)
2026-04-12 19:08:20,930  WARNING     Skipping row due to error: (sqlite3.OperationalError) near "RETURNING": syntax error
[SQL: 
        INSERT INTO jobs
            (source, external_id, title, company, city, region, country,
             is_remote, salary_min, salary_max, salary_mid, url, date_posted)
        VALUES
            (?, ?, ?, ?, ?, ?, ?,
             ?, ?, ?, ?, ?, ?)
        ON CONFLICT (source, external_id) DO NOTHING
        RETURNING id;
    ]
[parameters: ('adzuna', '5547938974', 'REMOTE Machine Learning Engineer', 'Insight Global', 'Colorado Springs', 'El Paso County', None, False, 154332.12, 154332.12, 154332.12, 'https://www.adzuna.com/land/ad/5547938974?se=pvbY-1A28RG_J8d0bkVF5A&utm_medium=api&utm_source=8d05c7a4&v=7903C9FF912DE7CA866D4168EC89D09187A5D709', '2025-12-18')]
(Background on this error at: https://sqlalche.me/e/20/e3q8)
2026-04-12 19:08:20,931  WARNING     Skipping row due to error: (sqlite3.OperationalError) near "RETURNING": syntax error
[SQL: 
        INSERT INTO jobs
            (source, external_id, title, company, city, region, country,
             is_remote, salary_min, salary_max, salary_mid, url, date_posted)
        VALUES
            (?, ?, ?, ?, ?, ?, ?,
             ?, ?, ?, ?, ?, ?)
        ON CONFLICT (source, external_id) DO NOTHING
        RETURNING id;
    ]
[parameters: ('adzuna', '5690289035', 'Staff Machine Learning Engineer', 'Indeed', 'Wake Island', 'Honolulu', None, False, 185448.28, 185448.28, 185448.28, 'https://www.adzuna.com/land/ad/5690289035?se=pvbY-1A28RG_J8d0bkVF5A&utm_medium=api&utm_source=8d05c7a4&v=118A1153D52598BBA66C49AB99BD8DC3D9F2B136', '2026-04-04')]
(Background on this error at: https://sqlalche.me/e/20/e3q8)
2026-04-12 19:08:20,932  WARNING     Skipping row due to error: (sqlite3.OperationalError) near "RETURNING": syntax error
[SQL: 
        INSERT INTO jobs
            (source, external_id, title, company, city, region, country,
             is_remote, salary_min, salary_max, salary_mid, url, date_posted)
        VALUES
            (?, ?, ?, ?, ?, ?, ?,
             ?, ?, ?, ?, ?, ?)
        ON CONFLICT (source, external_id) DO NOTHING
        RETURNING id;
    ]
[parameters: ('adzuna', '5690288991', 'Staff Machine Learning Engineer', 'Indeed', 'Helena', 'Lewis and Clark County', None, False, 204576.4, 204576.4, 204576.4, 'https://www.adzuna.com/land/ad/5690288991?se=pvbY-1A28RG_J8d0bkVF5A&utm_medium=api&utm_source=8d05c7a4&v=1F78C33EC6FAD4A0B5A4260C0833EE7A674803C7', '2026-04-04')]
(Background on this error at: https://sqlalche.me/e/20/e3q8)
2026-04-12 19:08:20,933  WARNING     Skipping row due to error: (sqlite3.OperationalError) near "RETURNING": syntax error
[SQL: 
        INSERT INTO jobs
            (source, external_id, title, company, city, region, country,
             is_remote, salary_min, salary_max, salary_mid, url, date_posted)
        VALUES
            (?, ?, ?, ?, ?, ?, ?,
             ?, ?, ?, ?, ?, ?)
        ON CONFLICT (source, external_id) DO NOTHING
        RETURNING id;
    ]
[parameters: ('adzuna', '5690306666', 'Staff Machine Learning Engineer', 'Indeed', 'Cammack Village', 'Pulaski County', None, False, 301249.78, 301249.78, 301249.78, 'https://www.adzuna.com/land/ad/5690306666?se=pvbY-1A28RG_J8d0bkVF5A&utm_medium=api&utm_source=8d05c7a4&v=56D4CA2AA95641287554D82D977E00680CEDDEC3', '2026-04-04')]
(Background on this error at: https://sqlalche.me/e/20/e3q8)
2026-04-12 19:08:20,933  WARNING     Skipping row due to error: (sqlite3.OperationalError) near "RETURNING": syntax error
[SQL: 
        INSERT INTO jobs
            (source, external_id, title, company, city, region, country,
             is_remote, salary_min, salary_max, salary_mid, url, date_posted)
        VALUES
            (?, ?, ?, ?, ?, ?, ?,
             ?, ?, ?, ?, ?, ?)
        ON CONFLICT (source, external_id) DO NOTHING
        RETURNING id;
    ]
[parameters: ('adzuna', '5690417859', 'Staff Machine Learning Engineer', 'Indeed', 'International', 'King County', None, False, 217455.42, 217455.42, 217455.42, 'https://www.adzuna.com/land/ad/5690417859?se=pvbY-1A28RG_J8d0bkVF5A&utm_medium=api&utm_source=8d05c7a4&v=2976065BECEC280A53EBF23503A62FA7F8F12901', '2026-04-05')]
(Background on this error at: https://sqlalche.me/e/20/e3q8)
2026-04-12 19:08:20,934  WARNING     Skipping row due to error: (sqlite3.OperationalError) near "RETURNING": syntax error
[SQL: 
        INSERT INTO jobs
            (source, external_id, title, company, city, region, country,
             is_remote, salary_min, salary_max, salary_mid, url, date_posted)
        VALUES
            (?, ?, ?, ?, ?, ?, ?,
             ?, ?, ?, ?, ?, ?)
        ON CONFLICT (source, external_id) DO NOTHING
        RETURNING id;
    ]
[parameters: ('adzuna', '5690306850', 'Staff Machine Learning Engineer', 'Indeed', 'Stamford', 'Fairfield County', None, False, 256576.23, 256576.23, 256576.23, 'https://www.adzuna.com/land/ad/5690306850?se=pvbY-1A28RG_J8d0bkVF5A&utm_medium=api&utm_source=8d05c7a4&v=173D8725FC41B8F531171721CC8EAC0406BECEE4', '2026-04-04')]
(Background on this error at: https://sqlalche.me/e/20/e3q8)
2026-04-12 19:08:20,935  WARNING     Skipping row due to error: (sqlite3.OperationalError) near "RETURNING": syntax error
[SQL: 
        INSERT INTO jobs
            (source, external_id, title, company, city, region, country,
             is_remote, salary_min, salary_max, salary_mid, url, date_posted)
        VALUES
            (?, ?, ?, ?, ?, ?, ?,
             ?, ?, ?, ?, ?, ?)
        ON CONFLICT (source, external_id) DO NOTHING
        RETURNING id;
    ]
[parameters: ('adzuna', '5690343716', 'Staff Machine Learning Engineer', 'Indeed', 'Wellston', 'Saint Louis County', None, False, 207092.94, 207092.94, 207092.94, 'https://www.adzuna.com/land/ad/5690343716?se=pvbY-1A28RG_J8d0bkVF5A&utm_medium=api&utm_source=8d05c7a4&v=2C31152770A9C19CF8C647F5A77DE2C984A6A914', '2026-04-04')]
(Background on this error at: https://sqlalche.me/e/20/e3q8)
2026-04-12 19:08:20,936  WARNING     Skipping row due to error: (sqlite3.OperationalError) near "RETURNING": syntax error
[SQL: 
        INSERT INTO jobs
            (source, external_id, title, company, city, region, country,
             is_remote, salary_min, salary_max, salary_mid, url, date_posted)
        VALUES
            (?, ?, ?, ?, ?, ?, ?,
             ?, ?, ?, ?, ?, ?)
        ON CONFLICT (source, external_id) DO NOTHING
        RETURNING id;
    ]
[parameters: ('adzuna', '5690231395', 'Staff Machine Learning Engineer', 'Indeed', 'SoMa', 'San Francisco', None, False, 246651.9, 246651.9, 246651.9, 'https://www.adzuna.com/land/ad/5690231395?se=pvbY-1A28RG_J8d0bkVF5A&utm_medium=api&utm_source=8d05c7a4&v=26A3C4F11317810541B2F411320B5D8B75507F4D', '2026-04-04')]
(Background on this error at: https://sqlalche.me/e/20/e3q8)
2026-04-12 19:08:20,936  WARNING     Skipping row due to error: (sqlite3.OperationalError) near "RETURNING": syntax error
[SQL: 
        INSERT INTO jobs
            (source, external_id, title, company, city, region, country,
             is_remote, salary_min, salary_max, salary_mid, url, date_posted)
        VALUES
            (?, ?, ?, ?, ?, ?, ?,
             ?, ?, ?, ?, ?, ?)
        ON CONFLICT (source, external_id) DO NOTHING
        RETURNING id;
    ]
[parameters: ('adzuna', '5690339912', 'Staff Machine Learning Engineer', 'Indeed', 'Sioux Falls', 'Minnehaha County', None, False, 297986.1, 297986.1, 297986.1, 'https://www.adzuna.com/land/ad/5690339912?se=XJYx_VA28RGxboRaoq6V0w&utm_medium=api&utm_source=8d05c7a4&v=39BB4D28DF6C1CCB43A94DA0CD0AAA3A5D5F38DF', '2026-04-04')]
(Background on this error at: https://sqlalche.me/e/20/e3q8)
2026-04-12 19:08:20,937  WARNING     Skipping row due to error: (sqlite3.OperationalError) near "RETURNING": syntax error
[SQL: 
        INSERT INTO jobs
            (source, external_id, title, company, city, region, country,
             is_remote, salary_min, salary_max, salary_mid, url, date_posted)
        VALUES
            (?, ?, ?, ?, ?, ?, ?,
             ?, ?, ?, ?, ?, ?)
        ON CONFLICT (source, external_id) DO NOTHING
        RETURNING id;
    ]
[parameters: ('adzuna', '5690290314', 'Staff Machine Learning Engineer', 'Indeed', 'Des Moines', 'Polk County', None, False, 194625.61, 194625.61, 194625.61, 'https://www.adzuna.com/land/ad/5690290314?se=XJYx_VA28RGxboRaoq6V0w&utm_medium=api&utm_source=8d05c7a4&v=34EBA534811C7A7CF36623799C29B310547BEEA2', '2026-04-04')]
(Background on this error at: https://sqlalche.me/e/20/e3q8)
2026-04-12 19:08:20,937  WARNING     Skipping row due to error: (sqlite3.OperationalError) near "RETURNING": syntax error
[SQL: 
        INSERT INTO jobs
            (source, external_id, title, company, city, region, country,
             is_remote, salary_min, salary_max, salary_mid, url, date_posted)
        VALUES
            (?, ?, ?, ?, ?, ?, ?,
             ?, ?, ?, ?, ?, ?)
        ON CONFLICT (source, external_id) DO NOTHING
        RETURNING id;
    ]
[parameters: ('adzuna', '5690343486', 'Staff Machine Learning Engineer', 'Indeed', 'Benson', 'Douglas County', None, False, 195705.5, 195705.5, 195705.5, 'https://www.adzuna.com/land/ad/5690343486?se=XJYx_VA28RGxboRaoq6V0w&utm_medium=api&utm_source=8d05c7a4&v=1E9B13781F83AC84BA1DBCE8458625DD7A6999B4', '2026-04-04')]
(Background on this error at: https://sqlalche.me/e/20/e3q8)
2026-04-12 19:08:20,937  WARNING     Skipping row due to error: (sqlite3.OperationalError) near "RETURNING": syntax error
[SQL: 
        INSERT INTO jobs
            (source, external_id, title, company, city, region, country,
             is_remote, salary_min, salary_max, salary_mid, url, date_posted)
        VALUES
            (?, ?, ?, ?, ?, ?, ?,
             ?, ?, ?, ?, ?, ?)
        ON CONFLICT (source, external_id) DO NOTHING
        RETURNING id;
    ]
[parameters: ('adzuna', '5690311032', 'Staff Machine Learning Engineer', 'Indeed', 'Baton Rouge', 'East Baton Rouge Parish', None, False, 195615.73, 195615.73, 195615.73, 'https://www.adzuna.com/land/ad/5690311032?se=XJYx_VA28RGxboRaoq6V0w&utm_medium=api&utm_source=8d05c7a4&v=CA06D126DAD4D2B68FA9432AA3A4D0C995F62A64', '2026-04-04')]
(Background on this error at: https://sqlalche.me/e/20/e3q8)
2026-04-12 19:08:20,938  WARNING     Skipping row due to error: (sqlite3.OperationalError) near "RETURNING": syntax error
[SQL: 
        INSERT INTO jobs
            (source, external_id, title, company, city, region, country,
             is_remote, salary_min, salary_max, salary_mid, url, date_posted)
        VALUES
            (?, ?, ?, ?, ?, ?, ?,
             ?, ?, ?, ?, ?, ?)
        ON CONFLICT (source, external_id) DO NOTHING
        RETURNING id;
    ]
[parameters: ('adzuna', '5690319790', 'Staff Machine Learning Engineer', 'Indeed', 'Archer', 'Laramie County', None, False, 232080.66, 232080.66, 232080.66, 'https://www.adzuna.com/land/ad/5690319790?se=XJYx_VA28RGxboRaoq6V0w&utm_medium=api&utm_source=8d05c7a4&v=0FAC636E1F32668073FA20BBEA173B7D72B9B5F0', '2026-04-04')]
(Background on this error at: https://sqlalche.me/e/20/e3q8)
2026-04-12 19:08:20,939  WARNING     Skipping row due to error: (sqlite3.OperationalError) near "RETURNING": syntax error
[SQL: 
        INSERT INTO jobs
            (source, external_id, title, company, city, region, country,
             is_remote, salary_min, salary_max, salary_mid, url, date_posted)
        VALUES
            (?, ?, ?, ?, ?, ?, ?,
             ?, ?, ?, ?, ?, ?)
        ON CONFLICT (source, external_id) DO NOTHING
        RETURNING id;
    ]
[parameters: ('adzuna', '5690335651', 'Staff Machine Learning Engineer', 'Indeed', 'Washington', 'D.C.', 'US', False, 204309.69, 204309.69, 204309.69, 'https://www.adzuna.com/land/ad/5690335651?se=XJYx_VA28RGxboRaoq6V0w&utm_medium=api&utm_source=8d05c7a4&v=A95F40A982E82CA9CEC0B665C55673427AB6B802', '2026-04-04')]
(Background on this error at: https://sqlalche.me/e/20/e3q8)
2026-04-12 19:08:20,939  WARNING     Skipping row due to error: (sqlite3.OperationalError) near "RETURNING": syntax error
[SQL: 
        INSERT INTO jobs
            (source, external_id, title, company, city, region, country,
             is_remote, salary_min, salary_max, salary_mid, url, date_posted)
        VALUES
            (?, ?, ?, ?, ?, ?, ?,
             ?, ?, ?, ?, ?, ?)
        ON CONFLICT (source, external_id) DO NOTHING
        RETURNING id;
    ]
[parameters: ('adzuna', '5690345189', 'Staff Machine Learning Engineer', 'Indeed', 'Newark', 'Essex County', None, False, 218553.58, 218553.58, 218553.58, 'https://www.adzuna.com/land/ad/5690345189?se=XJYx_VA28RGxboRaoq6V0w&utm_medium=api&utm_source=8d05c7a4&v=AD07D06B96FA23C6854D2C210E05AC84CCA09421', '2026-04-04')]
(Background on this error at: https://sqlalche.me/e/20/e3q8)
2026-04-12 19:08:20,940  WARNING     Skipping row due to error: (sqlite3.OperationalError) near "RETURNING": syntax error
[SQL: 
        INSERT INTO jobs
            (source, external_id, title, company, city, region, country,
             is_remote, salary_min, salary_max, salary_mid, url, date_posted)
        VALUES
            (?, ?, ?, ?, ?, ?, ?,
             ?, ?, ?, ?, ?, ?)
        ON CONFLICT (source, external_id) DO NOTHING
        RETURNING id;
    ]
[parameters: ('adzuna', '5690339847', 'Staff Machine Learning Engineer', 'Indeed', 'Providence', 'Providence County', None, False, 206269.42, 206269.42, 206269.42, 'https://www.adzuna.com/land/ad/5690339847?se=XJYx_VA28RGxboRaoq6V0w&utm_medium=api&utm_source=8d05c7a4&v=138DD05B1792361C088E0F98BF5AA2A752CD5D82', '2026-04-04')]
(Background on this error at: https://sqlalche.me/e/20/e3q8)
2026-04-12 19:08:20,941  WARNING     Skipping row due to error: (sqlite3.OperationalError) near "RETURNING": syntax error
[SQL: 
        INSERT INTO jobs
            (source, external_id, title, company, city, region, country,
             is_remote, salary_min, salary_max, salary_mid, url, date_posted)
        VALUES
            (?, ?, ?, ?, ?, ?, ?,
             ?, ?, ?, ?, ?, ?)
        ON CONFLICT (source, external_id) DO NOTHING
        RETURNING id;
    ]
[parameters: ('adzuna', '5690363181', 'Staff Machine Learning Engineer', 'Indeed', 'Winooski', 'Chittenden County', None, False, 290671.88, 290671.88, 290671.88, 'https://www.adzuna.com/land/ad/5690363181?se=XJYx_VA28RGxboRaoq6V0w&utm_medium=api&utm_source=8d05c7a4&v=CE90D388D3DC258820F9495F64F4CCEA9DA7917B', '2026-04-04')]
(Background on this error at: https://sqlalche.me/e/20/e3q8)
2026-04-12 19:08:20,942  WARNING     Skipping row due to error: (sqlite3.OperationalError) near "RETURNING": syntax error
[SQL: 
        INSERT INTO jobs
            (source, external_id, title, company, city, region, country,
             is_remote, salary_min, salary_max, salary_mid, url, date_posted)
        VALUES
            (?, ?, ?, ?, ?, ?, ?,
             ?, ?, ?, ?, ?, ?)
        ON CONFLICT (source, external_id) DO NOTHING
        RETURNING id;
    ]
[parameters: ('adzuna', '5690341406', 'Staff Machine Learning Engineer', 'Indeed', 'Kansas City', 'Wyandotte County', None, False, 255456.53, 255456.53, 255456.53, 'https://www.adzuna.com/land/ad/5690341406?se=XJYx_VA28RGxboRaoq6V0w&utm_medium=api&utm_source=8d05c7a4&v=ABFC235ACC31B8CA725BAC62381DF69633C4BD11', '2026-04-04')]
(Background on this error at: https://sqlalche.me/e/20/e3q8)
2026-04-12 19:08:20,943  WARNING     Skipping row due to error: (sqlite3.OperationalError) near "RETURNING": syntax error
[SQL: 
        INSERT INTO jobs
            (source, external_id, title, company, city, region, country,
             is_remote, salary_min, salary_max, salary_mid, url, date_posted)
        VALUES
            (?, ?, ?, ?, ?, ?, ?,
             ?, ?, ?, ?, ?, ?)
        ON CONFLICT (source, external_id) DO NOTHING
        RETURNING id;
    ]
[parameters: ('adzuna', '5690336425', 'Staff Machine Learning Engineer', 'Indeed', 'Boise', 'Ada County', None, False, 197931.4, 197931.4, 197931.4, 'https://www.adzuna.com/land/ad/5690336425?se=XJYx_VA28RGxboRaoq6V0w&utm_medium=api&utm_source=8d05c7a4&v=BD37C8BB301B9E8AC3E8B92000AEBE661BBDAC6B', '2026-04-04')]
(Background on this error at: https://sqlalche.me/e/20/e3q8)
2026-04-12 19:08:20,943  WARNING     Skipping row due to error: (sqlite3.OperationalError) near "RETURNING": syntax error
[SQL: 
        INSERT INTO jobs
            (source, external_id, title, company, city, region, country,
             is_remote, salary_min, salary_max, salary_mid, url, date_posted)
        VALUES
            (?, ?, ?, ?, ?, ?, ?,
             ?, ?, ?, ?, ?, ?)
        ON CONFLICT (source, external_id) DO NOTHING
        RETURNING id;
    ]
[parameters: ('adzuna', '5690314436', 'Staff Machine Learning Engineer', 'Indeed', 'Scottsdale', 'Maricopa County', None, False, 231118.55, 231118.55, 231118.55, 'https://www.adzuna.com/land/ad/5690314436?se=XJYx_VA28RGxboRaoq6V0w&utm_medium=api&utm_source=8d05c7a4&v=4170DC3211D51D3C4222DD9389002EEAC345C32D', '2026-04-04')]
(Background on this error at: https://sqlalche.me/e/20/e3q8)
2026-04-12 19:08:20,944  WARNING     Skipping row due to error: (sqlite3.OperationalError) near "RETURNING": syntax error
[SQL: 
        INSERT INTO jobs
            (source, external_id, title, company, city, region, country,
             is_remote, salary_min, salary_max, salary_mid, url, date_posted)
        VALUES
            (?, ?, ?, ?, ?, ?, ?,
             ?, ?, ?, ?, ?, ?)
        ON CONFLICT (source, external_id) DO NOTHING
        RETURNING id;
    ]
[parameters: ('adzuna', '5690290948', 'Staff Machine Learning Engineer', 'Indeed', 'Saint Andrews', 'Charleston County', None, False, 263674.72, 263674.72, 263674.72, 'https://www.adzuna.com/land/ad/5690290948?se=XJYx_VA28RGxboRaoq6V0w&utm_medium=api&utm_source=8d05c7a4&v=0D15C65F8E3C0680E87B1F687DCAF16B7CB636BA', '2026-04-04')]
(Background on this error at: https://sqlalche.me/e/20/e3q8)
2026-04-12 19:08:20,944  WARNING     Skipping row due to error: (sqlite3.OperationalError) near "RETURNING": syntax error
[SQL: 
        INSERT INTO jobs
            (source, external_id, title, company, city, region, country,
             is_remote, salary_min, salary_max, salary_mid, url, date_posted)
        VALUES
            (?, ?, ?, ?, ?, ?, ?,
             ?, ?, ?, ?, ?, ?)
        ON CONFLICT (source, external_id) DO NOTHING
        RETURNING id;
    ]
[parameters: ('adzuna', '5690343559', 'Staff Machine Learning Engineer', 'Indeed', 'Paradise', 'Clark County', None, False, 247518.58, 247518.58, 247518.58, 'https://www.adzuna.com/land/ad/5690343559?se=XJYx_VA28RGxboRaoq6V0w&utm_medium=api&utm_source=8d05c7a4&v=895E0C8C932181D877E87C356CE9FFCCE076B22C', '2026-04-04')]
(Background on this error at: https://sqlalche.me/e/20/e3q8)
2026-04-12 19:08:20,945  WARNING     Skipping row due to error: (sqlite3.OperationalError) near "RETURNING": syntax error
[SQL: 
        INSERT INTO jobs
            (source, external_id, title, company, city, region, country,
             is_remote, salary_min, salary_max, salary_mid, url, date_posted)
        VALUES
            (?, ?, ?, ?, ?, ?, ?,
             ?, ?, ?, ?, ?, ?)
        ON CONFLICT (source, external_id) DO NOTHING
        RETURNING id;
    ]
[parameters: ('adzuna', '5690326071', 'Staff Machine Learning Engineer', 'Indeed', 'Grandview Heights', 'Franklin County', None, False, 247923.98, 247923.98, 247923.98, 'https://www.adzuna.com/land/ad/5690326071?se=XJYx_VA28RGxboRaoq6V0w&utm_medium=api&utm_source=8d05c7a4&v=28FC917F00D605D0F9EF61880C87F4EBADBFAA26', '2026-04-04')]
(Background on this error at: https://sqlalche.me/e/20/e3q8)
2026-04-12 19:08:20,946  WARNING     Skipping row due to error: (sqlite3.OperationalError) near "RETURNING": syntax error
[SQL: 
        INSERT INTO jobs
            (source, external_id, title, company, city, region, country,
             is_remote, salary_min, salary_max, salary_mid, url, date_posted)
        VALUES
            (?, ?, ?, ?, ?, ?, ?,
             ?, ?, ?, ?, ?, ?)
        ON CONFLICT (source, external_id) DO NOTHING
        RETURNING id;
    ]
[parameters: ('adzuna', '5690343729', 'Staff Machine Learning Engineer', 'Indeed', 'Concord', 'Merrimack County', None, False, 296460.28, 296460.28, 296460.28, 'https://www.adzuna.com/land/ad/5690343729?se=XJYx_VA28RGxboRaoq6V0w&utm_medium=api&utm_source=8d05c7a4&v=6356F67898425AEB42E6FBBE9147893613F3A079', '2026-04-04')]
(Background on this error at: https://sqlalche.me/e/20/e3q8)
2026-04-12 19:08:20,946  WARNING     Skipping row due to error: (sqlite3.OperationalError) near "RETURNING": syntax error
[SQL: 
        INSERT INTO jobs
            (source, external_id, title, company, city, region, country,
             is_remote, salary_min, salary_max, salary_mid, url, date_posted)
        VALUES
            (?, ?, ?, ?, ?, ?, ?,
             ?, ?, ?, ?, ?, ?)
        ON CONFLICT (source, external_id) DO NOTHING
        RETURNING id;
    ]
[parameters: ('adzuna', '5690332255', 'Staff Machine Learning Engineer', 'Indeed', 'Grand Central', 'Manhattan', None, False, 283616.97, 283616.97, 283616.97, 'https://www.adzuna.com/land/ad/5690332255?se=XJYx_VA28RGxboRaoq6V0w&utm_medium=api&utm_source=8d05c7a4&v=8F815B7F000FC521705A5631E4DD04B1DD88E9AF', '2026-04-04')]
(Background on this error at: https://sqlalche.me/e/20/e3q8)
2026-04-12 19:08:20,947  WARNING     Skipping row due to error: (sqlite3.OperationalError) near "RETURNING": syntax error
[SQL: 
        INSERT INTO jobs
            (source, external_id, title, company, city, region, country,
             is_remote, salary_min, salary_max, salary_mid, url, date_posted)
        VALUES
            (?, ?, ?, ?, ?, ?, ?,
             ?, ?, ?, ?, ?, ?)
        ON CONFLICT (source, external_id) DO NOTHING
        RETURNING id;
    ]
[parameters: ('adzuna', '5690418194', 'Staff Machine Learning Engineer', 'Indeed', 'West Milwaukee', 'Milwaukee County', None, False, 247102.78, 247102.78, 247102.78, 'https://www.adzuna.com/land/ad/5690418194?se=XJYx_VA28RGxboRaoq6V0w&utm_medium=api&utm_source=8d05c7a4&v=F3F97A5AE072833788EFEB31C73DBA2FBE412E7E', '2026-04-05')]
(Background on this error at: https://sqlalche.me/e/20/e3q8)
2026-04-12 19:08:20,948  WARNING     Skipping row due to error: (sqlite3.OperationalError) near "RETURNING": syntax error
[SQL: 
        INSERT INTO jobs
            (source, external_id, title, company, city, region, country,
             is_remote, salary_min, salary_max, salary_mid, url, date_posted)
        VALUES
            (?, ?, ?, ?, ?, ?, ?,
             ?, ?, ?, ?, ?, ?)
        ON CONFLICT (source, external_id) DO NOTHING
        RETURNING id;
    ]
[parameters: ('adzuna', '5690316946', 'Staff Machine Learning Engineer', 'Indeed', 'Nashville', 'Davidson County', None, False, 207675.39, 207675.39, 207675.39, 'https://www.adzuna.com/land/ad/5690316946?se=XJYx_VA28RGxboRaoq6V0w&utm_medium=api&utm_source=8d05c7a4&v=0C0132199368444A4D63473EA2583C9B755EB0CD', '2026-04-04')]
(Background on this error at: https://sqlalche.me/e/20/e3q8)
2026-04-12 19:08:20,949  WARNING     Skipping row due to error: (sqlite3.OperationalError) near "RETURNING": syntax error
[SQL: 
        INSERT INTO jobs
            (source, external_id, title, company, city, region, country,
             is_remote, salary_min, salary_max, salary_mid, url, date_posted)
        VALUES
            (?, ?, ?, ?, ?, ?, ?,
             ?, ?, ?, ?, ?, ?)
        ON CONFLICT (source, external_id) DO NOTHING
        RETURNING id;
    ]
[parameters: ('adzuna', '5690231326', 'Staff Machine Learning Engineer', 'Indeed', 'Annapolis', 'Anne Arundel County', None, False, 246548.67, 246548.67, 246548.67, 'https://www.adzuna.com/land/ad/5690231326?se=XJYx_VA28RGxboRaoq6V0w&utm_medium=api&utm_source=8d05c7a4&v=6C009CF9D08BAE291FCF1F9C1A6A67CEFD064ACC', '2026-04-04')]
(Background on this error at: https://sqlalche.me/e/20/e3q8)
2026-04-12 19:08:20,949  WARNING     Skipping row due to error: (sqlite3.OperationalError) near "RETURNING": syntax error
[SQL: 
        INSERT INTO jobs
            (source, external_id, title, company, city, region, country,
             is_remote, salary_min, salary_max, salary_mid, url, date_posted)
        VALUES
            (?, ?, ?, ?, ?, ?, ?,
             ?, ?, ?, ?, ?, ?)
        ON CONFLICT (source, external_id) DO NOTHING
        RETURNING id;
    ]
[parameters: ('adzuna', '5690310907', 'Staff Machine Learning Engineer', 'Indeed', 'Portland', 'Multnomah County', None, False, 198460.47, 198460.47, 198460.47, 'https://www.adzuna.com/land/ad/5690310907?se=XJYx_VA28RGxboRaoq6V0w&utm_medium=api&utm_source=8d05c7a4&v=E21567CF97B1D2EEF6A19632FB74BD999D39732D', '2026-04-04')]
(Background on this error at: https://sqlalche.me/e/20/e3q8)
2026-04-12 19:08:20,950  WARNING     Skipping row due to error: (sqlite3.OperationalError) near "RETURNING": syntax error
[SQL: 
        INSERT INTO jobs
            (source, external_id, title, company, city, region, country,
             is_remote, salary_min, salary_max, salary_mid, url, date_posted)
        VALUES
            (?, ?, ?, ?, ?, ?, ?,
             ?, ?, ?, ?, ?, ?)
        ON CONFLICT (source, external_id) DO NOTHING
        RETURNING id;
    ]
[parameters: ('adzuna', '5690310510', 'Staff Machine Learning Engineer', 'Indeed', 'Glendale', 'Denver', None, False, 236146.72, 236146.72, 236146.72, 'https://www.adzuna.com/land/ad/5690310510?se=XJYx_VA28RGxboRaoq6V0w&utm_medium=api&utm_source=8d05c7a4&v=65FD57AE36C205A50991A3BC62AC95EEA69BFA48', '2026-04-04')]
(Background on this error at: https://sqlalche.me/e/20/e3q8)
2026-04-12 19:08:20,951  WARNING     Skipping row due to error: (sqlite3.OperationalError) near "RETURNING": syntax error
[SQL: 
        INSERT INTO jobs
            (source, external_id, title, company, city, region, country,
             is_remote, salary_min, salary_max, salary_mid, url, date_posted)
        VALUES
            (?, ?, ?, ?, ?, ?, ?,
             ?, ?, ?, ?, ?, ?)
        ON CONFLICT (source, external_id) DO NOTHING
        RETURNING id;
    ]
[parameters: ('adzuna', '5690341975', 'Staff Machine Learning Engineer', 'Indeed', 'Strathmoor Manor', 'Jefferson County', None, False, 198707.42, 198707.42, 198707.42, 'https://www.adzuna.com/land/ad/5690341975?se=XJYx_VA28RGxboRaoq6V0w&utm_medium=api&utm_source=8d05c7a4&v=36ABB90BDAA820404F73ABC882231530BE5291CB', '2026-04-04')]
(Background on this error at: https://sqlalche.me/e/20/e3q8)
2026-04-12 19:08:20,951  WARNING     Skipping row due to error: (sqlite3.OperationalError) near "RETURNING": syntax error
[SQL: 
        INSERT INTO jobs
            (source, external_id, title, company, city, region, country,
             is_remote, salary_min, salary_max, salary_mid, url, date_posted)
        VALUES
            (?, ?, ?, ?, ?, ?, ?,
             ?, ?, ?, ?, ?, ?)
        ON CONFLICT (source, external_id) DO NOTHING
        RETURNING id;
    ]
[parameters: ('adzuna', '5690313858', 'Staff Machine Learning Engineer', 'Indeed', 'Saint Paul', 'Ramsey County', None, False, 196540.42, 196540.42, 196540.42, 'https://www.adzuna.com/land/ad/5690313858?se=XJYx_VA28RGxboRaoq6V0w&utm_medium=api&utm_source=8d05c7a4&v=A27A853F50635C1CBCCFE8B4DB94B58F2C6E574F', '2026-04-04')]
(Background on this error at: https://sqlalche.me/e/20/e3q8)
2026-04-12 19:08:20,952  WARNING     Skipping row due to error: (sqlite3.OperationalError) near "RETURNING": syntax error
[SQL: 
        INSERT INTO jobs
            (source, external_id, title, company, city, region, country,
             is_remote, salary_min, salary_max, salary_mid, url, date_posted)
        VALUES
            (?, ?, ?, ?, ?, ?, ?,
             ?, ?, ?, ?, ?, ?)
        ON CONFLICT (source, external_id) DO NOTHING
        RETURNING id;
    ]
[parameters: ('adzuna', '5690325003', 'Staff Machine Learning Engineer', 'Indeed', 'Atlanta', 'Fulton County', None, False, 282111.16, 282111.16, 282111.16, 'https://www.adzuna.com/land/ad/5690325003?se=XJYx_VA28RGxboRaoq6V0w&utm_medium=api&utm_source=8d05c7a4&v=97794AA1517D2A86C6127A12F6961A12D0488E76', '2026-04-04')]
(Background on this error at: https://sqlalche.me/e/20/e3q8)
2026-04-12 19:08:20,953  WARNING     Skipping row due to error: (sqlite3.OperationalError) near "RETURNING": syntax error
[SQL: 
        INSERT INTO jobs
            (source, external_id, title, company, city, region, country,
             is_remote, salary_min, salary_max, salary_mid, url, date_posted)
        VALUES
            (?, ?, ?, ?, ?, ?, ?,
             ?, ?, ?, ?, ?, ?)
        ON CONFLICT (source, external_id) DO NOTHING
        RETURNING id;
    ]
[parameters: ('adzuna', '5690324265', 'Staff Machine Learning Engineer', 'Indeed', 'Charlotte', 'Mecklenburg County', None, False, 196649.55, 196649.55, 196649.55, 'https://www.adzuna.com/land/ad/5690324265?se=XJYx_VA28RGxboRaoq6V0w&utm_medium=api&utm_source=8d05c7a4&v=8E972054A26B921038ABB747237AF826D60E7914', '2026-04-04')]
(Background on this error at: https://sqlalche.me/e/20/e3q8)
2026-04-12 19:08:20,954  WARNING     Skipping row due to error: (sqlite3.OperationalError) near "RETURNING": syntax error
[SQL: 
        INSERT INTO jobs
            (source, external_id, title, company, city, region, country,
             is_remote, salary_min, salary_max, salary_mid, url, date_posted)
        VALUES
            (?, ?, ?, ?, ?, ?, ?,
             ?, ?, ?, ?, ?, ?)
        ON CONFLICT (source, external_id) DO NOTHING
        RETURNING id;
    ]
[parameters: ('adzuna', '5690341521', 'Staff Machine Learning Engineer', 'Indeed', 'Jackson', 'Hinds County', None, False, 183786.23, 183786.23, 183786.23, 'https://www.adzuna.com/land/ad/5690341521?se=XJYx_VA28RGxboRaoq6V0w&utm_medium=api&utm_source=8d05c7a4&v=2574ED2762032D3A10C3E2B61F46509B7EE1190A', '2026-04-04')]
(Background on this error at: https://sqlalche.me/e/20/e3q8)
2026-04-12 19:08:20,954  WARNING     Skipping row due to error: (sqlite3.OperationalError) near "RETURNING": syntax error
[SQL: 
        INSERT INTO jobs
            (source, external_id, title, company, city, region, country,
             is_remote, salary_min, salary_max, salary_mid, url, date_posted)
        VALUES
            (?, ?, ?, ?, ?, ?, ?,
             ?, ?, ?, ?, ?, ?)
        ON CONFLICT (source, external_id) DO NOTHING
        RETURNING id;
    ]
[parameters: ('adzuna', '5694955063', 'Senior Machine Learning Engineer', 'SAIC', 'San Diego', 'San Diego County', None, False, 135181.94, 135181.94, 135181.94, 'https://www.adzuna.com/land/ad/5694955063?se=XJYx_VA28RGxboRaoq6V0w&utm_medium=api&utm_source=8d05c7a4&v=EE8D43FFB953F118C05164A29FCEBC2A95F6ECC6', '2026-04-09')]
(Background on this error at: https://sqlalche.me/e/20/e3q8)
2026-04-12 19:08:20,955  WARNING     Skipping row due to error: (sqlite3.OperationalError) near "RETURNING": syntax error
[SQL: 
        INSERT INTO jobs
            (source, external_id, title, company, city, region, country,
             is_remote, salary_min, salary_max, salary_mid, url, date_posted)
        VALUES
            (?, ?, ?, ?, ?, ?, ?,
             ?, ?, ?, ?, ?, ?)
        ON CONFLICT (source, external_id) DO NOTHING
        RETURNING id;
    ]
[parameters: ('adzuna', '5671453563', 'Senior Machine Learning Engineers', 'ADP', 'Grand Central', 'Manhattan', None, False, 181171.38, 181171.38, 181171.38, 'https://www.adzuna.com/land/ad/5671453563?se=XJYx_VA28RGxboRaoq6V0w&utm_medium=api&utm_source=8d05c7a4&v=BFB05B5542B7E3649BFDEECBBF3DCA8FC2C40BDB', '2026-03-18')]
(Background on this error at: https://sqlalche.me/e/20/e3q8)
2026-04-12 19:08:20,956  WARNING     Skipping row due to error: (sqlite3.OperationalError) near "RETURNING": syntax error
[SQL: 
        INSERT INTO jobs
            (source, external_id, title, company, city, region, country,
             is_remote, salary_min, salary_max, salary_mid, url, date_posted)
        VALUES
            (?, ?, ?, ?, ?, ?, ?,
             ?, ?, ?, ?, ?, ?)
        ON CONFLICT (source, external_id) DO NOTHING
        RETURNING id;
    ]
[parameters: ('adzuna', '5528460005', 'Principal Machine Learning Engineer', 'Microsoft Corporation', 'Grand Central', 'Manhattan', None, False, 311533.0, 311533.0, 311533.0, 'https://www.adzuna.com/land/ad/5528460005?se=XJYx_VA28RGxboRaoq6V0w&utm_medium=api&utm_source=8d05c7a4&v=86AD0BAE1FF78CD8CFAD05DC19EE0413445758EC', '2025-12-04')]
(Background on this error at: https://sqlalche.me/e/20/e3q8)
2026-04-12 19:08:20,956  WARNING     Skipping row due to error: (sqlite3.OperationalError) near "RETURNING": syntax error
[SQL: 
        INSERT INTO jobs
            (source, external_id, title, company, city, region, country,
             is_remote, salary_min, salary_max, salary_mid, url, date_posted)
        VALUES
            (?, ?, ?, ?, ?, ?, ?,
             ?, ?, ?, ?, ?, ?)
        ON CONFLICT (source, external_id) DO NOTHING
        RETURNING id;
    ]
[parameters: ('adzuna', '5686643665', 'AI/Machine Learning Engineer', 'Corning Incorporated', 'Wilmington', 'New Hanover County', None, False, 118224.85, 118224.85, 118224.85, 'https://www.adzuna.com/land/ad/5686643665?se=XJYx_VA28RGxboRaoq6V0w&utm_medium=api&utm_source=8d05c7a4&v=FF6FD2AB88A9419ABA9397BB1D035A6139899A7D', '2026-04-01')]
(Background on this error at: https://sqlalche.me/e/20/e3q8)
2026-04-12 19:08:20,957  WARNING     Skipping row due to error: (sqlite3.OperationalError) near "RETURNING": syntax error
[SQL: 
        INSERT INTO jobs
            (source, external_id, title, company, city, region, country,
             is_remote, salary_min, salary_max, salary_mid, url, date_posted)
        VALUES
            (?, ?, ?, ?, ?, ?, ?,
             ?, ?, ?, ?, ?, ?)
        ON CONFLICT (source, external_id) DO NOTHING
        RETURNING id;
    ]
[parameters: ('adzuna', '5671274327', 'Staff Machine Learning Engineer', 'Uber', 'SoMa', 'San Francisco', None, False, 172852.19, 172852.19, 172852.19, 'https://www.adzuna.com/land/ad/5671274327?se=XJYx_VA28RGxboRaoq6V0w&utm_medium=api&utm_source=8d05c7a4&v=1790FBAC4FCF4F9624415A56E845794E3C7DFE83', '2026-03-18')]
(Background on this error at: https://sqlalche.me/e/20/e3q8)
2026-04-12 19:08:20,958  WARNING     Skipping row due to error: (sqlite3.OperationalError) near "RETURNING": syntax error
[SQL: 
        INSERT INTO jobs
            (source, external_id, title, company, city, region, country,
             is_remote, salary_min, salary_max, salary_mid, url, date_posted)
        VALUES
            (?, ?, ?, ?, ?, ?, ?,
             ?, ?, ?, ?, ?, ?)
        ON CONFLICT (source, external_id) DO NOTHING
        RETURNING id;
    ]
[parameters: ('adzuna', '5671274255', 'Staff Machine Learning Engineer', 'Uber', 'Sunnyvale', 'Santa Clara County', None, False, 204563.92, 204563.92, 204563.92, 'https://www.adzuna.com/land/ad/5671274255?se=XJYx_VA28RGxboRaoq6V0w&utm_medium=api&utm_source=8d05c7a4&v=FB93DA1A9B721BD2AF9505A61F36686D8E9B0A84', '2026-03-18')]
(Background on this error at: https://sqlalche.me/e/20/e3q8)
2026-04-12 19:08:20,958  WARNING     Skipping row due to error: (sqlite3.OperationalError) near "RETURNING": syntax error
[SQL: 
        INSERT INTO jobs
            (source, external_id, title, company, city, region, country,
             is_remote, salary_min, salary_max, salary_mid, url, date_posted)
        VALUES
            (?, ?, ?, ?, ?, ?, ?,
             ?, ?, ?, ?, ?, ?)
        ON CONFLICT (source, external_id) DO NOTHING
        RETURNING id;
    ]
[parameters: ('adzuna', '5671491479', 'Staff Machine Learning Engineer', 'Uber', 'Grand Central', 'Manhattan', None, False, 198756.89, 198756.89, 198756.89, 'https://www.adzuna.com/land/ad/5671491479?se=XJYx_VA28RGxboRaoq6V0w&utm_medium=api&utm_source=8d05c7a4&v=A5018FE42C42F482A6262B52205ED30C740F76EA', '2026-03-18')]
(Background on this error at: https://sqlalche.me/e/20/e3q8)
2026-04-12 19:08:20,959  WARNING     Skipping row due to error: (sqlite3.OperationalError) near "RETURNING": syntax error
[SQL: 
        INSERT INTO jobs
            (source, external_id, title, company, city, region, country,
             is_remote, salary_min, salary_max, salary_mid, url, date_posted)
        VALUES
            (?, ?, ?, ?, ?, ?, ?,
             ?, ?, ?, ?, ?, ?)
        ON CONFLICT (source, external_id) DO NOTHING
        RETURNING id;
    ]
[parameters: ('adzuna', '5638906949', 'Lead Machine Learning Engineer', 'The Walt Disney Company', 'Glendale', 'Los Angeles County', None, False, 148987.44, 148987.44, 148987.44, 'https://www.adzuna.com/land/ad/5638906949?se=XJYx_VA28RGxboRaoq6V0w&utm_medium=api&utm_source=8d05c7a4&v=CCCD9514782FC4BDA7E440D161418DF236EB3A9B', '2026-02-20')]
(Background on this error at: https://sqlalche.me/e/20/e3q8)
2026-04-12 19:08:20,960  WARNING     Skipping row due to error: (sqlite3.OperationalError) near "RETURNING": syntax error
[SQL: 
        INSERT INTO jobs
            (source, external_id, title, company, city, region, country,
             is_remote, salary_min, salary_max, salary_mid, url, date_posted)
        VALUES
            (?, ?, ?, ?, ?, ?, ?,
             ?, ?, ?, ?, ?, ?)
        ON CONFLICT (source, external_id) DO NOTHING
        RETURNING id;
    ]
[parameters: ('adzuna', '5692450563', 'Senior Machine Learning Engineer', 'SAP', 'Palo Alto', 'Santa Clara County', None, False, 190245.88, 190245.88, 190245.88, 'https://www.adzuna.com/land/ad/5692450563?se=XJYx_VA28RGxboRaoq6V0w&utm_medium=api&utm_source=8d05c7a4&v=97DCE9EAC89E99F454E8FF0A12A0640F5CA1D43E', '2026-04-07')]
(Background on this error at: https://sqlalche.me/e/20/e3q8)
2026-04-12 19:08:20,961  WARNING     Skipping row due to error: (sqlite3.OperationalError) near "RETURNING": syntax error
[SQL: 
        INSERT INTO jobs
            (source, external_id, title, company, city, region, country,
             is_remote, salary_min, salary_max, salary_mid, url, date_posted)
        VALUES
            (?, ?, ?, ?, ?, ?, ?,
             ?, ?, ?, ?, ?, ?)
        ON CONFLICT (source, external_id) DO NOTHING
        RETURNING id;
    ]
[parameters: ('adzuna', '5681728484', 'Machine Learning Engineer II', 'Uber', 'SoMa', 'San Francisco', None, False, 157897.86, 157897.86, 157897.86, 'https://www.adzuna.com/land/ad/5681728484?se=XJYx_VA28RGxboRaoq6V0w&utm_medium=api&utm_source=8d05c7a4&v=23C483F827598E73F70A3D56D6C859E4FC2EBE0C', '2026-03-28')]
(Background on this error at: https://sqlalche.me/e/20/e3q8)
2026-04-12 19:08:20,962  WARNING     Skipping row due to error: (sqlite3.OperationalError) near "RETURNING": syntax error
[SQL: 
        INSERT INTO jobs
            (source, external_id, title, company, city, region, country,
             is_remote, salary_min, salary_max, salary_mid, url, date_posted)
        VALUES
            (?, ?, ?, ?, ?, ?, ?,
             ?, ?, ?, ?, ?, ?)
        ON CONFLICT (source, external_id) DO NOTHING
        RETURNING id;
    ]
[parameters: ('adzuna', '5681728482', 'Machine Learning Engineer II', 'Uber', 'Sunnyvale', 'Santa Clara County', None, False, 186866.06, 186866.06, 186866.06, 'https://www.adzuna.com/land/ad/5681728482?se=XJYx_VA28RGxboRaoq6V0w&utm_medium=api&utm_source=8d05c7a4&v=F4D27997DECF2450AB114E1EC5AC2F075D1117C0', '2026-03-28')]
(Background on this error at: https://sqlalche.me/e/20/e3q8)
2026-04-12 19:08:20,963  WARNING     Skipping row due to error: (sqlite3.OperationalError) near "RETURNING": syntax error
[SQL: 
        INSERT INTO jobs
            (source, external_id, title, company, city, region, country,
             is_remote, salary_min, salary_max, salary_mid, url, date_posted)
        VALUES
            (?, ?, ?, ?, ?, ?, ?,
             ?, ?, ?, ?, ?, ?)
        ON CONFLICT (source, external_id) DO NOTHING
        RETURNING id;
    ]
[parameters: ('adzuna', '5681953305', 'Machine Learning Engineer II', 'Uber', 'International', 'King County', None, False, 139207.17, 139207.17, 139207.17, 'https://www.adzuna.com/land/ad/5681953305?se=XJYx_VA28RGxboRaoq6V0w&utm_medium=api&utm_source=8d05c7a4&v=094E58566A05B9F7030A8C5C751CD32C04C0488F', '2026-03-29')]
(Background on this error at: https://sqlalche.me/e/20/e3q8)
2026-04-12 19:08:20,964  WARNING     Skipping row due to error: (sqlite3.OperationalError) near "RETURNING": syntax error
[SQL: 
        INSERT INTO jobs
            (source, external_id, title, company, city, region, country,
             is_remote, salary_min, salary_max, salary_mid, url, date_posted)
        VALUES
            (?, ?, ?, ?, ?, ?, ?,
             ?, ?, ?, ?, ?, ?)
        ON CONFLICT (source, external_id) DO NOTHING
        RETURNING id;
    ]
[parameters: ('adzuna', '5648115653', 'Manager, Machine Learning Engineering', 'Colgate-Palmolive', 'Piscataway', 'Middlesex County', None, False, 168287.98, 168287.98, 168287.98, 'https://www.adzuna.com/land/ad/5648115653?se=XJYx_VA28RGxboRaoq6V0w&utm_medium=api&utm_source=8d05c7a4&v=56983B59FFD232B1C5B3B23D6B3DB73755E8762A', '2026-02-27')]
(Background on this error at: https://sqlalche.me/e/20/e3q8)
2026-04-12 19:08:20,965  WARNING     Skipping row due to error: (sqlite3.OperationalError) near "RETURNING": syntax error
[SQL: 
        INSERT INTO jobs
            (source, external_id, title, company, city, region, country,
             is_remote, salary_min, salary_max, salary_mid, url, date_posted)
        VALUES
            (?, ?, ?, ?, ?, ?, ?,
             ?, ?, ?, ?, ?, ?)
        ON CONFLICT (source, external_id) DO NOTHING
        RETURNING id;
    ]
[parameters: ('adzuna', '5681817196', 'Machine Learning Engineer II', 'Uber', 'Grand Central', 'Manhattan', None, False, 181561.23, 181561.23, 181561.23, 'https://www.adzuna.com/land/ad/5681817196?se=XJYx_VA28RGxboRaoq6V0w&utm_medium=api&utm_source=8d05c7a4&v=F9BDEE53D9EADAA2CB31608C0E6771A48CC10F4A', '2026-03-28')]
(Background on this error at: https://sqlalche.me/e/20/e3q8)
2026-04-12 19:08:20,966  WARNING     Skipping row due to error: (sqlite3.OperationalError) near "RETURNING": syntax error
[SQL: 
        INSERT INTO jobs
            (source, external_id, title, company, city, region, country,
             is_remote, salary_min, salary_max, salary_mid, url, date_posted)
        VALUES
            (?, ?, ?, ?, ?, ?, ?,
             ?, ?, ?, ?, ?, ?)
        ON CONFLICT (source, external_id) DO NOTHING
        RETURNING id;
    ]
[parameters: ('adzuna', '5589994924', 'Principal Machine Learning Engineer', 'Red Hat', 'Boston', 'Suffolk County', None, False, 160263.0, 160263.0, 160263.0, 'https://www.adzuna.com/land/ad/5589994924?se=XJYx_VA28RGxboRaoq6V0w&utm_medium=api&utm_source=8d05c7a4&v=E70A5F4E411D2CA0641B45835D76F2793641D01D', '2026-01-17')]
(Background on this error at: https://sqlalche.me/e/20/e3q8)
2026-04-12 19:08:20,967  WARNING     Skipping row due to error: (sqlite3.OperationalError) near "RETURNING": syntax error
[SQL: 
        INSERT INTO jobs
            (source, external_id, title, company, city, region, country,
             is_remote, salary_min, salary_max, salary_mid, url, date_posted)
        VALUES
            (?, ?, ?, ?, ?, ?, ?,
             ?, ?, ?, ?, ?, ?)
        ON CONFLICT (source, external_id) DO NOTHING
        RETURNING id;
    ]
[parameters: ('adzuna', '5648082578', 'Manager, Machine Learning Engineering', 'Colgate-Palmolive', 'Grand Central', 'Manhattan', None, False, 184083.22, 184083.22, 184083.22, 'https://www.adzuna.com/land/ad/5648082578?se=XJYx_VA28RGxboRaoq6V0w&utm_medium=api&utm_source=8d05c7a4&v=85F35A233EFE659EDF8001DC63B97350003ED4EF', '2026-02-27')]
(Background on this error at: https://sqlalche.me/e/20/e3q8)
2026-04-12 19:08:20,968  WARNING     Skipping row due to error: (sqlite3.OperationalError) near "RETURNING": syntax error
[SQL: 
        INSERT INTO jobs
            (source, external_id, title, company, city, region, country,
             is_remote, salary_min, salary_max, salary_mid, url, date_posted)
        VALUES
            (?, ?, ?, ?, ?, ?, ?,
             ?, ?, ?, ?, ?, ?)
        ON CONFLICT (source, external_id) DO NOTHING
        RETURNING id;
    ]
[parameters: ('adzuna', '5638906931', 'Sr Machine Learning Engineer', 'The Walt Disney Company', 'Glendale', 'Los Angeles County', None, False, 117891.14, 117891.14, 117891.14, 'https://www.adzuna.com/land/ad/5638906931?se=XJYx_VA28RGxboRaoq6V0w&utm_medium=api&utm_source=8d05c7a4&v=CEEC4AF87DC8F9E10FC3B0D26E3CE593EF34059D', '2026-02-20')]
(Background on this error at: https://sqlalche.me/e/20/e3q8)
2026-04-12 19:08:20,970  WARNING     Skipping row due to error: (sqlite3.OperationalError) near "RETURNING": syntax error
[SQL: 
        INSERT INTO jobs
            (source, external_id, title, company, city, region, country,
             is_remote, salary_min, salary_max, salary_mid, url, date_posted)
        VALUES
            (?, ?, ?, ?, ?, ?, ?,
             ?, ?, ?, ?, ?, ?)
        ON CONFLICT (source, external_id) DO NOTHING
        RETURNING id;
    ]
[parameters: ('adzuna', '5645493458', 'Principal Machine Learning Engineer', 'SAP', 'Palo Alto', 'Santa Clara County', None, False, 219688.06, 219688.06, 219688.06, 'https://www.adzuna.com/land/ad/5645493458?se=XJYx_VA28RGxboRaoq6V0w&utm_medium=api&utm_source=8d05c7a4&v=7DCDF3B157A2357FAE741CBA4464D8D3C41F5EB4', '2026-02-25')]
(Background on this error at: https://sqlalche.me/e/20/e3q8)
2026-04-12 19:08:20,971  WARNING     Skipping row due to error: (sqlite3.OperationalError) near "RETURNING": syntax error
[SQL: 
        INSERT INTO jobs
            (source, external_id, title, company, city, region, country,
             is_remote, salary_min, salary_max, salary_mid, url, date_posted)
        VALUES
            (?, ?, ?, ?, ?, ?, ?,
             ?, ?, ?, ?, ?, ?)
        ON CONFLICT (source, external_id) DO NOTHING
        RETURNING id;
    ]
[parameters: ('adzuna', '5686610721', 'Machine Learning Engineer II', 'Techtronic Industries North America, Inc.', 'Sandy Springs', 'Anderson County', None, False, 105116.27, 105116.27, 105116.27, 'https://www.adzuna.com/land/ad/5686610721?se=XJYx_VA28RGxboRaoq6V0w&utm_medium=api&utm_source=8d05c7a4&v=9171987978947CC7BF52232AB238DDCB06CAE661', '2026-04-01')]
(Background on this error at: https://sqlalche.me/e/20/e3q8)
2026-04-12 19:08:20,972  WARNING     Skipping row due to error: (sqlite3.OperationalError) near "RETURNING": syntax error
[SQL: 
        INSERT INTO jobs
            (source, external_id, title, company, city, region, country,
             is_remote, salary_min, salary_max, salary_mid, url, date_posted)
        VALUES
            (?, ?, ?, ?, ?, ?, ?,
             ?, ?, ?, ?, ?, ?)
        ON CONFLICT (source, external_id) DO NOTHING
        RETURNING id;
    ]
[parameters: ('adzuna', '5429870875', 'AI/Machine Learning Engineer', 'US Tech Solutions', 'Mountain View', 'Santa Clara County', None, False, 98860.2, 98860.2, 98860.2, 'https://www.adzuna.com/land/ad/5429870875?se=XJYx_VA28RGxboRaoq6V0w&utm_medium=api&utm_source=8d05c7a4&v=CDF64BEE63DC1F632160F1CA7456551FDDD8FFE4', '2025-10-03')]
(Background on this error at: https://sqlalche.me/e/20/e3q8)
2026-04-12 19:08:20,974  WARNING     Skipping row due to error: (sqlite3.OperationalError) near "RETURNING": syntax error
[SQL: 
        INSERT INTO jobs
            (source, external_id, title, company, city, region, country,
             is_remote, salary_min, salary_max, salary_mid, url, date_posted)
        VALUES
            (?, ?, ?, ?, ?, ?, ?,
             ?, ?, ?, ?, ?, ?)
        ON CONFLICT (source, external_id) DO NOTHING
        RETURNING id;
    ]
[parameters: ('adzuna', '5678731430', 'Machine Learning Engineer (GoLang)', 'Comcast', 'Washington', 'D.C.', 'US', False, 109087.02, 109087.02, 109087.02, 'https://www.adzuna.com/land/ad/5678731430?se=XJYx_VA28RGxboRaoq6V0w&utm_medium=api&utm_source=8d05c7a4&v=A239F33C29F861E63130A4F2B48648167AC396B9', '2026-03-25')]
(Background on this error at: https://sqlalche.me/e/20/e3q8)
2026-04-12 19:08:20,975  WARNING     Skipping row due to error: (sqlite3.OperationalError) near "RETURNING": syntax error
[SQL: 
        INSERT INTO jobs
            (source, external_id, title, company, city, region, country,
             is_remote, salary_min, salary_max, salary_mid, url, date_posted)
        VALUES
            (?, ?, ?, ?, ?, ?, ?,
             ?, ?, ?, ?, ?, ?)
        ON CONFLICT (source, external_id) DO NOTHING
        RETURNING id;
    ]
[parameters: ('adzuna', '5673579438', 'Principal Machine Learning Engineer', 'General Motors', 'Sunnyvale', 'Santa Clara County', None, False, 207414.12, 207414.12, 207414.12, 'https://www.adzuna.com/land/ad/5673579438?se=XJYx_VA28RGxboRaoq6V0w&utm_medium=api&utm_source=8d05c7a4&v=6A0BEA1A732FD6CF6AC955830378D055E31F8A34', '2026-03-20')]
(Background on this error at: https://sqlalche.me/e/20/e3q8)
2026-04-12 19:08:20,977  WARNING     Skipping row due to error: (sqlite3.OperationalError) near "RETURNING": syntax error
[SQL: 
        INSERT INTO jobs
            (source, external_id, title, company, city, region, country,
             is_remote, salary_min, salary_max, salary_mid, url, date_posted)
        VALUES
            (?, ?, ?, ?, ?, ?, ?,
             ?, ?, ?, ?, ?, ?)
        ON CONFLICT (source, external_id) DO NOTHING
        RETURNING id;
    ]
[parameters: ('adzuna', '5689264636', 'Staff Machine Learning Engineer', 'Uber', 'Sunnyvale', 'Santa Clara County', None, False, 191790.67, 191790.67, 191790.67, 'https://www.adzuna.com/land/ad/5689264636?se=XJYx_VA28RGxboRaoq6V0w&utm_medium=api&utm_source=8d05c7a4&v=936972035B19A202883EE619551D6F4F7391548C', '2026-04-03')]
(Background on this error at: https://sqlalche.me/e/20/e3q8)
2026-04-12 19:08:20,978  WARNING     Skipping row due to error: (sqlite3.OperationalError) near "RETURNING": syntax error
[SQL: 
        INSERT INTO jobs
            (source, external_id, title, company, city, region, country,
             is_remote, salary_min, salary_max, salary_mid, url, date_posted)
        VALUES
            (?, ?, ?, ?, ?, ?, ?,
             ?, ?, ?, ?, ?, ?)
        ON CONFLICT (source, external_id) DO NOTHING
        RETURNING id;
    ]
[parameters: ('adzuna', '5689264639', 'Staff Machine Learning Engineer', 'Uber', 'SoMa', 'San Francisco', None, False, 162059.06, 162059.06, 162059.06, 'https://www.adzuna.com/land/ad/5689264639?se=ZH_V_lA28RGxboRaoq6V0w&utm_medium=api&utm_source=8d05c7a4&v=B479F466BADD171CDDF666E9B9FFDE2FA4CCFE3F', '2026-04-03')]
(Background on this error at: https://sqlalche.me/e/20/e3q8)
2026-04-12 19:08:20,979  WARNING     Skipping row due to error: (sqlite3.OperationalError) near "RETURNING": syntax error
[SQL: 
        INSERT INTO jobs
            (source, external_id, title, company, city, region, country,
             is_remote, salary_min, salary_max, salary_mid, url, date_posted)
        VALUES
            (?, ?, ?, ?, ?, ?, ?,
             ?, ?, ?, ?, ?, ?)
        ON CONFLICT (source, external_id) DO NOTHING
        RETURNING id;
    ]
[parameters: ('adzuna', '5655987009', 'Staff Machine Learning Engineer', 'Zoom', 'International', 'King County', None, False, 144234.84, 144234.84, 144234.84, 'https://www.adzuna.com/land/ad/5655987009?se=ZH_V_lA28RGxboRaoq6V0w&utm_medium=api&utm_source=8d05c7a4&v=315AF57C09B7FDB6B9DCCC82430E14F8BDE2E5EA', '2026-03-05')]
(Background on this error at: https://sqlalche.me/e/20/e3q8)
2026-04-12 19:08:20,980  WARNING     Skipping row due to error: (sqlite3.OperationalError) near "RETURNING": syntax error
[SQL: 
        INSERT INTO jobs
            (source, external_id, title, company, city, region, country,
             is_remote, salary_min, salary_max, salary_mid, url, date_posted)
        VALUES
            (?, ?, ?, ?, ?, ?, ?,
             ?, ?, ?, ?, ?, ?)
        ON CONFLICT (source, external_id) DO NOTHING
        RETURNING id;
    ]
[parameters: ('adzuna', '5686375543', 'Machine Learning Engineer I', 'Warner Bros. Discovery', 'Magnolia Park', 'Los Angeles County', None, False, 144300.05, 144300.05, 144300.05, 'https://www.adzuna.com/land/ad/5686375543?se=ZH_V_lA28RGxboRaoq6V0w&utm_medium=api&utm_source=8d05c7a4&v=5E006A22ED4B82C6133D1E6A97CAC6B6328F05C9', '2026-04-01')]
(Background on this error at: https://sqlalche.me/e/20/e3q8)
2026-04-12 19:08:20,981  WARNING     Skipping row due to error: (sqlite3.OperationalError) near "RETURNING": syntax error
[SQL: 
        INSERT INTO jobs
            (source, external_id, title, company, city, region, country,
             is_remote, salary_min, salary_max, salary_mid, url, date_posted)
        VALUES
            (?, ?, ?, ?, ?, ?, ?,
             ?, ?, ?, ?, ?, ?)
        ON CONFLICT (source, external_id) DO NOTHING
        RETURNING id;
    ]
[parameters: ('adzuna', '5671274621', 'Senior Machine Learning Engineer', 'Uber', 'Sunnyvale', 'Santa Clara County', None, False, 166948.58, 166948.58, 166948.58, 'https://www.adzuna.com/land/ad/5671274621?se=ZH_V_lA28RGxboRaoq6V0w&utm_medium=api&utm_source=8d05c7a4&v=99C0CA0BD36912DFEC5092007BA8DD4608751205', '2026-03-18')]
(Background on this error at: https://sqlalche.me/e/20/e3q8)
2026-04-12 19:08:20,982  WARNING     Skipping row due to error: (sqlite3.OperationalError) near "RETURNING": syntax error
[SQL: 
        INSERT INTO jobs
            (source, external_id, title, company, city, region, country,
             is_remote, salary_min, salary_max, salary_mid, url, date_posted)
        VALUES
            (?, ?, ?, ?, ?, ?, ?,
             ?, ?, ?, ?, ?, ?)
        ON CONFLICT (source, external_id) DO NOTHING
        RETURNING id;
    ]
[parameters: ('adzuna', '5671274427', 'Staff Machine Learning Engineer', 'Uber', 'Sunnyvale', 'Santa Clara County', None, False, 219134.19, 219134.19, 219134.19, 'https://www.adzuna.com/land/ad/5671274427?se=ZH_V_lA28RGxboRaoq6V0w&utm_medium=api&utm_source=8d05c7a4&v=7BC9B345BA6EF43D8D1DDC50F8F0D27FC1B129D7', '2026-03-18')]
(Background on this error at: https://sqlalche.me/e/20/e3q8)
2026-04-12 19:08:20,983  WARNING     Skipping row due to error: (sqlite3.OperationalError) near "RETURNING": syntax error
[SQL: 
        INSERT INTO jobs
            (source, external_id, title, company, city, region, country,
             is_remote, salary_min, salary_max, salary_mid, url, date_posted)
        VALUES
            (?, ?, ?, ?, ?, ?, ?,
             ?, ?, ?, ?, ?, ?)
        ON CONFLICT (source, external_id) DO NOTHING
        RETURNING id;
    ]
[parameters: ('adzuna', '5671274199', 'Staff Machine Learning Engineer', 'Uber', 'SoMa', 'San Francisco', None, False, 110049.81, 110049.81, 110049.81, 'https://www.adzuna.com/land/ad/5671274199?se=ZH_V_lA28RGxboRaoq6V0w&utm_medium=api&utm_source=8d05c7a4&v=E1C5E5AEED0BE2C9F42C780C40B685E6707539A3', '2026-03-18')]
(Background on this error at: https://sqlalche.me/e/20/e3q8)
2026-04-12 19:08:20,984  WARNING     Skipping row due to error: (sqlite3.OperationalError) near "RETURNING": syntax error
[SQL: 
        INSERT INTO jobs
            (source, external_id, title, company, city, region, country,
             is_remote, salary_min, salary_max, salary_mid, url, date_posted)
        VALUES
            (?, ?, ?, ?, ?, ?, ?,
             ?, ?, ?, ?, ?, ?)
        ON CONFLICT (source, external_id) DO NOTHING
        RETURNING id;
    ]
[parameters: ('adzuna', '5671274312', 'Staff Machine Learning Engineer', 'Uber', 'SoMa', 'San Francisco', None, False, 185164.11, 185164.11, 185164.11, 'https://www.adzuna.com/land/ad/5671274312?se=ZH_V_lA28RGxboRaoq6V0w&utm_medium=api&utm_source=8d05c7a4&v=1B2CDD11EAB0697B2E7613630E5A4FB81FC2751F', '2026-03-18')]
(Background on this error at: https://sqlalche.me/e/20/e3q8)
2026-04-12 19:08:20,985  WARNING     Skipping row due to error: (sqlite3.OperationalError) near "RETURNING": syntax error
[SQL: 
        INSERT INTO jobs
            (source, external_id, title, company, city, region, country,
             is_remote, salary_min, salary_max, salary_mid, url, date_posted)
        VALUES
            (?, ?, ?, ?, ?, ?, ?,
             ?, ?, ?, ?, ?, ?)
        ON CONFLICT (source, external_id) DO NOTHING
        RETURNING id;
    ]
[parameters: ('adzuna', '5671491568', 'Staff Machine Learning Engineer', 'Uber', 'Grand Central', 'Manhattan', None, False, 212913.75, 212913.75, 212913.75, 'https://www.adzuna.com/land/ad/5671491568?se=ZH_V_lA28RGxboRaoq6V0w&utm_medium=api&utm_source=8d05c7a4&v=BF07E673AE83E927E487751B0DCAA1EBD9755F6B', '2026-03-18')]
(Background on this error at: https://sqlalche.me/e/20/e3q8)
2026-04-12 19:08:20,985  WARNING     Skipping row due to error: (sqlite3.OperationalError) near "RETURNING": syntax error
[SQL: 
        INSERT INTO jobs
            (source, external_id, title, company, city, region, country,
             is_remote, salary_min, salary_max, salary_mid, url, date_posted)
        VALUES
            (?, ?, ?, ?, ?, ?, ?,
             ?, ?, ?, ?, ?, ?)
        ON CONFLICT (source, external_id) DO NOTHING
        RETURNING id;
    ]
[parameters: ('adzuna', '5689528081', 'Lead Machine Learning Engineer', 'Centene Corporation', 'Tumwater', 'Thurston County', None, False, 159117.0, 159117.0, 159117.0, 'https://www.adzuna.com/land/ad/5689528081?se=ZH_V_lA28RGxboRaoq6V0w&utm_medium=api&utm_source=8d05c7a4&v=7C9F091B14115DA68A0BAE8C6239A93DBA7EEDC0', '2026-04-04')]
(Background on this error at: https://sqlalche.me/e/20/e3q8)
2026-04-12 19:08:20,986  WARNING     Skipping row due to error: (sqlite3.OperationalError) near "RETURNING": syntax error
[SQL: 
        INSERT INTO jobs
            (source, external_id, title, company, city, region, country,
             is_remote, salary_min, salary_max, salary_mid, url, date_posted)
        VALUES
            (?, ?, ?, ?, ?, ?, ?,
             ?, ?, ?, ?, ?, ?)
        ON CONFLICT (source, external_id) DO NOTHING
        RETURNING id;
    ]
[parameters: ('adzuna', '5643235643', 'Director, Machine Learning Engineering', 'Credit Acceptance Corporation', 'Atlanta', 'Fulton County', None, False, 197462.14, 197462.14, 197462.14, 'https://www.adzuna.com/land/ad/5643235643?se=ZH_V_lA28RGxboRaoq6V0w&utm_medium=api&utm_source=8d05c7a4&v=28A443CDE4FB32B32149DC86673770E721AAB163', '2026-02-24')]
(Background on this error at: https://sqlalche.me/e/20/e3q8)
2026-04-12 19:08:20,987  WARNING     Skipping row due to error: (sqlite3.OperationalError) near "RETURNING": syntax error
[SQL: 
        INSERT INTO jobs
            (source, external_id, title, company, city, region, country,
             is_remote, salary_min, salary_max, salary_mid, url, date_posted)
        VALUES
            (?, ?, ?, ?, ?, ?, ?,
             ?, ?, ?, ?, ?, ?)
        ON CONFLICT (source, external_id) DO NOTHING
        RETURNING id;
    ]
[parameters: ('adzuna', '5678596434', 'Sr Machine Learning Engineer', 'V2Soft', 'Pittsburgh', 'Allegheny County', None, False, 92375.38, 92375.38, 92375.38, 'https://www.adzuna.com/land/ad/5678596434?se=ZH_V_lA28RGxboRaoq6V0w&utm_medium=api&utm_source=8d05c7a4&v=AF3F0F7292000023B8A43DBE3AE2361C65AF3C19', '2026-03-25')]
(Background on this error at: https://sqlalche.me/e/20/e3q8)
2026-04-12 19:08:20,988  WARNING     Skipping row due to error: (sqlite3.OperationalError) near "RETURNING": syntax error
[SQL: 
        INSERT INTO jobs
            (source, external_id, title, company, city, region, country,
             is_remote, salary_min, salary_max, salary_mid, url, date_posted)
        VALUES
            (?, ?, ?, ?, ?, ?, ?,
             ?, ?, ?, ?, ?, ?)
        ON CONFLICT (source, external_id) DO NOTHING
        RETURNING id;
    ]
[parameters: ('adzuna', '5680352942', 'Senior Artificial Intelligence and Machine Learning Engineer', 'Booz Allen Hamilton', 'Pimmit', 'Fairfax County', None, False, 187061.12, 187061.12, 187061.12, 'https://www.adzuna.com/land/ad/5680352942?se=ZH_V_lA28RGxboRaoq6V0w&utm_medium=api&utm_source=8d05c7a4&v=679D0C4E5E4679B32D11DCCCCF5B78567CAC47F6', '2026-03-27')]
(Background on this error at: https://sqlalche.me/e/20/e3q8)
2026-04-12 19:08:20,989  WARNING     Skipping row due to error: (sqlite3.OperationalError) near "RETURNING": syntax error
[SQL: 
        INSERT INTO jobs
            (source, external_id, title, company, city, region, country,
             is_remote, salary_min, salary_max, salary_mid, url, date_posted)
        VALUES
            (?, ?, ?, ?, ?, ?, ?,
             ?, ?, ?, ?, ?, ?)
        ON CONFLICT (source, external_id) DO NOTHING
        RETURNING id;
    ]
[parameters: ('adzuna', '5680354470', 'Mid Artificial Intelligence and Machine Learning Engineer', 'Booz Allen Hamilton', 'Pimmit', 'Fairfax County', None, False, 151213.19, 151213.19, 151213.19, 'https://www.adzuna.com/land/ad/5680354470?se=ZH_V_lA28RGxboRaoq6V0w&utm_medium=api&utm_source=8d05c7a4&v=2A4A0AA602065EA0588ABFEE410EF98DC3E7433B', '2026-03-27')]
(Background on this error at: https://sqlalche.me/e/20/e3q8)
2026-04-12 19:08:20,990  WARNING     Skipping row due to error: (sqlite3.OperationalError) near "RETURNING": syntax error
[SQL: 
        INSERT INTO jobs
            (source, external_id, title, company, city, region, country,
             is_remote, salary_min, salary_max, salary_mid, url, date_posted)
        VALUES
            (?, ?, ?, ?, ?, ?, ?,
             ?, ?, ?, ?, ?, ?)
        ON CONFLICT (source, external_id) DO NOTHING
        RETURNING id;
    ]
[parameters: ('adzuna', '5528336981', 'Machine Learning Engineer (PhD Intern)', 'Instacart', 'Albuquerque', 'Bernalillo County', None, False, 82799.06, 82799.06, 82799.06, 'https://www.adzuna.com/details/5528336981?utm_medium=api&utm_source=8d05c7a4', '2025-12-04')]
(Background on this error at: https://sqlalche.me/e/20/e3q8)
2026-04-12 19:08:20,991  WARNING     Skipping row due to error: (sqlite3.OperationalError) near "RETURNING": syntax error
[SQL: 
        INSERT INTO jobs
            (source, external_id, title, company, city, region, country,
             is_remote, salary_min, salary_max, salary_mid, url, date_posted)
        VALUES
            (?, ?, ?, ?, ?, ?, ?,
             ?, ?, ?, ?, ?, ?)
        ON CONFLICT (source, external_id) DO NOTHING
        RETURNING id;
    ]
[parameters: ('adzuna', '5528337016', 'Machine Learning Engineer (PhD Intern)', 'Instacart', 'New Brunswick', 'Middlesex County', None, False, 91901.05, 91901.05, 91901.05, 'https://www.adzuna.com/details/5528337016?utm_medium=api&utm_source=8d05c7a4', '2025-12-04')]
(Background on this error at: https://sqlalche.me/e/20/e3q8)
2026-04-12 19:08:20,992  WARNING     Skipping row due to error: (sqlite3.OperationalError) near "RETURNING": syntax error
[SQL: 
        INSERT INTO jobs
            (source, external_id, title, company, city, region, country,
             is_remote, salary_min, salary_max, salary_mid, url, date_posted)
        VALUES
            (?, ?, ?, ?, ?, ?, ?,
             ?, ?, ?, ?, ?, ?)
        ON CONFLICT (source, external_id) DO NOTHING
        RETURNING id;
    ]
[parameters: ('adzuna', '5528337066', 'Machine Learning Engineer (PhD Intern)', 'Instacart', 'Davenport', 'Scott County', None, False, 88656.0, 88656.0, 88656.0, 'https://www.adzuna.com/details/5528337066?utm_medium=api&utm_source=8d05c7a4', '2025-12-04')]
(Background on this error at: https://sqlalche.me/e/20/e3q8)
2026-04-12 19:08:20,993  WARNING     Skipping row due to error: (sqlite3.OperationalError) near "RETURNING": syntax error
[SQL: 
        INSERT INTO jobs
            (source, external_id, title, company, city, region, country,
             is_remote, salary_min, salary_max, salary_mid, url, date_posted)
        VALUES
            (?, ?, ?, ?, ?, ?, ?,
             ?, ?, ?, ?, ?, ?)
        ON CONFLICT (source, external_id) DO NOTHING
        RETURNING id;
    ]
[parameters: ('adzuna', '5528342635', 'Machine Learning Engineer (PhD Intern)', 'Instacart', 'Chandler', 'Maricopa County', None, False, 82364.09, 82364.09, 82364.09, 'https://www.adzuna.com/details/5528342635?utm_medium=api&utm_source=8d05c7a4', '2025-12-04')]
(Background on this error at: https://sqlalche.me/e/20/e3q8)
2026-04-12 19:08:20,994  WARNING     Skipping row due to error: (sqlite3.OperationalError) near "RETURNING": syntax error
[SQL: 
        INSERT INTO jobs
            (source, external_id, title, company, city, region, country,
             is_remote, salary_min, salary_max, salary_mid, url, date_posted)
        VALUES
            (?, ?, ?, ?, ?, ?, ?,
             ?, ?, ?, ?, ?, ?)
        ON CONFLICT (source, external_id) DO NOTHING
        RETURNING id;
    ]
[parameters: ('adzuna', '5528345044', 'Machine Learning Engineer (PhD Intern)', 'Instacart', 'San Jose', 'Santa Clara County', None, False, 95297.59, 95297.59, 95297.59, 'https://www.adzuna.com/details/5528345044?utm_medium=api&utm_source=8d05c7a4', '2025-12-04')]
(Background on this error at: https://sqlalche.me/e/20/e3q8)
2026-04-12 19:08:20,995  WARNING     Skipping row due to error: (sqlite3.OperationalError) near "RETURNING": syntax error
[SQL: 
        INSERT INTO jobs
            (source, external_id, title, company, city, region, country,
             is_remote, salary_min, salary_max, salary_mid, url, date_posted)
        VALUES
            (?, ?, ?, ?, ?, ?, ?,
             ?, ?, ?, ?, ?, ?)
        ON CONFLICT (source, external_id) DO NOTHING
        RETURNING id;
    ]
[parameters: ('adzuna', '5528337008', 'Machine Learning Engineer (PhD Intern)', 'Instacart', 'Joliet', 'Will County', None, False, 91563.63, 91563.63, 91563.63, 'https://www.adzuna.com/details/5528337008?utm_medium=api&utm_source=8d05c7a4', '2025-12-04')]
(Background on this error at: https://sqlalche.me/e/20/e3q8)
2026-04-12 19:08:20,996  WARNING     Skipping row due to error: (sqlite3.OperationalError) near "RETURNING": syntax error
[SQL: 
        INSERT INTO jobs
            (source, external_id, title, company, city, region, country,
             is_remote, salary_min, salary_max, salary_mid, url, date_posted)
        VALUES
            (?, ?, ?, ?, ?, ?, ?,
             ?, ?, ?, ?, ?, ?)
        ON CONFLICT (source, external_id) DO NOTHING
        RETURNING id;
    ]
[parameters: ('adzuna', '5528337034', 'Machine Learning Engineer (PhD Intern)', 'Instacart', 'Rochester Hills', 'Oakland County', None, False, 85121.69, 85121.69, 85121.69, 'https://www.adzuna.com/details/5528337034?utm_medium=api&utm_source=8d05c7a4', '2025-12-04')]
(Background on this error at: https://sqlalche.me/e/20/e3q8)
2026-04-12 19:08:20,998  WARNING     Skipping row due to error: (sqlite3.OperationalError) near "RETURNING": syntax error
[SQL: 
        INSERT INTO jobs
            (source, external_id, title, company, city, region, country,
             is_remote, salary_min, salary_max, salary_mid, url, date_posted)
        VALUES
            (?, ?, ?, ?, ?, ?, ?,
             ?, ?, ?, ?, ?, ?)
        ON CONFLICT (source, external_id) DO NOTHING
        RETURNING id;
    ]
[parameters: ('adzuna', '5528337058', 'Machine Learning Engineer (PhD Intern)', 'Instacart', 'San Antonio', 'Bexar County', None, False, 82320.35, 82320.35, 82320.35, 'https://www.adzuna.com/details/5528337058?utm_medium=api&utm_source=8d05c7a4', '2025-12-04')]
(Background on this error at: https://sqlalche.me/e/20/e3q8)
2026-04-12 19:08:20,999  WARNING     Skipping row due to error: (sqlite3.OperationalError) near "RETURNING": syntax error
[SQL: 
        INSERT INTO jobs
            (source, external_id, title, company, city, region, country,
             is_remote, salary_min, salary_max, salary_mid, url, date_posted)
        VALUES
            (?, ?, ?, ?, ?, ?, ?,
             ?, ?, ?, ?, ?, ?)
        ON CONFLICT (source, external_id) DO NOTHING
        RETURNING id;
    ]
[parameters: ('adzuna', '5528340452', 'Machine Learning Engineer (PhD Intern)', 'Instacart', 'Tucson', 'Pima County', None, False, 87683.65, 87683.65, 87683.65, 'https://www.adzuna.com/details/5528340452?utm_medium=api&utm_source=8d05c7a4', '2025-12-04')]
(Background on this error at: https://sqlalche.me/e/20/e3q8)
2026-04-12 19:08:20,999  WARNING     Skipping row due to error: (sqlite3.OperationalError) near "RETURNING": syntax error
[SQL: 
        INSERT INTO jobs
            (source, external_id, title, company, city, region, country,
             is_remote, salary_min, salary_max, salary_mid, url, date_posted)
        VALUES
            (?, ?, ?, ?, ?, ?, ?,
             ?, ?, ?, ?, ?, ?)
        ON CONFLICT (source, external_id) DO NOTHING
        RETURNING id;
    ]
[parameters: ('adzuna', '5528336932', 'Machine Learning Engineer (PhD Intern)', 'Instacart', 'Aberdeen', 'Brown County', None, False, 89848.82, 89848.82, 89848.82, 'https://www.adzuna.com/details/5528336932?utm_medium=api&utm_source=8d05c7a4', '2025-12-04')]
(Background on this error at: https://sqlalche.me/e/20/e3q8)
2026-04-12 19:08:21,000  WARNING     Skipping row due to error: (sqlite3.OperationalError) near "RETURNING": syntax error
[SQL: 
        INSERT INTO jobs
            (source, external_id, title, company, city, region, country,
             is_remote, salary_min, salary_max, salary_mid, url, date_posted)
        VALUES
            (?, ?, ?, ?, ?, ?, ?,
             ?, ?, ?, ?, ?, ?)
        ON CONFLICT (source, external_id) DO NOTHING
        RETURNING id;
    ]
[parameters: ('adzuna', '5528337030', 'Machine Learning Engineer (PhD Intern)', 'Instacart', 'Eugene', 'Lane County', None, False, 79008.77, 79008.77, 79008.77, 'https://www.adzuna.com/details/5528337030?utm_medium=api&utm_source=8d05c7a4', '2025-12-04')]
(Background on this error at: https://sqlalche.me/e/20/e3q8)
2026-04-12 19:08:21,001  WARNING     Skipping row due to error: (sqlite3.OperationalError) near "RETURNING": syntax error
[SQL: 
        INSERT INTO jobs
            (source, external_id, title, company, city, region, country,
             is_remote, salary_min, salary_max, salary_mid, url, date_posted)
        VALUES
            (?, ?, ?, ?, ?, ?, ?,
             ?, ?, ?, ?, ?, ?)
        ON CONFLICT (source, external_id) DO NOTHING
        RETURNING id;
    ]
[parameters: ('adzuna', '5528343392', 'Machine Learning Engineer (PhD Intern)', 'Instacart', 'Lynchburg', 'Lynchburg City', None, False, 81845.82, 81845.82, 81845.82, 'https://www.adzuna.com/details/5528343392?utm_medium=api&utm_source=8d05c7a4', '2025-12-04')]
(Background on this error at: https://sqlalche.me/e/20/e3q8)
2026-04-12 19:08:21,002  WARNING     Skipping row due to error: (sqlite3.OperationalError) near "RETURNING": syntax error
[SQL: 
        INSERT INTO jobs
            (source, external_id, title, company, city, region, country,
             is_remote, salary_min, salary_max, salary_mid, url, date_posted)
        VALUES
            (?, ?, ?, ?, ?, ?, ?,
             ?, ?, ?, ?, ?, ?)
        ON CONFLICT (source, external_id) DO NOTHING
        RETURNING id;
    ]
[parameters: ('adzuna', '5528337048', 'Machine Learning Engineer (PhD Intern)', 'Instacart', 'Independence', 'Jackson County', None, False, 82842.9, 82842.9, 82842.9, 'https://www.adzuna.com/details/5528337048?utm_medium=api&utm_source=8d05c7a4', '2025-12-04')]
(Background on this error at: https://sqlalche.me/e/20/e3q8)
2026-04-12 19:08:21,003  WARNING     Skipping row due to error: (sqlite3.OperationalError) near "RETURNING": syntax error
[SQL: 
        INSERT INTO jobs
            (source, external_id, title, company, city, region, country,
             is_remote, salary_min, salary_max, salary_mid, url, date_posted)
        VALUES
            (?, ?, ?, ?, ?, ?, ?,
             ?, ?, ?, ?, ?, ?)
        ON CONFLICT (source, external_id) DO NOTHING
        RETURNING id;
    ]
[parameters: ('adzuna', '5528336994', 'Machine Learning Engineer (PhD Intern)', 'Instacart', 'Tuscaloosa', 'Tuscaloosa County', None, False, 84728.08, 84728.08, 84728.08, 'https://www.adzuna.com/details/5528336994?utm_medium=api&utm_source=8d05c7a4', '2025-12-04')]
(Background on this error at: https://sqlalche.me/e/20/e3q8)
2026-04-12 19:08:21,004  WARNING     Skipping row due to error: (sqlite3.OperationalError) near "RETURNING": syntax error
[SQL: 
        INSERT INTO jobs
            (source, external_id, title, company, city, region, country,
             is_remote, salary_min, salary_max, salary_mid, url, date_posted)
        VALUES
            (?, ?, ?, ?, ?, ?, ?,
             ?, ?, ?, ?, ?, ?)
        ON CONFLICT (source, external_id) DO NOTHING
        RETURNING id;
    ]
[parameters: ('adzuna', '5528337001', 'Machine Learning Engineer (PhD Intern)', 'Instacart', 'Orem', 'Utah County', None, False, 97658.32, 97658.32, 97658.32, 'https://www.adzuna.com/details/5528337001?utm_medium=api&utm_source=8d05c7a4', '2025-12-04')]
(Background on this error at: https://sqlalche.me/e/20/e3q8)
2026-04-12 19:08:21,005  WARNING     Skipping row due to error: (sqlite3.OperationalError) near "RETURNING": syntax error
[SQL: 
        INSERT INTO jobs
            (source, external_id, title, company, city, region, country,
             is_remote, salary_min, salary_max, salary_mid, url, date_posted)
        VALUES
            (?, ?, ?, ?, ?, ?, ?,
             ?, ?, ?, ?, ?, ?)
        ON CONFLICT (source, external_id) DO NOTHING
        RETURNING id;
    ]
[parameters: ('adzuna', '5528336954', 'Machine Learning Engineer (PhD Intern)', 'Instacart', 'Rochester', 'Strafford County', None, False, 83494.71, 83494.71, 83494.71, 'https://www.adzuna.com/details/5528336954?utm_medium=api&utm_source=8d05c7a4', '2025-12-04')]
(Background on this error at: https://sqlalche.me/e/20/e3q8)
2026-04-12 19:08:21,006  WARNING     Skipping row due to error: (sqlite3.OperationalError) near "RETURNING": syntax error
[SQL: 
        INSERT INTO jobs
            (source, external_id, title, company, city, region, country,
             is_remote, salary_min, salary_max, salary_mid, url, date_posted)
        VALUES
            (?, ?, ?, ?, ?, ?, ?,
             ?, ?, ?, ?, ?, ?)
        ON CONFLICT (source, external_id) DO NOTHING
        RETURNING id;
    ]
[parameters: ('adzuna', '5528336944', 'Machine Learning Engineer (PhD Intern)', 'Instacart', 'Bronx', 'New York City', None, False, 95613.3, 95613.3, 95613.3, 'https://www.adzuna.com/details/5528336944?utm_medium=api&utm_source=8d05c7a4', '2025-12-04')]
(Background on this error at: https://sqlalche.me/e/20/e3q8)
2026-04-12 19:08:21,006  WARNING     Skipping row due to error: (sqlite3.OperationalError) near "RETURNING": syntax error
[SQL: 
        INSERT INTO jobs
            (source, external_id, title, company, city, region, country,
             is_remote, salary_min, salary_max, salary_mid, url, date_posted)
        VALUES
            (?, ?, ?, ?, ?, ?, ?,
             ?, ?, ?, ?, ?, ?)
        ON CONFLICT (source, external_id) DO NOTHING
        RETURNING id;
    ]
[parameters: ('adzuna', '5528342471', 'Machine Learning Engineer (PhD Intern)', 'Instacart', 'San Marcos', 'Hays County', None, False, 92890.84, 92890.84, 92890.84, 'https://www.adzuna.com/details/5528342471?utm_medium=api&utm_source=8d05c7a4', '2025-12-04')]
(Background on this error at: https://sqlalche.me/e/20/e3q8)
2026-04-12 19:08:21,007  WARNING     Skipping row due to error: (sqlite3.OperationalError) near "RETURNING": syntax error
[SQL: 
        INSERT INTO jobs
            (source, external_id, title, company, city, region, country,
             is_remote, salary_min, salary_max, salary_mid, url, date_posted)
        VALUES
            (?, ?, ?, ?, ?, ?, ?,
             ?, ?, ?, ?, ?, ?)
        ON CONFLICT (source, external_id) DO NOTHING
        RETURNING id;
    ]
[parameters: ('adzuna', '5528337015', 'Machine Learning Engineer (PhD Intern)', 'Instacart', 'Salem', 'Marion County', None, False, 80790.91, 80790.91, 80790.91, 'https://www.adzuna.com/details/5528337015?utm_medium=api&utm_source=8d05c7a4', '2025-12-04')]
(Background on this error at: https://sqlalche.me/e/20/e3q8)
2026-04-12 19:08:21,008  WARNING     Skipping row due to error: (sqlite3.OperationalError) near "RETURNING": syntax error
[SQL: 
        INSERT INTO jobs
            (source, external_id, title, company, city, region, country,
             is_remote, salary_min, salary_max, salary_mid, url, date_posted)
        VALUES
            (?, ?, ?, ?, ?, ?, ?,
             ?, ?, ?, ?, ?, ?)
        ON CONFLICT (source, external_id) DO NOTHING
        RETURNING id;
    ]
[parameters: ('adzuna', '5528336962', 'Machine Learning Engineer (PhD Intern)', 'Instacart', 'Covington', 'Kenton County', None, False, 86760.02, 86760.02, 86760.02, 'https://www.adzuna.com/details/5528336962?utm_medium=api&utm_source=8d05c7a4', '2025-12-04')]
(Background on this error at: https://sqlalche.me/e/20/e3q8)
2026-04-12 19:08:21,009  WARNING     Skipping row due to error: (sqlite3.OperationalError) near "RETURNING": syntax error
[SQL: 
        INSERT INTO jobs
            (source, external_id, title, company, city, region, country,
             is_remote, salary_min, salary_max, salary_mid, url, date_posted)
        VALUES
            (?, ?, ?, ?, ?, ?, ?,
             ?, ?, ?, ?, ?, ?)
        ON CONFLICT (source, external_id) DO NOTHING
        RETURNING id;
    ]
[parameters: ('adzuna', '5528337010', 'Machine Learning Engineer (PhD Intern)', 'Instacart', 'Potsdam', 'Saint Lawrence County', None, False, 97742.83, 97742.83, 97742.83, 'https://www.adzuna.com/details/5528337010?utm_medium=api&utm_source=8d05c7a4', '2025-12-04')]
(Background on this error at: https://sqlalche.me/e/20/e3q8)
2026-04-12 19:08:21,010  WARNING     Skipping row due to error: (sqlite3.OperationalError) near "RETURNING": syntax error
[SQL: 
        INSERT INTO jobs
            (source, external_id, title, company, city, region, country,
             is_remote, salary_min, salary_max, salary_mid, url, date_posted)
        VALUES
            (?, ?, ?, ?, ?, ?, ?,
             ?, ?, ?, ?, ?, ?)
        ON CONFLICT (source, external_id) DO NOTHING
        RETURNING id;
    ]
[parameters: ('adzuna', '5528336969', 'Machine Learning Engineer (PhD Intern)', 'Instacart', 'Richmond', 'Richmond County', None, False, 83907.08, 83907.08, 83907.08, 'https://www.adzuna.com/details/5528336969?utm_medium=api&utm_source=8d05c7a4', '2025-12-04')]
(Background on this error at: https://sqlalche.me/e/20/e3q8)
2026-04-12 19:08:21,012  WARNING     Skipping row due to error: (sqlite3.OperationalError) near "RETURNING": syntax error
[SQL: 
        INSERT INTO jobs
            (source, external_id, title, company, city, region, country,
             is_remote, salary_min, salary_max, salary_mid, url, date_posted)
        VALUES
            (?, ?, ?, ?, ?, ?, ?,
             ?, ?, ?, ?, ?, ?)
        ON CONFLICT (source, external_id) DO NOTHING
        RETURNING id;
    ]
[parameters: ('adzuna', '5528340029', 'Machine Learning Engineer (PhD Intern)', 'Instacart', 'Hattiesburg', 'Forrest County', None, False, 82377.45, 82377.45, 82377.45, 'https://www.adzuna.com/details/5528340029?utm_medium=api&utm_source=8d05c7a4', '2025-12-04')]
(Background on this error at: https://sqlalche.me/e/20/e3q8)
2026-04-12 19:08:21,014  WARNING     Skipping row due to error: (sqlite3.OperationalError) near "RETURNING": syntax error
[SQL: 
        INSERT INTO jobs
            (source, external_id, title, company, city, region, country,
             is_remote, salary_min, salary_max, salary_mid, url, date_posted)
        VALUES
            (?, ?, ?, ?, ?, ?, ?,
             ?, ?, ?, ?, ?, ?)
        ON CONFLICT (source, external_id) DO NOTHING
        RETURNING id;
    ]
[parameters: ('adzuna', '5528337000', 'Machine Learning Engineer (PhD Intern)', 'Instacart', 'Iowa City', 'Johnson County', None, False, 83477.04, 83477.04, 83477.04, 'https://www.adzuna.com/details/5528337000?utm_medium=api&utm_source=8d05c7a4', '2025-12-04')]
(Background on this error at: https://sqlalche.me/e/20/e3q8)
2026-04-12 19:08:21,016  WARNING     Skipping row due to error: (sqlite3.OperationalError) near "RETURNING": syntax error
[SQL: 
        INSERT INTO jobs
            (source, external_id, title, company, city, region, country,
             is_remote, salary_min, salary_max, salary_mid, url, date_posted)
        VALUES
            (?, ?, ?, ?, ?, ?, ?,
             ?, ?, ?, ?, ?, ?)
        ON CONFLICT (source, external_id) DO NOTHING
        RETURNING id;
    ]
[parameters: ('adzuna', '5528359662', 'Machine Learning Engineer (PhD Intern)', 'Instacart', 'Hot Springs', 'Garland County', None, False, 83819.59, 83819.59, 83819.59, 'https://www.adzuna.com/details/5528359662?utm_medium=api&utm_source=8d05c7a4', '2025-12-04')]
(Background on this error at: https://sqlalche.me/e/20/e3q8)
2026-04-12 19:08:21,017  WARNING     Skipping row due to error: (sqlite3.OperationalError) near "RETURNING": syntax error
[SQL: 
        INSERT INTO jobs
            (source, external_id, title, company, city, region, country,
             is_remote, salary_min, salary_max, salary_mid, url, date_posted)
        VALUES
            (?, ?, ?, ?, ?, ?, ?,
             ?, ?, ?, ?, ?, ?)
        ON CONFLICT (source, external_id) DO NOTHING
        RETURNING id;
    ]
[parameters: ('adzuna', '5528337028', 'Machine Learning Engineer (PhD Intern)', 'Instacart', 'Geneseo', 'Livingston County', None, False, 95359.05, 95359.05, 95359.05, 'https://www.adzuna.com/details/5528337028?utm_medium=api&utm_source=8d05c7a4', '2025-12-04')]
(Background on this error at: https://sqlalche.me/e/20/e3q8)
2026-04-12 19:08:21,019  WARNING     Skipping row due to error: (sqlite3.OperationalError) near "RETURNING": syntax error
[SQL: 
        INSERT INTO jobs
            (source, external_id, title, company, city, region, country,
             is_remote, salary_min, salary_max, salary_mid, url, date_posted)
        VALUES
            (?, ?, ?, ?, ?, ?, ?,
             ?, ?, ?, ?, ?, ?)
        ON CONFLICT (source, external_id) DO NOTHING
        RETURNING id;
    ]
[parameters: ('adzuna', '5528336986', 'Machine Learning Engineer (PhD Intern)', 'Instacart', 'Hialeah', 'Miami-Dade County', None, False, 91343.41, 91343.41, 91343.41, 'https://www.adzuna.com/details/5528336986?utm_medium=api&utm_source=8d05c7a4', '2025-12-04')]
(Background on this error at: https://sqlalche.me/e/20/e3q8)
2026-04-12 19:08:21,020  WARNING     Skipping row due to error: (sqlite3.OperationalError) near "RETURNING": syntax error
[SQL: 
        INSERT INTO jobs
            (source, external_id, title, company, city, region, country,
             is_remote, salary_min, salary_max, salary_mid, url, date_posted)
        VALUES
            (?, ?, ?, ?, ?, ?, ?,
             ?, ?, ?, ?, ?, ?)
        ON CONFLICT (source, external_id) DO NOTHING
        RETURNING id;
    ]
[parameters: ('adzuna', '5528340245', 'Machine Learning Engineer (PhD Intern)', 'Instacart', 'Anchorage', 'Alaska', None, False, 84397.19, 84397.19, 84397.19, 'https://www.adzuna.com/details/5528340245?utm_medium=api&utm_source=8d05c7a4', '2025-12-04')]
(Background on this error at: https://sqlalche.me/e/20/e3q8)
2026-04-12 19:08:21,020  WARNING     Skipping row due to error: (sqlite3.OperationalError) near "RETURNING": syntax error
[SQL: 
        INSERT INTO jobs
            (source, external_id, title, company, city, region, country,
             is_remote, salary_min, salary_max, salary_mid, url, date_posted)
        VALUES
            (?, ?, ?, ?, ?, ?, ?,
             ?, ?, ?, ?, ?, ?)
        ON CONFLICT (source, external_id) DO NOTHING
        RETURNING id;
    ]
[parameters: ('adzuna', '5528337047', 'Machine Learning Engineer (PhD Intern)', 'Instacart', 'Pierre', 'Hughes County', None, False, 88536.87, 88536.87, 88536.87, 'https://www.adzuna.com/details/5528337047?utm_medium=api&utm_source=8d05c7a4', '2025-12-04')]
(Background on this error at: https://sqlalche.me/e/20/e3q8)
2026-04-12 19:08:21,021  WARNING     Skipping row due to error: (sqlite3.OperationalError) near "RETURNING": syntax error
[SQL: 
        INSERT INTO jobs
            (source, external_id, title, company, city, region, country,
             is_remote, salary_min, salary_max, salary_mid, url, date_posted)
        VALUES
            (?, ?, ?, ?, ?, ?, ?,
             ?, ?, ?, ?, ?, ?)
        ON CONFLICT (source, external_id) DO NOTHING
        RETURNING id;
    ]
[parameters: ('adzuna', '5528336979', 'Machine Learning Engineer (PhD Intern)', 'Instacart', 'Virginia Beach', 'Virginia Beach City', None, False, 84713.38, 84713.38, 84713.38, 'https://www.adzuna.com/details/5528336979?utm_medium=api&utm_source=8d05c7a4', '2025-12-04')]
(Background on this error at: https://sqlalche.me/e/20/e3q8)
2026-04-12 19:08:21,022  WARNING     Skipping row due to error: (sqlite3.OperationalError) near "RETURNING": syntax error
[SQL: 
        INSERT INTO jobs
            (source, external_id, title, company, city, region, country,
             is_remote, salary_min, salary_max, salary_mid, url, date_posted)
        VALUES
            (?, ?, ?, ?, ?, ?, ?,
             ?, ?, ?, ?, ?, ?)
        ON CONFLICT (source, external_id) DO NOTHING
        RETURNING id;
    ]
[parameters: ('adzuna', '5528344883', 'Machine Learning Engineer (PhD Intern)', 'Instacart', 'Huntsville', 'Walker County', None, False, 82347.37, 82347.37, 82347.37, 'https://www.adzuna.com/details/5528344883?utm_medium=api&utm_source=8d05c7a4', '2025-12-04')]
(Background on this error at: https://sqlalche.me/e/20/e3q8)
2026-04-12 19:08:21,023  WARNING     Skipping row due to error: (sqlite3.OperationalError) near "RETURNING": syntax error
[SQL: 
        INSERT INTO jobs
            (source, external_id, title, company, city, region, country,
             is_remote, salary_min, salary_max, salary_mid, url, date_posted)
        VALUES
            (?, ?, ?, ?, ?, ?, ?,
             ?, ?, ?, ?, ?, ?)
        ON CONFLICT (source, external_id) DO NOTHING
        RETURNING id;
    ]
[parameters: ('adzuna', '5528337049', 'Machine Learning Engineer (PhD Intern)', 'Instacart', 'Pensacola', 'Escambia County', None, False, 84940.61, 84940.61, 84940.61, 'https://www.adzuna.com/details/5528337049?utm_medium=api&utm_source=8d05c7a4', '2025-12-04')]
(Background on this error at: https://sqlalche.me/e/20/e3q8)
2026-04-12 19:08:21,023  WARNING     Skipping row due to error: (sqlite3.OperationalError) near "RETURNING": syntax error
[SQL: 
        INSERT INTO jobs
            (source, external_id, title, company, city, region, country,
             is_remote, salary_min, salary_max, salary_mid, url, date_posted)
        VALUES
            (?, ?, ?, ?, ?, ?, ?,
             ?, ?, ?, ?, ?, ?)
        ON CONFLICT (source, external_id) DO NOTHING
        RETURNING id;
    ]
[parameters: ('adzuna', '5528337029', 'Machine Learning Engineer (PhD Intern)', 'Instacart', 'US', None, None, False, 82894.11, 82894.11, 82894.11, 'https://www.adzuna.com/details/5528337029?utm_medium=api&utm_source=8d05c7a4', '2025-12-04')]
(Background on this error at: https://sqlalche.me/e/20/e3q8)
2026-04-12 19:08:21,025  WARNING     Skipping row due to error: (sqlite3.OperationalError) near "RETURNING": syntax error
[SQL: 
        INSERT INTO jobs
            (source, external_id, title, company, city, region, country,
             is_remote, salary_min, salary_max, salary_mid, url, date_posted)
        VALUES
            (?, ?, ?, ?, ?, ?, ?,
             ?, ?, ?, ?, ?, ?)
        ON CONFLICT (source, external_id) DO NOTHING
        RETURNING id;
    ]
[parameters: ('adzuna', '5528342120', 'Machine Learning Engineer (PhD Intern)', 'Instacart', 'Bellevue', 'King County', None, False, 88981.77, 88981.77, 88981.77, 'https://www.adzuna.com/details/5528342120?utm_medium=api&utm_source=8d05c7a4', '2025-12-04')]
(Background on this error at: https://sqlalche.me/e/20/e3q8)
2026-04-12 19:08:21,026  WARNING     Skipping row due to error: (sqlite3.OperationalError) near "RETURNING": syntax error
[SQL: 
        INSERT INTO jobs
            (source, external_id, title, company, city, region, country,
             is_remote, salary_min, salary_max, salary_mid, url, date_posted)
        VALUES
            (?, ?, ?, ?, ?, ?, ?,
             ?, ?, ?, ?, ?, ?)
        ON CONFLICT (source, external_id) DO NOTHING
        RETURNING id;
    ]
[parameters: ('adzuna', '5528342683', 'Machine Learning Engineer (PhD Intern)', 'Instacart', 'Meridian', 'Lauderdale County', None, False, 78073.18, 78073.18, 78073.18, 'https://www.adzuna.com/details/5528342683?utm_medium=api&utm_source=8d05c7a4', '2025-12-04')]
(Background on this error at: https://sqlalche.me/e/20/e3q8)
2026-04-12 19:08:21,026  WARNING     Skipping row due to error: (sqlite3.OperationalError) near "RETURNING": syntax error
[SQL: 
        INSERT INTO jobs
            (source, external_id, title, company, city, region, country,
             is_remote, salary_min, salary_max, salary_mid, url, date_posted)
        VALUES
            (?, ?, ?, ?, ?, ?, ?,
             ?, ?, ?, ?, ?, ?)
        ON CONFLICT (source, external_id) DO NOTHING
        RETURNING id;
    ]
[parameters: ('adzuna', '5528344606', 'Machine Learning Engineer (PhD Intern)', 'Instacart', 'Greeley', 'Weld County', None, False, 89266.68, 89266.68, 89266.68, 'https://www.adzuna.com/details/5528344606?utm_medium=api&utm_source=8d05c7a4', '2025-12-04')]
(Background on this error at: https://sqlalche.me/e/20/e3q8)
2026-04-12 19:08:21,027  WARNING     Skipping row due to error: (sqlite3.OperationalError) near "RETURNING": syntax error
[SQL: 
        INSERT INTO jobs
            (source, external_id, title, company, city, region, country,
             is_remote, salary_min, salary_max, salary_mid, url, date_posted)
        VALUES
            (?, ?, ?, ?, ?, ?, ?,
             ?, ?, ?, ?, ?, ?)
        ON CONFLICT (source, external_id) DO NOTHING
        RETURNING id;
    ]
[parameters: ('adzuna', '5528338108', 'Machine Learning Engineer (PhD Intern)', 'Instacart', 'Dover', 'Kent County', None, False, 91412.69, 91412.69, 91412.69, 'https://www.adzuna.com/details/5528338108?utm_medium=api&utm_source=8d05c7a4', '2025-12-04')]
(Background on this error at: https://sqlalche.me/e/20/e3q8)
2026-04-12 19:08:21,028  WARNING     Skipping row due to error: (sqlite3.OperationalError) near "RETURNING": syntax error
[SQL: 
        INSERT INTO jobs
            (source, external_id, title, company, city, region, country,
             is_remote, salary_min, salary_max, salary_mid, url, date_posted)
        VALUES
            (?, ?, ?, ?, ?, ?, ?,
             ?, ?, ?, ?, ?, ?)
        ON CONFLICT (source, external_id) DO NOTHING
        RETURNING id;
    ]
[parameters: ('adzuna', '5689175992', 'Backend Developer', 'Kforce Technology Staffing', 'South Boston', 'Suffolk County', None, False, 131487.22, 131487.22, 131487.22, 'https://www.adzuna.com/land/ad/5689175992?se=1i2zAFE28RG_J8d0bkVF5A&utm_medium=api&utm_source=8d05c7a4&v=4591728B6FD897C19B8EE1BA41E9DC476CBC6066', '2026-04-03')]
(Background on this error at: https://sqlalche.me/e/20/e3q8)
2026-04-12 19:08:21,029  WARNING     Skipping row due to error: (sqlite3.OperationalError) near "RETURNING": syntax error
[SQL: 
        INSERT INTO jobs
            (source, external_id, title, company, city, region, country,
             is_remote, salary_min, salary_max, salary_mid, url, date_posted)
        VALUES
            (?, ?, ?, ?, ?, ?, ?,
             ?, ?, ?, ?, ?, ?)
        ON CONFLICT (source, external_id) DO NOTHING
        RETURNING id;
    ]
[parameters: ('adzuna', '5692226783', 'Backend Developer', 'Kforce Technology Staffing', 'Salt Lake City', 'Salt Lake County', None, False, 153211.44, 153211.44, 153211.44, 'https://www.adzuna.com/land/ad/5692226783?se=1i2zAFE28RG_J8d0bkVF5A&utm_medium=api&utm_source=8d05c7a4&v=C3459D92571EA2327DA6668942DC4CC8B448570C', '2026-04-07')]
(Background on this error at: https://sqlalche.me/e/20/e3q8)
2026-04-12 19:08:21,031  WARNING     Skipping row due to error: (sqlite3.OperationalError) near "RETURNING": syntax error
[SQL: 
        INSERT INTO jobs
            (source, external_id, title, company, city, region, country,
             is_remote, salary_min, salary_max, salary_mid, url, date_posted)
        VALUES
            (?, ?, ?, ?, ?, ?, ?,
             ?, ?, ?, ?, ?, ?)
        ON CONFLICT (source, external_id) DO NOTHING
        RETURNING id;
    ]
[parameters: ('adzuna', '5679982501', 'Backend Developer', 'Insight Global', 'Normandy Park', 'King County', None, False, 120914.03, 120914.03, 120914.03, 'https://www.adzuna.com/land/ad/5679982501?se=1i2zAFE28RG_J8d0bkVF5A&utm_medium=api&utm_source=8d05c7a4&v=49AB854E1737D84420C557A94A81BEA73DA38348', '2026-03-27')]
(Background on this error at: https://sqlalche.me/e/20/e3q8)
2026-04-12 19:08:21,032  WARNING     Skipping row due to error: (sqlite3.OperationalError) near "RETURNING": syntax error
[SQL: 
        INSERT INTO jobs
            (source, external_id, title, company, city, region, country,
             is_remote, salary_min, salary_max, salary_mid, url, date_posted)
        VALUES
            (?, ?, ?, ?, ?, ?, ?,
             ?, ?, ?, ?, ?, ?)
        ON CONFLICT (source, external_id) DO NOTHING
        RETURNING id;
    ]
[parameters: ('adzuna', '5693757776', 'Backend Developer - .NET', 'Kforce Technology Staffing', 'Fremont', 'Alameda County', None, False, 140866.5, 140866.5, 140866.5, 'https://www.adzuna.com/land/ad/5693757776?se=1i2zAFE28RG_J8d0bkVF5A&utm_medium=api&utm_source=8d05c7a4&v=DB4AC766437C2852C1F8D4F014614E99B66CFD02', '2026-04-08')]
(Background on this error at: https://sqlalche.me/e/20/e3q8)
2026-04-12 19:08:21,033  WARNING     Skipping row due to error: (sqlite3.OperationalError) near "RETURNING": syntax error
[SQL: 
        INSERT INTO jobs
            (source, external_id, title, company, city, region, country,
             is_remote, salary_min, salary_max, salary_mid, url, date_posted)
        VALUES
            (?, ?, ?, ?, ?, ?, ?,
             ?, ?, ?, ?, ?, ?)
        ON CONFLICT (source, external_id) DO NOTHING
        RETURNING id;
    ]
[parameters: ('adzuna', '5680353498', 'AEM Backend Developer', 'Judge Group, Inc.', 'Irving', 'Dallas', None, False, 130345.09, 130345.09, 130345.09, 'https://www.adzuna.com/land/ad/5680353498?se=1i2zAFE28RG_J8d0bkVF5A&utm_medium=api&utm_source=8d05c7a4&v=DAFFECC9450C66E5B64145B168029BCCE993B4EB', '2026-03-27')]
(Background on this error at: https://sqlalche.me/e/20/e3q8)
2026-04-12 19:08:21,034  WARNING     Skipping row due to error: (sqlite3.OperationalError) near "RETURNING": syntax error
[SQL: 
        INSERT INTO jobs
            (source, external_id, title, company, city, region, country,
             is_remote, salary_min, salary_max, salary_mid, url, date_posted)
        VALUES
            (?, ?, ?, ?, ?, ?, ?,
             ?, ?, ?, ?, ?, ?)
        ON CONFLICT (source, external_id) DO NOTHING
        RETURNING id;
    ]
[parameters: ('adzuna', '5670241399', 'Sr Backend Developer', 'Insight Global', 'Billings', 'Dutchess County', None, False, 113438.29, 113438.29, 113438.29, 'https://www.adzuna.com/land/ad/5670241399?se=1i2zAFE28RG_J8d0bkVF5A&utm_medium=api&utm_source=8d05c7a4&v=F6B5FF34E50178E606403315F4F72BB104E45997', '2026-03-17')]
(Background on this error at: https://sqlalche.me/e/20/e3q8)
2026-04-12 19:08:21,035  WARNING     Skipping row due to error: (sqlite3.OperationalError) near "RETURNING": syntax error
[SQL: 
        INSERT INTO jobs
            (source, external_id, title, company, city, region, country,
             is_remote, salary_min, salary_max, salary_mid, url, date_posted)
        VALUES
            (?, ?, ?, ?, ?, ?, ?,
             ?, ?, ?, ?, ?, ?)
        ON CONFLICT (source, external_id) DO NOTHING
        RETURNING id;
    ]
[parameters: ('adzuna', '5692725203', 'Senior Java Backend Developer', 'Incedo Inc', 'Highland Park', 'Dallas', None, False, 123205.52, 123205.52, 123205.52, 'https://www.adzuna.com/land/ad/5692725203?se=1i2zAFE28RG_J8d0bkVF5A&utm_medium=api&utm_source=8d05c7a4&v=8D1CE4F408BF2C4E49205325E604F948647CA6CF', '2026-04-07')]
(Background on this error at: https://sqlalche.me/e/20/e3q8)
2026-04-12 19:08:21,036  WARNING     Skipping row due to error: (sqlite3.OperationalError) near "RETURNING": syntax error
[SQL: 
        INSERT INTO jobs
            (source, external_id, title, company, city, region, country,
             is_remote, salary_min, salary_max, salary_mid, url, date_posted)
        VALUES
            (?, ?, ?, ?, ?, ?, ?,
             ?, ?, ?, ?, ?, ?)
        ON CONFLICT (source, external_id) DO NOTHING
        RETURNING id;
    ]
[parameters: ('adzuna', '5680361655', 'Java Backend Developer (Cloud)', 'Business Intelli Solutions Inc', 'Texas', 'US', None, False, 125061.49, 125061.49, 125061.49, 'https://www.adzuna.com/land/ad/5680361655?se=1i2zAFE28RG_J8d0bkVF5A&utm_medium=api&utm_source=8d05c7a4&v=A9DD5F0AA850E4D491832F788CF56139436E5745', '2026-03-27')]
(Background on this error at: https://sqlalche.me/e/20/e3q8)
2026-04-12 19:08:21,037  WARNING     Skipping row due to error: (sqlite3.OperationalError) near "RETURNING": syntax error
[SQL: 
        INSERT INTO jobs
            (source, external_id, title, company, city, region, country,
             is_remote, salary_min, salary_max, salary_mid, url, date_posted)
        VALUES
            (?, ?, ?, ?, ?, ?, ?,
             ?, ?, ?, ?, ?, ?)
        ON CONFLICT (source, external_id) DO NOTHING
        RETURNING id;
    ]
[parameters: ('adzuna', '5680355723', 'Lead Backend Developer (Microservices)', 'EPAM Systems', 'US', None, None, False, 148001.1, 148001.1, 148001.1, 'https://www.adzuna.com/land/ad/5680355723?se=1i2zAFE28RG_J8d0bkVF5A&utm_medium=api&utm_source=8d05c7a4&v=0E4E57449B7DC10851660DDC1AA662082618D6ED', '2026-03-27')]
(Background on this error at: https://sqlalche.me/e/20/e3q8)
2026-04-12 19:08:21,038  WARNING     Skipping row due to error: (sqlite3.OperationalError) near "RETURNING": syntax error
[SQL: 
        INSERT INTO jobs
            (source, external_id, title, company, city, region, country,
             is_remote, salary_min, salary_max, salary_mid, url, date_posted)
        VALUES
            (?, ?, ?, ?, ?, ?, ?,
             ?, ?, ?, ?, ?, ?)
        ON CONFLICT (source, external_id) DO NOTHING
        RETURNING id;
    ]
[parameters: ('adzuna', '5680976231', 'Backend Developer (INTL)', 'Insight Global', 'Normandy Park', 'King County', None, False, 120914.03, 120914.03, 120914.03, 'https://www.adzuna.com/land/ad/5680976231?se=1i2zAFE28RG_J8d0bkVF5A&utm_medium=api&utm_source=8d05c7a4&v=7AD18A60C943775B4AC66A05969D64718060BC8B', '2026-03-28')]
(Background on this error at: https://sqlalche.me/e/20/e3q8)
2026-04-12 19:08:21,039  WARNING     Skipping row due to error: (sqlite3.OperationalError) near "RETURNING": syntax error
[SQL: 
        INSERT INTO jobs
            (source, external_id, title, company, city, region, country,
             is_remote, salary_min, salary_max, salary_mid, url, date_posted)
        VALUES
            (?, ?, ?, ?, ?, ?, ?,
             ?, ?, ?, ?, ?, ?)
        ON CONFLICT (source, external_id) DO NOTHING
        RETURNING id;
    ]
[parameters: ('adzuna', '5061354865', 'API Backend Developer', 'US Tech Solutions', 'Pico Heights', 'Los Angeles County', None, False, 110538.5, 110538.5, 110538.5, 'https://www.adzuna.com/land/ad/5061354865?se=1i2zAFE28RG_J8d0bkVF5A&utm_medium=api&utm_source=8d05c7a4&v=BCBD33329C38E65D5EDA8FDBD823D12F6CAECA02', '2025-02-23')]
(Background on this error at: https://sqlalche.me/e/20/e3q8)
2026-04-12 19:08:21,040  WARNING     Skipping row due to error: (sqlite3.OperationalError) near "RETURNING": syntax error
[SQL: 
        INSERT INTO jobs
            (source, external_id, title, company, city, region, country,
             is_remote, salary_min, salary_max, salary_mid, url, date_posted)
        VALUES
            (?, ?, ?, ?, ?, ?, ?,
             ?, ?, ?, ?, ?, ?)
        ON CONFLICT (source, external_id) DO NOTHING
        RETURNING id;
    ]
[parameters: ('adzuna', '5680359417', 'Blockchain Java Backend Developer', 'Judge Group, Inc.', 'Grand Central', 'Manhattan', None, False, 201953.86, 201953.86, 201953.86, 'https://www.adzuna.com/land/ad/5680359417?se=1i2zAFE28RG_J8d0bkVF5A&utm_medium=api&utm_source=8d05c7a4&v=8FC3544AC5B4E6A6A813D858436E6BFEA102747B', '2026-03-27')]
(Background on this error at: https://sqlalche.me/e/20/e3q8)
2026-04-12 19:08:21,041  WARNING     Skipping row due to error: (sqlite3.OperationalError) near "RETURNING": syntax error
[SQL: 
        INSERT INTO jobs
            (source, external_id, title, company, city, region, country,
             is_remote, salary_min, salary_max, salary_mid, url, date_posted)
        VALUES
            (?, ?, ?, ?, ?, ?, ?,
             ?, ?, ?, ?, ?, ?)
        ON CONFLICT (source, external_id) DO NOTHING
        RETURNING id;
    ]
[parameters: ('adzuna', '5693963963', 'Backend Developer: Ecommerce Python Onsite', 'Kforce Technology Staffing', 'San Ramon', 'Contra Costa County', None, False, 139202.52, 139202.52, 139202.52, 'https://www.adzuna.com/land/ad/5693963963?se=1i2zAFE28RG_J8d0bkVF5A&utm_medium=api&utm_source=8d05c7a4&v=EEAAEE0659813E2082F9A5647938AC949D164B25', '2026-04-08')]
(Background on this error at: https://sqlalche.me/e/20/e3q8)
2026-04-12 19:08:21,041  WARNING     Skipping row due to error: (sqlite3.OperationalError) near "RETURNING": syntax error
[SQL: 
        INSERT INTO jobs
            (source, external_id, title, company, city, region, country,
             is_remote, salary_min, salary_max, salary_mid, url, date_posted)
        VALUES
            (?, ?, ?, ?, ?, ?, ?,
             ?, ?, ?, ?, ?, ?)
        ON CONFLICT (source, external_id) DO NOTHING
        RETURNING id;
    ]
[parameters: ('adzuna', '5686632012', 'Senior Java Backend Developer', 'Cognizant', 'Bentonville', 'Benton County', None, False, 130957.87, 130957.87, 130957.87, 'https://www.adzuna.com/land/ad/5686632012?se=1i2zAFE28RG_J8d0bkVF5A&utm_medium=api&utm_source=8d05c7a4&v=B9EB6B0347E772AFF811A7C57804F77E3E8EB1C6', '2026-04-01')]
(Background on this error at: https://sqlalche.me/e/20/e3q8)
2026-04-12 19:08:21,042  WARNING     Skipping row due to error: (sqlite3.OperationalError) near "RETURNING": syntax error
[SQL: 
        INSERT INTO jobs
            (source, external_id, title, company, city, region, country,
             is_remote, salary_min, salary_max, salary_mid, url, date_posted)
        VALUES
            (?, ?, ?, ?, ?, ?, ?,
             ?, ?, ?, ?, ?, ?)
        ON CONFLICT (source, external_id) DO NOTHING
        RETURNING id;
    ]
[parameters: ('adzuna', '5657072459', 'Backend Developer (Java) - INTL India', 'Insight Global', 'Smyrna', 'Cobb County', None, False, 82895.61, 82895.61, 82895.61, 'https://www.adzuna.com/land/ad/5657072459?se=1i2zAFE28RG_J8d0bkVF5A&utm_medium=api&utm_source=8d05c7a4&v=48FD7931159B5A378211A13E86107253AA504FCA', '2026-03-06')]
(Background on this error at: https://sqlalche.me/e/20/e3q8)
2026-04-12 19:08:21,044  WARNING     Skipping row due to error: (sqlite3.OperationalError) near "RETURNING": syntax error
[SQL: 
        INSERT INTO jobs
            (source, external_id, title, company, city, region, country,
             is_remote, salary_min, salary_max, salary_mid, url, date_posted)
        VALUES
            (?, ?, ?, ?, ?, ?, ?,
             ?, ?, ?, ?, ?, ?)
        ON CONFLICT (source, external_id) DO NOTHING
        RETURNING id;
    ]
[parameters: ('adzuna', '5686632014', 'Senior Java Backend Developer (Remote)', 'Cognizant', 'Bentonville', 'Benton County', None, False, 145922.23, 145922.23, 145922.23, 'https://www.adzuna.com/land/ad/5686632014?se=1i2zAFE28RG_J8d0bkVF5A&utm_medium=api&utm_source=8d05c7a4&v=BA90CC3E0477B4AE3B64BCD0DD26C62E4C462631', '2026-04-01')]
(Background on this error at: https://sqlalche.me/e/20/e3q8)
2026-04-12 19:08:21,045  WARNING     Skipping row due to error: (sqlite3.OperationalError) near "RETURNING": syntax error
[SQL: 
        INSERT INTO jobs
            (source, external_id, title, company, city, region, country,
             is_remote, salary_min, salary_max, salary_mid, url, date_posted)
        VALUES
            (?, ?, ?, ?, ?, ?, ?,
             ?, ?, ?, ?, ?, ?)
        ON CONFLICT (source, external_id) DO NOTHING
        RETURNING id;
    ]
[parameters: ('adzuna', '5694055593', 'Lead Payments Java Backend Developer', 'Wells Fargo', 'Iselin', 'Middlesex County', None, False, 202295.83, 202295.83, 202295.83, 'https://www.adzuna.com/land/ad/5694055593?se=1i2zAFE28RG_J8d0bkVF5A&utm_medium=api&utm_source=8d05c7a4&v=FAA1F5C8A54973F8AF7DEEEB8DC2FCFAB6CBD29F', '2026-04-08')]
(Background on this error at: https://sqlalche.me/e/20/e3q8)
2026-04-12 19:08:21,048  WARNING     Skipping row due to error: (sqlite3.OperationalError) near "RETURNING": syntax error
[SQL: 
        INSERT INTO jobs
            (source, external_id, title, company, city, region, country,
             is_remote, salary_min, salary_max, salary_mid, url, date_posted)
        VALUES
            (?, ?, ?, ?, ?, ?, ?,
             ?, ?, ?, ?, ?, ?)
        ON CONFLICT (source, external_id) DO NOTHING
        RETURNING id;
    ]
[parameters: ('adzuna', '5694043396', 'Lead Payments Java Backend Developer', 'Wells Fargo', 'Charlotte', 'Mecklenburg County', None, False, 157623.44, 157623.44, 157623.44, 'https://www.adzuna.com/land/ad/5694043396?se=1i2zAFE28RG_J8d0bkVF5A&utm_medium=api&utm_source=8d05c7a4&v=8B3346EC9E24A4AB671B06B363E433D5AD05B640', '2026-04-08')]
(Background on this error at: https://sqlalche.me/e/20/e3q8)
2026-04-12 19:08:21,050  WARNING     Skipping row due to error: (sqlite3.OperationalError) near "RETURNING": syntax error
[SQL: 
        INSERT INTO jobs
            (source, external_id, title, company, city, region, country,
             is_remote, salary_min, salary_max, salary_mid, url, date_posted)
        VALUES
            (?, ?, ?, ?, ?, ?, ?,
             ?, ?, ?, ?, ?, ?)
        ON CONFLICT (source, external_id) DO NOTHING
        RETURNING id;
    ]
[parameters: ('adzuna', '5694031209', 'Lead Payments Java Backend Developer', 'Wells Fargo', 'Chandler', 'Maricopa County', None, False, 194614.1, 194614.1, 194614.1, 'https://www.adzuna.com/land/ad/5694031209?se=1i2zAFE28RG_J8d0bkVF5A&utm_medium=api&utm_source=8d05c7a4&v=263EA848902E26DE35C40721F88FC91858600380', '2026-04-08')]
(Background on this error at: https://sqlalche.me/e/20/e3q8)
2026-04-12 19:08:21,051  WARNING     Skipping row due to error: (sqlite3.OperationalError) near "RETURNING": syntax error
[SQL: 
        INSERT INTO jobs
            (source, external_id, title, company, city, region, country,
             is_remote, salary_min, salary_max, salary_mid, url, date_posted)
        VALUES
            (?, ?, ?, ?, ?, ?, ?,
             ?, ?, ?, ?, ?, ?)
        ON CONFLICT (source, external_id) DO NOTHING
        RETURNING id;
    ]
[parameters: ('adzuna', '5696099238', 'Senior Backend Developer/ DevSecOps Engineer', 'Humana', 'Annapolis', 'Anne Arundel County', None, False, 181650.61, 181650.61, 181650.61, 'https://www.adzuna.com/land/ad/5696099238?se=1i2zAFE28RG_J8d0bkVF5A&utm_medium=api&utm_source=8d05c7a4&v=3AD80C6F43ADE3DD5187233CAEE5E6ECB935D9A2', '2026-04-10')]
(Background on this error at: https://sqlalche.me/e/20/e3q8)
2026-04-12 19:08:21,052  WARNING     Skipping row due to error: (sqlite3.OperationalError) near "RETURNING": syntax error
[SQL: 
        INSERT INTO jobs
            (source, external_id, title, company, city, region, country,
             is_remote, salary_min, salary_max, salary_mid, url, date_posted)
        VALUES
            (?, ?, ?, ?, ?, ?, ?,
             ?, ?, ?, ?, ?, ?)
        ON CONFLICT (source, external_id) DO NOTHING
        RETURNING id;
    ]
[parameters: ('adzuna', '5696176857', 'Senior Backend Developer/ DevSecOps Engineer', 'Humana', 'Augusta', 'Kennebec County', None, False, 198356.77, 198356.77, 198356.77, 'https://www.adzuna.com/land/ad/5696176857?se=1i2zAFE28RG_J8d0bkVF5A&utm_medium=api&utm_source=8d05c7a4&v=8E6A5FB5C7CB6F92F045C86663656D6B904A660C', '2026-04-10')]
(Background on this error at: https://sqlalche.me/e/20/e3q8)
2026-04-12 19:08:21,053  WARNING     Skipping row due to error: (sqlite3.OperationalError) near "RETURNING": syntax error
[SQL: 
        INSERT INTO jobs
            (source, external_id, title, company, city, region, country,
             is_remote, salary_min, salary_max, salary_mid, url, date_posted)
        VALUES
            (?, ?, ?, ?, ?, ?, ?,
             ?, ?, ?, ?, ?, ?)
        ON CONFLICT (source, external_id) DO NOTHING
        RETURNING id;
    ]
[parameters: ('adzuna', '5696176761', 'Senior Backend Developer/ DevSecOps Engineer', 'Humana', 'Helena', 'Lewis and Clark County', None, False, 150726.55, 150726.55, 150726.55, 'https://www.adzuna.com/land/ad/5696176761?se=1i2zAFE28RG_J8d0bkVF5A&utm_medium=api&utm_source=8d05c7a4&v=8C64C8F0340306013C8B09CD3203E84304153700', '2026-04-10')]
(Background on this error at: https://sqlalche.me/e/20/e3q8)
2026-04-12 19:08:21,054  WARNING     Skipping row due to error: (sqlite3.OperationalError) near "RETURNING": syntax error
[SQL: 
        INSERT INTO jobs
            (source, external_id, title, company, city, region, country,
             is_remote, salary_min, salary_max, salary_mid, url, date_posted)
        VALUES
            (?, ?, ?, ?, ?, ?, ?,
             ?, ?, ?, ?, ?, ?)
        ON CONFLICT (source, external_id) DO NOTHING
        RETURNING id;
    ]
[parameters: ('adzuna', '5696176854', 'Senior Backend Developer/ DevSecOps Engineer', 'Humana', 'Wake Island', 'Honolulu', None, False, 136633.58, 136633.58, 136633.58, 'https://www.adzuna.com/land/ad/5696176854?se=1i2zAFE28RG_J8d0bkVF5A&utm_medium=api&utm_source=8d05c7a4&v=3165A318B5542A9260FBE99C70E15642390BE831', '2026-04-10')]
(Background on this error at: https://sqlalche.me/e/20/e3q8)
2026-04-12 19:08:21,055  WARNING     Skipping row due to error: (sqlite3.OperationalError) near "RETURNING": syntax error
[SQL: 
        INSERT INTO jobs
            (source, external_id, title, company, city, region, country,
             is_remote, salary_min, salary_max, salary_mid, url, date_posted)
        VALUES
            (?, ?, ?, ?, ?, ?, ?,
             ?, ?, ?, ?, ?, ?)
        ON CONFLICT (source, external_id) DO NOTHING
        RETURNING id;
    ]
[parameters: ('adzuna', '5696231505', 'Senior Backend Developer/ DevSecOps Engineer', 'Humana', 'Atlanta', 'Fulton County', None, False, 207851.53, 207851.53, 207851.53, 'https://www.adzuna.com/land/ad/5696231505?se=1i2zAFE28RG_J8d0bkVF5A&utm_medium=api&utm_source=8d05c7a4&v=D04EAE271B984E5F0B962CF90CDBBCF0797C811E', '2026-04-10')]
(Background on this error at: https://sqlalche.me/e/20/e3q8)
2026-04-12 19:08:21,056  WARNING     Skipping row due to error: (sqlite3.OperationalError) near "RETURNING": syntax error
[SQL: 
        INSERT INTO jobs
            (source, external_id, title, company, city, region, country,
             is_remote, salary_min, salary_max, salary_mid, url, date_posted)
        VALUES
            (?, ?, ?, ?, ?, ?, ?,
             ?, ?, ?, ?, ?, ?)
        ON CONFLICT (source, external_id) DO NOTHING
        RETURNING id;
    ]
[parameters: ('adzuna', '5696262349', 'Senior Backend Developer/ DevSecOps Engineer', 'Humana', 'Carson Mall', 'Carson City', None, False, 155564.52, 155564.52, 155564.52, 'https://www.adzuna.com/land/ad/5696262349?se=1i2zAFE28RG_J8d0bkVF5A&utm_medium=api&utm_source=8d05c7a4&v=7ED0F140F65B3BF89C25052D7E8D50A30F596A9E', '2026-04-10')]
(Background on this error at: https://sqlalche.me/e/20/e3q8)
2026-04-12 19:08:21,058  WARNING     Skipping row due to error: (sqlite3.OperationalError) near "RETURNING": syntax error
[SQL: 
        INSERT INTO jobs
            (source, external_id, title, company, city, region, country,
             is_remote, salary_min, salary_max, salary_mid, url, date_posted)
        VALUES
            (?, ?, ?, ?, ?, ?, ?,
             ?, ?, ?, ?, ?, ?)
        ON CONFLICT (source, external_id) DO NOTHING
        RETURNING id;
    ]
[parameters: ('adzuna', '5696262132', 'Senior Backend Developer/ DevSecOps Engineer', 'Humana', 'Cedar', 'Cole County', None, False, 157316.78, 157316.78, 157316.78, 'https://www.adzuna.com/land/ad/5696262132?se=1i2zAFE28RG_J8d0bkVF5A&utm_medium=api&utm_source=8d05c7a4&v=853B2A8D405F54B6677A858372DB9C0497D2B08B', '2026-04-10')]
(Background on this error at: https://sqlalche.me/e/20/e3q8)
2026-04-12 19:08:21,059  WARNING     Skipping row due to error: (sqlite3.OperationalError) near "RETURNING": syntax error
[SQL: 
        INSERT INTO jobs
            (source, external_id, title, company, city, region, country,
             is_remote, salary_min, salary_max, salary_mid, url, date_posted)
        VALUES
            (?, ?, ?, ?, ?, ?, ?,
             ?, ?, ?, ?, ?, ?)
        ON CONFLICT (source, external_id) DO NOTHING
        RETURNING id;
    ]
[parameters: ('adzuna', '5696262464', 'Senior Backend Developer/ DevSecOps Engineer', 'Humana', 'Concord', 'Merrimack County', None, False, 218424.8, 218424.8, 218424.8, 'https://www.adzuna.com/land/ad/5696262464?se=1i2zAFE28RG_J8d0bkVF5A&utm_medium=api&utm_source=8d05c7a4&v=BEE7D1AD21BFA8E12BC2010F3B346645F0575DE7', '2026-04-10')]
(Background on this error at: https://sqlalche.me/e/20/e3q8)
2026-04-12 19:08:21,061  WARNING     Skipping row due to error: (sqlite3.OperationalError) near "RETURNING": syntax error
[SQL: 
        INSERT INTO jobs
            (source, external_id, title, company, city, region, country,
             is_remote, salary_min, salary_max, salary_mid, url, date_posted)
        VALUES
            (?, ?, ?, ?, ?, ?, ?,
             ?, ?, ?, ?, ?, ?)
        ON CONFLICT (source, external_id) DO NOTHING
        RETURNING id;
    ]
[parameters: ('adzuna', '5696206976', 'Senior Backend Developer/ DevSecOps Engineer', 'Humana', 'Talcott Village', 'Hartford County', None, False, 159686.3, 159686.3, 159686.3, 'https://www.adzuna.com/land/ad/5696206976?se=1i2zAFE28RG_J8d0bkVF5A&utm_medium=api&utm_source=8d05c7a4&v=E5E876225F8CD01320666EC792E5D8DDBA82DDB1', '2026-04-10')]
(Background on this error at: https://sqlalche.me/e/20/e3q8)
2026-04-12 19:08:21,062  WARNING     Skipping row due to error: (sqlite3.OperationalError) near "RETURNING": syntax error
[SQL: 
        INSERT INTO jobs
            (source, external_id, title, company, city, region, country,
             is_remote, salary_min, salary_max, salary_mid, url, date_posted)
        VALUES
            (?, ?, ?, ?, ?, ?, ?,
             ?, ?, ?, ?, ?, ?)
        ON CONFLICT (source, external_id) DO NOTHING
        RETURNING id;
    ]
[parameters: ('adzuna', '5696209386', 'Senior Backend Developer/ DevSecOps Engineer', 'Humana', 'Chisolm', 'Montgomery County', None, False, 131506.9, 131506.9, 131506.9, 'https://www.adzuna.com/land/ad/5696209386?se=1i2zAFE28RG_J8d0bkVF5A&utm_medium=api&utm_source=8d05c7a4&v=A4873B1786EE4741987DA99C2597D3AD03A8E47D', '2026-04-10')]
(Background on this error at: https://sqlalche.me/e/20/e3q8)
2026-04-12 19:08:21,063  WARNING     Skipping row due to error: (sqlite3.OperationalError) near "RETURNING": syntax error
[SQL: 
        INSERT INTO jobs
            (source, external_id, title, company, city, region, country,
             is_remote, salary_min, salary_max, salary_mid, url, date_posted)
        VALUES
            (?, ?, ?, ?, ?, ?, ?,
             ?, ?, ?, ?, ?, ?)
        ON CONFLICT (source, external_id) DO NOTHING
        RETURNING id;
    ]
[parameters: ('adzuna', '5696209959', 'Senior Backend Developer/ DevSecOps Engineer', 'Humana', 'Phoenix', 'Maricopa County', None, False, 140575.02, 140575.02, 140575.02, 'https://www.adzuna.com/land/ad/5696209959?se=1i2zAFE28RG_J8d0bkVF5A&utm_medium=api&utm_source=8d05c7a4&v=B41260C358BE0834D297042A8AD8D1483C070C37', '2026-04-10')]
(Background on this error at: https://sqlalche.me/e/20/e3q8)
2026-04-12 19:08:21,064  WARNING     Skipping row due to error: (sqlite3.OperationalError) near "RETURNING": syntax error
[SQL: 
        INSERT INTO jobs
            (source, external_id, title, company, city, region, country,
             is_remote, salary_min, salary_max, salary_mid, url, date_posted)
        VALUES
            (?, ?, ?, ?, ?, ?, ?,
             ?, ?, ?, ?, ?, ?)
        ON CONFLICT (source, external_id) DO NOTHING
        RETURNING id;
    ]
[parameters: ('adzuna', '5696206136', 'Senior Backend Developer/ DevSecOps Engineer', 'Humana', 'Cammack Village', 'Pulaski County', None, False, 221952.95, 221952.95, 221952.95, 'https://www.adzuna.com/land/ad/5696206136?se=1i2zAFE28RG_J8d0bkVF5A&utm_medium=api&utm_source=8d05c7a4&v=A453C059CC06CB8729174B9C063D2843C119401D', '2026-04-10')]
(Background on this error at: https://sqlalche.me/e/20/e3q8)
2026-04-12 19:08:21,065  WARNING     Skipping row due to error: (sqlite3.OperationalError) near "RETURNING": syntax error
[SQL: 
        INSERT INTO jobs
            (source, external_id, title, company, city, region, country,
             is_remote, salary_min, salary_max, salary_mid, url, date_posted)
        VALUES
            (?, ?, ?, ?, ?, ?, ?,
             ?, ?, ?, ?, ?, ?)
        ON CONFLICT (source, external_id) DO NOTHING
        RETURNING id;
    ]
[parameters: ('adzuna', '5696206990', 'Senior Backend Developer/ DevSecOps Engineer', 'Humana', 'Baton Rouge', 'East Baton Rouge Parish', None, False, 144124.42, 144124.42, 144124.42, 'https://www.adzuna.com/land/ad/5696206990?se=1i2zAFE28RG_J8d0bkVF5A&utm_medium=api&utm_source=8d05c7a4&v=FFD4758B6B7957FDD3B68582EFE138681112B9EA', '2026-04-10')]
(Background on this error at: https://sqlalche.me/e/20/e3q8)
2026-04-12 19:08:21,066  WARNING     Skipping row due to error: (sqlite3.OperationalError) near "RETURNING": syntax error
[SQL: 
        INSERT INTO jobs
            (source, external_id, title, company, city, region, country,
             is_remote, salary_min, salary_max, salary_mid, url, date_posted)
        VALUES
            (?, ?, ?, ?, ?, ?, ?,
             ?, ?, ?, ?, ?, ?)
        ON CONFLICT (source, external_id) DO NOTHING
        RETURNING id;
    ]
[parameters: ('adzuna', '5696210836', 'Senior Backend Developer/ DevSecOps Engineer', 'Humana', 'Glendale', 'Denver', None, False, 173986.89, 173986.89, 173986.89, 'https://www.adzuna.com/land/ad/5696210836?se=1i2zAFE28RG_J8d0bkVF5A&utm_medium=api&utm_source=8d05c7a4&v=EC53D3D3A409AE815F4E50F2B046783AD9438F3F', '2026-04-10')]
(Background on this error at: https://sqlalche.me/e/20/e3q8)
2026-04-12 19:08:21,067  WARNING     Skipping row due to error: (sqlite3.OperationalError) near "RETURNING": syntax error
[SQL: 
        INSERT INTO jobs
            (source, external_id, title, company, city, region, country,
             is_remote, salary_min, salary_max, salary_mid, url, date_posted)
        VALUES
            (?, ?, ?, ?, ?, ?, ?,
             ?, ?, ?, ?, ?, ?)
        ON CONFLICT (source, external_id) DO NOTHING
        RETURNING id;
    ]
[parameters: ('adzuna', '5696188774', 'Senior Backend Developer/ DevSecOps Engineer', 'Humana', 'Salem', 'Marion County', None, False, 141255.95, 141255.95, 141255.95, 'https://www.adzuna.com/land/ad/5696188774?se=1i2zAFE28RG_J8d0bkVF5A&utm_medium=api&utm_source=8d05c7a4&v=89BC578CEF20B5CD1D4DC41374F322032E1EFE8E', '2026-04-10')]
(Background on this error at: https://sqlalche.me/e/20/e3q8)
2026-04-12 19:08:21,068  WARNING     Skipping row due to error: (sqlite3.OperationalError) near "RETURNING": syntax error
[SQL: 
        INSERT INTO jobs
            (source, external_id, title, company, city, region, country,
             is_remote, salary_min, salary_max, salary_mid, url, date_posted)
        VALUES
            (?, ?, ?, ?, ?, ?, ?,
             ?, ?, ?, ?, ?, ?)
        ON CONFLICT (source, external_id) DO NOTHING
        RETURNING id;
    ]
[parameters: ('adzuna', '5696196846', 'Senior Backend Developer/ DevSecOps Engineer', 'Humana', 'Archer', 'Laramie County', None, False, 170990.64, 170990.64, 170990.64, 'https://www.adzuna.com/land/ad/5696196846?se=1i2zAFE28RG_J8d0bkVF5A&utm_medium=api&utm_source=8d05c7a4&v=E8C9BD2BEF5835E4AF487349118E6A1CF8ADF082', '2026-04-10')]
(Background on this error at: https://sqlalche.me/e/20/e3q8)
2026-04-12 19:08:21,069  WARNING     Skipping row due to error: (sqlite3.OperationalError) near "RETURNING": syntax error
[SQL: 
        INSERT INTO jobs
            (source, external_id, title, company, city, region, country,
             is_remote, salary_min, salary_max, salary_mid, url, date_posted)
        VALUES
            (?, ?, ?, ?, ?, ?, ?,
             ?, ?, ?, ?, ?, ?)
        ON CONFLICT (source, external_id) DO NOTHING
        RETURNING id;
    ]
[parameters: ('adzuna', '5696197231', 'Senior Backend Developer/ DevSecOps Engineer', 'Humana', 'Edgewood', 'Richland County', None, False, 146996.47, 146996.47, 146996.47, 'https://www.adzuna.com/land/ad/5696197231?se=1i2zAFE28RG_J8d0bkVF5A&utm_medium=api&utm_source=8d05c7a4&v=1F8CE31B82F864079D67308266454204418BAFA2', '2026-04-10')]
(Background on this error at: https://sqlalche.me/e/20/e3q8)
2026-04-12 19:08:21,070  WARNING     Skipping row due to error: (sqlite3.OperationalError) near "RETURNING": syntax error
[SQL: 
        INSERT INTO jobs
            (source, external_id, title, company, city, region, country,
             is_remote, salary_min, salary_max, salary_mid, url, date_posted)
        VALUES
            (?, ?, ?, ?, ?, ?, ?,
             ?, ?, ?, ?, ?, ?)
        ON CONFLICT (source, external_id) DO NOTHING
        RETURNING id;
    ]
[parameters: ('adzuna', '5696199240', 'Senior Backend Developer/ DevSecOps Engineer', 'Humana', 'Urbanización El Vedado', 'San Juan', None, False, 143406.95, 143406.95, 143406.95, 'https://www.adzuna.com/land/ad/5696199240?se=1i2zAFE28RG_J8d0bkVF5A&utm_medium=api&utm_source=8d05c7a4&v=4EA36001323221E55F79FEB26E35926FA08D6852', '2026-04-10')]
(Background on this error at: https://sqlalche.me/e/20/e3q8)
2026-04-12 19:08:21,071  WARNING     Skipping row due to error: (sqlite3.OperationalError) near "RETURNING": syntax error
[SQL: 
        INSERT INTO jobs
            (source, external_id, title, company, city, region, country,
             is_remote, salary_min, salary_max, salary_mid, url, date_posted)
        VALUES
            (?, ?, ?, ?, ?, ?, ?,
             ?, ?, ?, ?, ?, ?)
        ON CONFLICT (source, external_id) DO NOTHING
        RETURNING id;
    ]
[parameters: ('adzuna', '5696199888', 'Senior Backend Developer/ DevSecOps Engineer', 'Humana', 'Washington', 'D.C.', 'US', False, 150530.03, 150530.03, 150530.03, 'https://www.adzuna.com/land/ad/5696199888?se=1i2zAFE28RG_J8d0bkVF5A&utm_medium=api&utm_source=8d05c7a4&v=16BB564885938CCB6D0984415F857AF1600664F6', '2026-04-10')]
(Background on this error at: https://sqlalche.me/e/20/e3q8)
2026-04-12 19:08:21,073  WARNING     Skipping row due to error: (sqlite3.OperationalError) near "RETURNING": syntax error
[SQL: 
        INSERT INTO jobs
            (source, external_id, title, company, city, region, country,
             is_remote, salary_min, salary_max, salary_mid, url, date_posted)
        VALUES
            (?, ?, ?, ?, ?, ?, ?,
             ?, ?, ?, ?, ?, ?)
        ON CONFLICT (source, external_id) DO NOTHING
        RETURNING id;
    ]
[parameters: ('adzuna', '5696200730', 'Senior Backend Developer/ DevSecOps Engineer', 'Humana', 'Boise', 'Ada County', None, False, 145830.55, 145830.55, 145830.55, 'https://www.adzuna.com/land/ad/5696200730?se=1i2zAFE28RG_J8d0bkVF5A&utm_medium=api&utm_source=8d05c7a4&v=0F1A3A495638B3B9D44DFAC9242D2F9509133CBB', '2026-04-10')]
(Background on this error at: https://sqlalche.me/e/20/e3q8)
2026-04-12 19:08:21,074  WARNING     Skipping row due to error: (sqlite3.OperationalError) near "RETURNING": syntax error
[SQL: 
        INSERT INTO jobs
            (source, external_id, title, company, city, region, country,
             is_remote, salary_min, salary_max, salary_mid, url, date_posted)
        VALUES
            (?, ?, ?, ?, ?, ?, ?,
             ?, ?, ?, ?, ?, ?)
        ON CONFLICT (source, external_id) DO NOTHING
        RETURNING id;
    ]
[parameters: ('adzuna', '5696199332', 'Senior Backend Developer/ DevSecOps Engineer', 'Humana', 'Wyoming', 'Kent County', None, False, 186305.19, 186305.19, 186305.19, 'https://www.adzuna.com/land/ad/5696199332?se=1i2zAFE28RG_J8d0bkVF5A&utm_medium=api&utm_source=8d05c7a4&v=11860A2A17DDADABAD1123C9FBED80B6618A7718', '2026-04-10')]
(Background on this error at: https://sqlalche.me/e/20/e3q8)
2026-04-12 19:08:21,075  WARNING     Skipping row due to error: (sqlite3.OperationalError) near "RETURNING": syntax error
[SQL: 
        INSERT INTO jobs
            (source, external_id, title, company, city, region, country,
             is_remote, salary_min, salary_max, salary_mid, url, date_posted)
        VALUES
            (?, ?, ?, ?, ?, ?, ?,
             ?, ?, ?, ?, ?, ?)
        ON CONFLICT (source, external_id) DO NOTHING
        RETURNING id;
    ]
[parameters: ('adzuna', '5696200371', 'Senior Backend Developer/ DevSecOps Engineer', 'Humana', 'Bismarck', 'Burleigh County', None, False, 141520.52, 141520.52, 141520.52, 'https://www.adzuna.com/land/ad/5696200371?se=1i2zAFE28RG_J8d0bkVF5A&utm_medium=api&utm_source=8d05c7a4&v=7653BB65D7DBC20F133333A981721ADF35205284', '2026-04-10')]
(Background on this error at: https://sqlalche.me/e/20/e3q8)
2026-04-12 19:08:21,076  WARNING     Skipping row due to error: (sqlite3.OperationalError) near "RETURNING": syntax error
[SQL: 
        INSERT INTO jobs
            (source, external_id, title, company, city, region, country,
             is_remote, salary_min, salary_max, salary_mid, url, date_posted)
        VALUES
            (?, ?, ?, ?, ?, ?, ?,
             ?, ?, ?, ?, ?, ?)
        ON CONFLICT (source, external_id) DO NOTHING
        RETURNING id;
    ]
[parameters: ('adzuna', '5696221687', 'Senior Backend Developer/ DevSecOps Engineer', 'Humana', 'Lansing', 'Ingham County', None, False, 155315.62, 155315.62, 155315.62, 'https://www.adzuna.com/land/ad/5696221687?se=1i2zAFE28RG_J8d0bkVF5A&utm_medium=api&utm_source=8d05c7a4&v=CA189A213D370363A439ED8B9AE88A9CF66D5ED9', '2026-04-10')]
(Background on this error at: https://sqlalche.me/e/20/e3q8)
2026-04-12 19:08:21,077  WARNING     Skipping row due to error: (sqlite3.OperationalError) near "RETURNING": syntax error
[SQL: 
        INSERT INTO jobs
            (source, external_id, title, company, city, region, country,
             is_remote, salary_min, salary_max, salary_mid, url, date_posted)
        VALUES
            (?, ?, ?, ?, ?, ?, ?,
             ?, ?, ?, ?, ?, ?)
        ON CONFLICT (source, external_id) DO NOTHING
        RETURNING id;
    ]
[parameters: ('adzuna', '5696224538', 'Senior Backend Developer/ DevSecOps Engineer', 'Humana', 'Nashville', 'Davidson County', None, False, 153009.8, 153009.8, 153009.8, 'https://www.adzuna.com/land/ad/5696224538?se=1i2zAFE28RG_J8d0bkVF5A&utm_medium=api&utm_source=8d05c7a4&v=C92772EEBD84862F216E768D3071BF73D344F7C5', '2026-04-10')]
(Background on this error at: https://sqlalche.me/e/20/e3q8)
2026-04-12 19:08:21,079  WARNING     Skipping row due to error: (sqlite3.OperationalError) near "RETURNING": syntax error
[SQL: 
        INSERT INTO jobs
            (source, external_id, title, company, city, region, country,
             is_remote, salary_min, salary_max, salary_mid, url, date_posted)
        VALUES
            (?, ?, ?, ?, ?, ?, ?,
             ?, ?, ?, ?, ?, ?)
        ON CONFLICT (source, external_id) DO NOTHING
        RETURNING id;
    ]
[parameters: ('adzuna', '5696206131', 'Senior Backend Developer/ DevSecOps Engineer', 'Humana', 'Oklahoma City', 'Oklahoma County', None, False, 145421.14, 145421.14, 145421.14, 'https://www.adzuna.com/land/ad/5696206131?se=1i2zAFE28RG_J8d0bkVF5A&utm_medium=api&utm_source=8d05c7a4&v=18852ED84DB26030FC4F137DD74055D29A0398D3', '2026-04-10')]
(Background on this error at: https://sqlalche.me/e/20/e3q8)
2026-04-12 19:08:21,080  WARNING     Skipping row due to error: (sqlite3.OperationalError) near "RETURNING": syntax error
[SQL: 
        INSERT INTO jobs
            (source, external_id, title, company, city, region, country,
             is_remote, salary_min, salary_max, salary_mid, url, date_posted)
        VALUES
            (?, ?, ?, ?, ?, ?, ?,
             ?, ?, ?, ?, ?, ?)
        ON CONFLICT (source, external_id) DO NOTHING
        RETURNING id;
    ]
[parameters: ('adzuna', '5696232301', 'Senior Backend Developer/ DevSecOps Engineer', 'Humana', 'Pierre', 'Hughes County', None, False, 222618.17, 222618.17, 222618.17, 'https://www.adzuna.com/land/ad/5696232301?se=1i2zAFE28RG_J8d0bkVF5A&utm_medium=api&utm_source=8d05c7a4&v=A84EB09780061586657FCE9469213D9BBEC0B414', '2026-04-10')]
(Background on this error at: https://sqlalche.me/e/20/e3q8)
2026-04-12 19:08:21,081  WARNING     Skipping row due to error: (sqlite3.OperationalError) near "RETURNING": syntax error
[SQL: 
        INSERT INTO jobs
            (source, external_id, title, company, city, region, country,
             is_remote, salary_min, salary_max, salary_mid, url, date_posted)
        VALUES
            (?, ?, ?, ?, ?, ?, ?,
             ?, ?, ?, ?, ?, ?)
        ON CONFLICT (source, external_id) DO NOTHING
        RETURNING id;
    ]
[parameters: ('adzuna', '5696220443', 'Senior Backend Developer/ DevSecOps Engineer', 'Humana', 'Uptown', 'Marion County', None, False, 181275.77, 181275.77, 181275.77, 'https://www.adzuna.com/land/ad/5696220443?se=1i2zAFE28RG_J8d0bkVF5A&utm_medium=api&utm_source=8d05c7a4&v=6DD957D69206C18D22DBD7BC278ECD978268E933', '2026-04-10')]
(Background on this error at: https://sqlalche.me/e/20/e3q8)
2026-04-12 19:08:21,082  WARNING     Skipping row due to error: (sqlite3.OperationalError) near "RETURNING": syntax error
[SQL: 
        INSERT INTO jobs
            (source, external_id, title, company, city, region, country,
             is_remote, salary_min, salary_max, salary_mid, url, date_posted)
        VALUES
            (?, ?, ?, ?, ?, ?, ?,
             ?, ?, ?, ?, ?, ?)
        ON CONFLICT (source, external_id) DO NOTHING
        RETURNING id;
    ]
[parameters: ('adzuna', '5696223195', 'Senior Backend Developer/ DevSecOps Engineer', 'Humana', 'Boston', 'Suffolk County', None, False, 139314.75, 139314.75, 139314.75, 'https://www.adzuna.com/land/ad/5696223195?se=1i2zAFE28RG_J8d0bkVF5A&utm_medium=api&utm_source=8d05c7a4&v=A3C7AB7889E66A0AB387C95952ACCD1EE7FC1630', '2026-04-10')]
(Background on this error at: https://sqlalche.me/e/20/e3q8)
2026-04-12 19:08:21,083  WARNING     Skipping row due to error: (sqlite3.OperationalError) near "RETURNING": syntax error
[SQL: 
        INSERT INTO jobs
            (source, external_id, title, company, city, region, country,
             is_remote, salary_min, salary_max, salary_mid, url, date_posted)
        VALUES
            (?, ?, ?, ?, ?, ?, ?,
             ?, ?, ?, ?, ?, ?)
        ON CONFLICT (source, external_id) DO NOTHING
        RETURNING id;
    ]
[parameters: ('adzuna', '5696259984', 'Senior Backend Developer/ DevSecOps Engineer', 'Humana', 'Jackson', 'Hinds County', None, False, 135409.03, 135409.03, 135409.03, 'https://www.adzuna.com/land/ad/5696259984?se=1i2zAFE28RG_J8d0bkVF5A&utm_medium=api&utm_source=8d05c7a4&v=86E790EF21AE3F5726C55D0DAFC4D708A40D0B68', '2026-04-10')]
(Background on this error at: https://sqlalche.me/e/20/e3q8)
2026-04-12 19:08:21,083  WARNING     Skipping row due to error: (sqlite3.OperationalError) near "RETURNING": syntax error
[SQL: 
        INSERT INTO jobs
            (source, external_id, title, company, city, region, country,
             is_remote, salary_min, salary_max, salary_mid, url, date_posted)
        VALUES
            (?, ?, ?, ?, ?, ?, ?,
             ?, ?, ?, ?, ?, ?)
        ON CONFLICT (source, external_id) DO NOTHING
        RETURNING id;
    ]
[parameters: ('adzuna', '5696263931', 'Senior Backend Developer/ DevSecOps Engineer', 'Humana', 'Trenton', 'Mercer County', None, False, 155743.39, 155743.39, 155743.39, 'https://www.adzuna.com/land/ad/5696263931?se=1i2zAFE28RG_J8d0bkVF5A&utm_medium=api&utm_source=8d05c7a4&v=BFD581E7EF7D59C235AD44D0A46F5E270ED515C8', '2026-04-10')]
(Background on this error at: https://sqlalche.me/e/20/e3q8)
2026-04-12 19:08:21,084  WARNING     Skipping row due to error: (sqlite3.OperationalError) near "RETURNING": syntax error
[SQL: 
        INSERT INTO jobs
            (source, external_id, title, company, city, region, country,
             is_remote, salary_min, salary_max, salary_mid, url, date_posted)
        VALUES
            (?, ?, ?, ?, ?, ?, ?,
             ?, ?, ?, ?, ?, ?)
        ON CONFLICT (source, external_id) DO NOTHING
        RETURNING id;
    ]
[parameters: ('adzuna', '5696252336', 'Senior Backend Developer/ DevSecOps Engineer', 'Humana', 'Ny State Campus', 'Albany County', None, False, 165818.97, 165818.97, 165818.97, 'https://www.adzuna.com/land/ad/5696252336?se=1i2zAFE28RG_J8d0bkVF5A&utm_medium=api&utm_source=8d05c7a4&v=DB37E7EBBA9DFE6EDF4C8EE910485C6789590F71', '2026-04-10')]
(Background on this error at: https://sqlalche.me/e/20/e3q8)
2026-04-12 19:08:21,085  WARNING     Skipping row due to error: (sqlite3.OperationalError) near "RETURNING": syntax error
[SQL: 
        INSERT INTO jobs
            (source, external_id, title, company, city, region, country,
             is_remote, salary_min, salary_max, salary_mid, url, date_posted)
        VALUES
            (?, ?, ?, ?, ?, ?, ?,
             ?, ?, ?, ?, ?, ?)
        ON CONFLICT (source, external_id) DO NOTHING
        RETURNING id;
    ]
[parameters: ('adzuna', '5696232029', 'Senior Backend Developer/ DevSecOps Engineer', 'Humana', 'Five Points', 'Wake County', None, False, 165181.95, 165181.95, 165181.95, 'https://www.adzuna.com/land/ad/5696232029?se=hkIzAlE28RGoFf1pnMrDDQ&utm_medium=api&utm_source=8d05c7a4&v=AB67616E78C487DA750185DA76F8203BEB2BF373', '2026-04-10')]
(Background on this error at: https://sqlalche.me/e/20/e3q8)
2026-04-12 19:08:21,086  WARNING     Skipping row due to error: (sqlite3.OperationalError) near "RETURNING": syntax error
[SQL: 
        INSERT INTO jobs
            (source, external_id, title, company, city, region, country,
             is_remote, salary_min, salary_max, salary_mid, url, date_posted)
        VALUES
            (?, ?, ?, ?, ?, ?, ?,
             ?, ?, ?, ?, ?, ?)
        ON CONFLICT (source, external_id) DO NOTHING
        RETURNING id;
    ]
[parameters: ('adzuna', '5696232026', 'Senior Backend Developer/ DevSecOps Engineer', 'Humana', 'Providence', 'Providence County', None, False, 151973.92, 151973.92, 151973.92, 'https://www.adzuna.com/land/ad/5696232026?se=hkIzAlE28RGoFf1pnMrDDQ&utm_medium=api&utm_source=8d05c7a4&v=DC6F1E69371A9E333ACFFC3120C5B32AEF6B00A5', '2026-04-10')]
(Background on this error at: https://sqlalche.me/e/20/e3q8)
2026-04-12 19:08:21,087  WARNING     Skipping row due to error: (sqlite3.OperationalError) near "RETURNING": syntax error
[SQL: 
        INSERT INTO jobs
            (source, external_id, title, company, city, region, country,
             is_remote, salary_min, salary_max, salary_mid, url, date_posted)
        VALUES
            (?, ?, ?, ?, ?, ?, ?,
             ?, ?, ?, ?, ?, ?)
        ON CONFLICT (source, external_id) DO NOTHING
        RETURNING id;
    ]
[parameters: ('adzuna', '5696313895', 'Senior Backend Developer/ DevSecOps Engineer', 'Humana', 'Montpelier', 'Washington County', None, False, 144707.97, 144707.97, 144707.97, 'https://www.adzuna.com/land/ad/5696313895?se=hkIzAlE28RGoFf1pnMrDDQ&utm_medium=api&utm_source=8d05c7a4&v=A14AF25A2CE564AA31643A88D8718C88EFF84ACD', '2026-04-10')]
(Background on this error at: https://sqlalche.me/e/20/e3q8)
2026-04-12 19:08:21,088  WARNING     Skipping row due to error: (sqlite3.OperationalError) near "RETURNING": syntax error
[SQL: 
        INSERT INTO jobs
            (source, external_id, title, company, city, region, country,
             is_remote, salary_min, salary_max, salary_mid, url, date_posted)
        VALUES
            (?, ?, ?, ?, ?, ?, ?,
             ?, ?, ?, ?, ?, ?)
        ON CONFLICT (source, external_id) DO NOTHING
        RETURNING id;
    ]
[parameters: ('adzuna', '5696315089', 'Senior Backend Developer/ DevSecOps Engineer', 'Humana', 'Charleston', 'Kanawha County', None, False, 152307.78, 152307.78, 152307.78, 'https://www.adzuna.com/land/ad/5696315089?se=hkIzAlE28RGoFf1pnMrDDQ&utm_medium=api&utm_source=8d05c7a4&v=09F7E172CDAB79D04EFE1932A426F408DDFC5C36', '2026-04-10')]
(Background on this error at: https://sqlalche.me/e/20/e3q8)
2026-04-12 19:08:21,089  WARNING     Skipping row due to error: (sqlite3.OperationalError) near "RETURNING": syntax error
[SQL: 
        INSERT INTO jobs
            (source, external_id, title, company, city, region, country,
             is_remote, salary_min, salary_max, salary_mid, url, date_posted)
        VALUES
            (?, ?, ?, ?, ?, ?, ?,
             ?, ?, ?, ?, ?, ?)
        ON CONFLICT (source, external_id) DO NOTHING
        RETURNING id;
    ]
[parameters: ('adzuna', '5696102903', 'Senior Backend Developer/ DevSecOps Engineer', 'Humana', 'Sacramento', 'Sacramento County', None, False, 157263.38, 157263.38, 157263.38, 'https://www.adzuna.com/land/ad/5696102903?se=hkIzAlE28RGoFf1pnMrDDQ&utm_medium=api&utm_source=8d05c7a4&v=23B39B163963EA92421840D51AAF9472CE20D902', '2026-04-10')]
(Background on this error at: https://sqlalche.me/e/20/e3q8)
2026-04-12 19:08:21,090  WARNING     Skipping row due to error: (sqlite3.OperationalError) near "RETURNING": syntax error
[SQL: 
        INSERT INTO jobs
            (source, external_id, title, company, city, region, country,
             is_remote, salary_min, salary_max, salary_mid, url, date_posted)
        VALUES
            (?, ?, ?, ?, ?, ?, ?,
             ?, ?, ?, ?, ?, ?)
        ON CONFLICT (source, external_id) DO NOTHING
        RETURNING id;
    ]
[parameters: ('adzuna', '5696261177', 'Senior Backend Developer/ DevSecOps Engineer', 'Humana', 'Frankfort', 'Franklin County', None, False, 160154.67, 160154.67, 160154.67, 'https://www.adzuna.com/land/ad/5696261177?se=hkIzAlE28RGoFf1pnMrDDQ&utm_medium=api&utm_source=8d05c7a4&v=DC2A6033DF701AE951B8A58916636B0066C17465', '2026-04-10')]
(Background on this error at: https://sqlalche.me/e/20/e3q8)
2026-04-12 19:08:21,092  WARNING     Skipping row due to error: (sqlite3.OperationalError) near "RETURNING": syntax error
[SQL: 
        INSERT INTO jobs
            (source, external_id, title, company, city, region, country,
             is_remote, salary_min, salary_max, salary_mid, url, date_posted)
        VALUES
            (?, ?, ?, ?, ?, ?, ?,
             ?, ?, ?, ?, ?, ?)
        ON CONFLICT (source, external_id) DO NOTHING
        RETURNING id;
    ]
[parameters: ('adzuna', '5696194569', 'Senior Backend Developer/ DevSecOps Engineer', 'Humana', 'Des Moines', 'Polk County', None, False, 143395.19, 143395.19, 143395.19, 'https://www.adzuna.com/land/ad/5696194569?se=hkIzAlE28RGoFf1pnMrDDQ&utm_medium=api&utm_source=8d05c7a4&v=50E596336E300C94E42E19D8D57A1296C9CE9296', '2026-04-10')]
(Background on this error at: https://sqlalche.me/e/20/e3q8)
2026-04-12 19:08:21,093  WARNING     Skipping row due to error: (sqlite3.OperationalError) near "RETURNING": syntax error
[SQL: 
        INSERT INTO jobs
            (source, external_id, title, company, city, region, country,
             is_remote, salary_min, salary_max, salary_mid, url, date_posted)
        VALUES
            (?, ?, ?, ?, ?, ?, ?,
             ?, ?, ?, ?, ?, ?)
        ON CONFLICT (source, external_id) DO NOTHING
        RETURNING id;
    ]
[parameters: ('adzuna', '5696211592', 'Senior Backend Developer/ DevSecOps Engineer', 'Humana', 'Saint Paul', 'Ramsey County', None, False, 144805.7, 144805.7, 144805.7, 'https://www.adzuna.com/land/ad/5696211592?se=hkIzAlE28RGoFf1pnMrDDQ&utm_medium=api&utm_source=8d05c7a4&v=9E6068F00B310D41C6245970263605A7F4219766', '2026-04-10')]
(Background on this error at: https://sqlalche.me/e/20/e3q8)
2026-04-12 19:08:21,094  WARNING     Skipping row due to error: (sqlite3.OperationalError) near "RETURNING": syntax error
[SQL: 
        INSERT INTO jobs
            (source, external_id, title, company, city, region, country,
             is_remote, salary_min, salary_max, salary_mid, url, date_posted)
        VALUES
            (?, ?, ?, ?, ?, ?, ?,
             ?, ?, ?, ?, ?, ?)
        ON CONFLICT (source, external_id) DO NOTHING
        RETURNING id;
    ]
[parameters: ('adzuna', '5696259856', 'Senior Backend Developer/ DevSecOps Engineer', 'Humana', 'Topeka', 'Shawnee County', None, False, 150638.17, 150638.17, 150638.17, 'https://www.adzuna.com/land/ad/5696259856?se=hkIzAlE28RGoFf1pnMrDDQ&utm_medium=api&utm_source=8d05c7a4&v=E467AD82B1298C400785BF38A9EE039A206900AD', '2026-04-10')]
(Background on this error at: https://sqlalche.me/e/20/e3q8)
2026-04-12 19:08:21,096  WARNING     Skipping row due to error: (sqlite3.OperationalError) near "RETURNING": syntax error
[SQL: 
        INSERT INTO jobs
            (source, external_id, title, company, city, region, country,
             is_remote, salary_min, salary_max, salary_mid, url, date_posted)
        VALUES
            (?, ?, ?, ?, ?, ?, ?,
             ?, ?, ?, ?, ?, ?)
        ON CONFLICT (source, external_id) DO NOTHING
        RETURNING id;
    ]
[parameters: ('adzuna', '5696232447', 'Senior Backend Developer/ DevSecOps Engineer', 'Humana', 'Grandview Heights', 'Franklin County', None, False, 182663.73, 182663.73, 182663.73, 'https://www.adzuna.com/land/ad/5696232447?se=hkIzAlE28RGoFf1pnMrDDQ&utm_medium=api&utm_source=8d05c7a4&v=3356E9D619CC887DC56DAB76A03B4FFB506EC51A', '2026-04-10')]
(Background on this error at: https://sqlalche.me/e/20/e3q8)
2026-04-12 19:08:21,097  WARNING     Skipping row due to error: (sqlite3.OperationalError) near "RETURNING": syntax error
[SQL: 
        INSERT INTO jobs
            (source, external_id, title, company, city, region, country,
             is_remote, salary_min, salary_max, salary_mid, url, date_posted)
        VALUES
            (?, ?, ?, ?, ?, ?, ?,
             ?, ?, ?, ?, ?, ?)
        ON CONFLICT (source, external_id) DO NOTHING
        RETURNING id;
    ]
[parameters: ('adzuna', '5696262525', 'Senior Backend Developer/ DevSecOps Engineer', 'Humana', 'State House', 'Lancaster County', None, False, 182990.12, 182990.12, 182990.12, 'https://www.adzuna.com/land/ad/5696262525?se=hkIzAlE28RGoFf1pnMrDDQ&utm_medium=api&utm_source=8d05c7a4&v=E146C5A9AD794C6877112A138F17B6BEA57E6374', '2026-04-10')]
(Background on this error at: https://sqlalche.me/e/20/e3q8)
2026-04-12 19:08:21,098  WARNING     Skipping row due to error: (sqlite3.OperationalError) near "RETURNING": syntax error
[SQL: 
        INSERT INTO jobs
            (source, external_id, title, company, city, region, country,
             is_remote, salary_min, salary_max, salary_mid, url, date_posted)
        VALUES
            (?, ?, ?, ?, ?, ?, ?,
             ?, ?, ?, ?, ?, ?)
        ON CONFLICT (source, external_id) DO NOTHING
        RETURNING id;
    ]
[parameters: ('adzuna', '5696376744', 'Senior Backend Developer/ DevSecOps Engineer', 'Humana', 'Tumwater', 'Thurston County', None, False, 150029.14, 150029.14, 150029.14, 'https://www.adzuna.com/land/ad/5696376744?se=hkIzAlE28RGoFf1pnMrDDQ&utm_medium=api&utm_source=8d05c7a4&v=7FC8D8DB96E597CE6B581E2E4C12CE645A583989', '2026-04-11')]
(Background on this error at: https://sqlalche.me/e/20/e3q8)
2026-04-12 19:08:21,099  WARNING     Skipping row due to error: (sqlite3.OperationalError) near "RETURNING": syntax error
[SQL: 
        INSERT INTO jobs
            (source, external_id, title, company, city, region, country,
             is_remote, salary_min, salary_max, salary_mid, url, date_posted)
        VALUES
            (?, ?, ?, ?, ?, ?, ?,
             ?, ?, ?, ?, ?, ?)
        ON CONFLICT (source, external_id) DO NOTHING
        RETURNING id;
    ]
[parameters: ('adzuna', '5696374215', 'Senior Backend Developer/ DevSecOps Engineer', 'Humana', 'Bonnie', 'Utah County', None, False, 152039.88, 152039.88, 152039.88, 'https://www.adzuna.com/land/ad/5696374215?se=hkIzAlE28RGoFf1pnMrDDQ&utm_medium=api&utm_source=8d05c7a4&v=50811437CB4EE90EF7B526C1D193EDC2A3F9321E', '2026-04-11')]
(Background on this error at: https://sqlalche.me/e/20/e3q8)
2026-04-12 19:08:21,101  WARNING     Skipping row due to error: (sqlite3.OperationalError) near "RETURNING": syntax error
[SQL: 
        INSERT INTO jobs
            (source, external_id, title, company, city, region, country,
             is_remote, salary_min, salary_max, salary_mid, url, date_posted)
        VALUES
            (?, ?, ?, ?, ?, ?, ?,
             ?, ?, ?, ?, ?, ?)
        ON CONFLICT (source, external_id) DO NOTHING
        RETURNING id;
    ]
[parameters: ('adzuna', '5696096775', 'Senior Backend Developer/ DevSecOps Engineer', 'Humana', 'La Cienga', 'Santa Fe County', None, False, 203149.38, 203149.38, 203149.38, 'https://www.adzuna.com/land/ad/5696096775?se=hkIzAlE28RGoFf1pnMrDDQ&utm_medium=api&utm_source=8d05c7a4&v=658CF215A70409E19D5909FE9D801694E1BF8F6D', '2026-04-10')]
(Background on this error at: https://sqlalche.me/e/20/e3q8)
2026-04-12 19:08:21,102  WARNING     Skipping row due to error: (sqlite3.OperationalError) near "RETURNING": syntax error
[SQL: 
        INSERT INTO jobs
            (source, external_id, title, company, city, region, country,
             is_remote, salary_min, salary_max, salary_mid, url, date_posted)
        VALUES
            (?, ?, ?, ?, ?, ?, ?,
             ?, ?, ?, ?, ?, ?)
        ON CONFLICT (source, external_id) DO NOTHING
        RETURNING id;
    ]
[parameters: ('adzuna', '5696382759', 'Senior Backend Developer/ DevSecOps Engineer', 'Humana', 'Madison', 'Dane County', None, False, 150718.5, 150718.5, 150718.5, 'https://www.adzuna.com/land/ad/5696382759?se=hkIzAlE28RGoFf1pnMrDDQ&utm_medium=api&utm_source=8d05c7a4&v=9AD1ECD1CAC8EB325B9E81DB0EB0FE2AA2E42B6A', '2026-04-11')]
(Background on this error at: https://sqlalche.me/e/20/e3q8)
2026-04-12 19:08:21,103  WARNING     Skipping row due to error: (sqlite3.OperationalError) near "RETURNING": syntax error
[SQL: 
        INSERT INTO jobs
            (source, external_id, title, company, city, region, country,
             is_remote, salary_min, salary_max, salary_mid, url, date_posted)
        VALUES
            (?, ?, ?, ?, ?, ?, ?,
             ?, ?, ?, ?, ?, ?)
        ON CONFLICT (source, external_id) DO NOTHING
        RETURNING id;
    ]
[parameters: ('adzuna', '5649428426', 'Backend Developer', 'Sivad Consulting', 'Springfield', 'Effingham County', None, False, 178085.88, 178085.88, 178085.88, 'https://www.adzuna.com/details/5649428426?utm_medium=api&utm_source=8d05c7a4', '2026-02-28')]
(Background on this error at: https://sqlalche.me/e/20/e3q8)
2026-04-12 19:08:21,104  WARNING     Skipping row due to error: (sqlite3.OperationalError) near "RETURNING": syntax error
[SQL: 
        INSERT INTO jobs
            (source, external_id, title, company, city, region, country,
             is_remote, salary_min, salary_max, salary_mid, url, date_posted)
        VALUES
            (?, ?, ?, ?, ?, ?, ?,
             ?, ?, ?, ?, ?, ?)
        ON CONFLICT (source, external_id) DO NOTHING
        RETURNING id;
    ]
[parameters: ('adzuna', '5584457187', 'Backend Developer', 'Network Designs Inc.', 'Tysons Corner', 'Fairfax County', None, False, 121486.0, 148840.0, 135163.0, 'https://www.adzuna.com/details/5584457187?utm_medium=api&utm_source=8d05c7a4', '2026-01-14')]
(Background on this error at: https://sqlalche.me/e/20/e3q8)
2026-04-12 19:08:21,105  WARNING     Skipping row due to error: (sqlite3.OperationalError) near "RETURNING": syntax error
[SQL: 
        INSERT INTO jobs
            (source, external_id, title, company, city, region, country,
             is_remote, salary_min, salary_max, salary_mid, url, date_posted)
        VALUES
            (?, ?, ?, ?, ?, ?, ?,
             ?, ?, ?, ?, ?, ?)
        ON CONFLICT (source, external_id) DO NOTHING
        RETURNING id;
    ]
[parameters: ('adzuna', '5684287248', 'Backend Developer', 'Trinity Global Consulting', 'West Springfield', 'Fairfax County', None, False, 110738.97, 110738.97, 110738.97, 'https://www.adzuna.com/details/5684287248?utm_medium=api&utm_source=8d05c7a4', '2026-03-31')]
(Background on this error at: https://sqlalche.me/e/20/e3q8)
2026-04-12 19:08:21,106  WARNING     Skipping row due to error: (sqlite3.OperationalError) near "RETURNING": syntax error
[SQL: 
        INSERT INTO jobs
            (source, external_id, title, company, city, region, country,
             is_remote, salary_min, salary_max, salary_mid, url, date_posted)
        VALUES
            (?, ?, ?, ?, ?, ?, ?,
             ?, ?, ?, ?, ?, ?)
        ON CONFLICT (source, external_id) DO NOTHING
        RETURNING id;
    ]
[parameters: ('adzuna', '4836881354', 'BackEnd Developer', 'Viper Staffing Services', 'Tampa', 'Hillsborough County', None, False, 50000.0, 250000.0, 150000.0, 'https://www.adzuna.com/land/ad/4836881354?se=hkIzAlE28RGoFf1pnMrDDQ&utm_medium=api&utm_source=8d05c7a4&v=ECBB8B5F3549DE236685BD2529E3D8A399791B98', '2024-08-23')]
(Background on this error at: https://sqlalche.me/e/20/e3q8)
2026-04-12 19:08:21,108  WARNING     Skipping row due to error: (sqlite3.OperationalError) near "RETURNING": syntax error
[SQL: 
        INSERT INTO jobs
            (source, external_id, title, company, city, region, country,
             is_remote, salary_min, salary_max, salary_mid, url, date_posted)
        VALUES
            (?, ?, ?, ?, ?, ?, ?,
             ?, ?, ?, ?, ?, ?)
        ON CONFLICT (source, external_id) DO NOTHING
        RETURNING id;
    ]
[parameters: ('adzuna', '4834604022', 'BackEnd Developer', 'Viper Staffing Services', 'Arlington', 'Arlington County', None, False, 50000.0, 250000.0, 150000.0, 'https://www.adzuna.com/land/ad/4834604022?se=hkIzAlE28RGoFf1pnMrDDQ&utm_medium=api&utm_source=8d05c7a4&v=FA13A37A6EE87064D33F2B8734C40454C845A0F7', '2024-08-21')]
(Background on this error at: https://sqlalche.me/e/20/e3q8)
2026-04-12 19:08:21,109  WARNING     Skipping row due to error: (sqlite3.OperationalError) near "RETURNING": syntax error
[SQL: 
        INSERT INTO jobs
            (source, external_id, title, company, city, region, country,
             is_remote, salary_min, salary_max, salary_mid, url, date_posted)
        VALUES
            (?, ?, ?, ?, ?, ?, ?,
             ?, ?, ?, ?, ?, ?)
        ON CONFLICT (source, external_id) DO NOTHING
        RETURNING id;
    ]
[parameters: ('adzuna', '5683897838', 'Backend Developer', 'Mopid', 'Twin Peaks', 'San Francisco', None, False, 79522.88, 79522.88, 79522.88, 'https://www.adzuna.com/details/5683897838?utm_medium=api&utm_source=8d05c7a4', '2026-03-31')]
(Background on this error at: https://sqlalche.me/e/20/e3q8)
2026-04-12 19:08:21,110  WARNING     Skipping row due to error: (sqlite3.OperationalError) near "RETURNING": syntax error
[SQL: 
        INSERT INTO jobs
            (source, external_id, title, company, city, region, country,
             is_remote, salary_min, salary_max, salary_mid, url, date_posted)
        VALUES
            (?, ?, ?, ?, ?, ?, ?,
             ?, ?, ?, ?, ?, ?)
        ON CONFLICT (source, external_id) DO NOTHING
        RETURNING id;
    ]
[parameters: ('adzuna', '5613596626', 'Backend Developer', 'BayRockLabs Open Requisitions', 'Newark', 'Alameda County', None, False, 104000.0, 114400.0, 109200.0, 'https://www.adzuna.com/details/5613596626?utm_medium=api&utm_source=8d05c7a4', '2026-02-04')]
(Background on this error at: https://sqlalche.me/e/20/e3q8)
2026-04-12 19:08:21,110  WARNING     Skipping row due to error: (sqlite3.OperationalError) near "RETURNING": syntax error
[SQL: 
        INSERT INTO jobs
            (source, external_id, title, company, city, region, country,
             is_remote, salary_min, salary_max, salary_mid, url, date_posted)
        VALUES
            (?, ?, ?, ?, ?, ?, ?,
             ?, ?, ?, ?, ?, ?)
        ON CONFLICT (source, external_id) DO NOTHING
        RETURNING id;
    ]
[parameters: ('adzuna', '5664353416', 'Backend Developer', 'Spatial Front', 'Arlington', 'Arlington County', None, False, 91893.6, 91893.6, 91893.6, 'https://www.adzuna.com/details/5664353416?utm_medium=api&utm_source=8d05c7a4', '2026-03-13')]
(Background on this error at: https://sqlalche.me/e/20/e3q8)
2026-04-12 19:08:21,111  WARNING     Skipping row due to error: (sqlite3.OperationalError) near "RETURNING": syntax error
[SQL: 
        INSERT INTO jobs
            (source, external_id, title, company, city, region, country,
             is_remote, salary_min, salary_max, salary_mid, url, date_posted)
        VALUES
            (?, ?, ?, ?, ?, ?, ?,
             ?, ?, ?, ?, ?, ?)
        ON CONFLICT (source, external_id) DO NOTHING
        RETURNING id;
    ]
[parameters: ('adzuna', '5667825511', 'Backend Developer', 'PeopleLift', 'Calico Basin', 'Clark County', None, False, 150000.0, 200000.0, 175000.0, 'https://www.adzuna.com/details/5667825511?utm_medium=api&utm_source=8d05c7a4', '2026-03-15')]
(Background on this error at: https://sqlalche.me/e/20/e3q8)
2026-04-12 19:08:21,111  WARNING     Skipping row due to error: (sqlite3.OperationalError) near "RETURNING": syntax error
[SQL: 
        INSERT INTO jobs
            (source, external_id, title, company, city, region, country,
             is_remote, salary_min, salary_max, salary_mid, url, date_posted)
        VALUES
            (?, ?, ?, ?, ?, ?, ?,
             ?, ?, ?, ?, ?, ?)
        ON CONFLICT (source, external_id) DO NOTHING
        RETURNING id;
    ]
[parameters: ('adzuna', '5616221912', 'Backend Developer', 'Xsolla', 'Los Angeles', 'Los Angeles County', None, False, 79728.67, 79728.67, 79728.67, 'https://www.adzuna.com/details/5616221912?utm_medium=api&utm_source=8d05c7a4', '2026-02-05')]
(Background on this error at: https://sqlalche.me/e/20/e3q8)
2026-04-12 19:08:21,112  WARNING     Skipping row due to error: (sqlite3.OperationalError) near "RETURNING": syntax error
[SQL: 
        INSERT INTO jobs
            (source, external_id, title, company, city, region, country,
             is_remote, salary_min, salary_max, salary_mid, url, date_posted)
        VALUES
            (?, ?, ?, ?, ?, ?, ?,
             ?, ?, ?, ?, ?, ?)
        ON CONFLICT (source, external_id) DO NOTHING
        RETURNING id;
    ]
[parameters: ('adzuna', '5597799310', 'Backend Developer', 'Duetti', 'New York City', 'New York', None, False, 137128.06, 137128.06, 137128.06, 'https://www.adzuna.com/details/5597799310?utm_medium=api&utm_source=8d05c7a4', '2026-01-23')]
(Background on this error at: https://sqlalche.me/e/20/e3q8)
2026-04-12 19:08:21,113  WARNING     Skipping row due to error: (sqlite3.OperationalError) near "RETURNING": syntax error
[SQL: 
        INSERT INTO jobs
            (source, external_id, title, company, city, region, country,
             is_remote, salary_min, salary_max, salary_mid, url, date_posted)
        VALUES
            (?, ?, ?, ?, ?, ?, ?,
             ?, ?, ?, ?, ?, ?)
        ON CONFLICT (source, external_id) DO NOTHING
        RETURNING id;
    ]
[parameters: ('adzuna', '5683636427', 'Backend Developer', 'eSolutionsFirst, LLC', 'Pimmit', 'Fairfax County', None, False, 145429.6, 145429.6, 145429.6, 'https://www.adzuna.com/details/5683636427?utm_medium=api&utm_source=8d05c7a4', '2026-03-30')]
(Background on this error at: https://sqlalche.me/e/20/e3q8)
2026-04-12 19:08:21,115  WARNING     Skipping row due to error: (sqlite3.OperationalError) near "RETURNING": syntax error
[SQL: 
        INSERT INTO jobs
            (source, external_id, title, company, city, region, country,
             is_remote, salary_min, salary_max, salary_mid, url, date_posted)
        VALUES
            (?, ?, ?, ?, ?, ?, ?,
             ?, ?, ?, ?, ?, ?)
        ON CONFLICT (source, external_id) DO NOTHING
        RETURNING id;
    ]
[parameters: ('adzuna', '5693041443', 'Backend Developer', 'SWIFT', 'Manassas', 'Prince William County', None, False, 82361.0, 152955.0, 117658.0, 'https://www.adzuna.com/details/5693041443?utm_medium=api&utm_source=8d05c7a4', '2026-04-08')]
(Background on this error at: https://sqlalche.me/e/20/e3q8)
2026-04-12 19:08:21,116  WARNING     Skipping row due to error: (sqlite3.OperationalError) near "RETURNING": syntax error
[SQL: 
        INSERT INTO jobs
            (source, external_id, title, company, city, region, country,
             is_remote, salary_min, salary_max, salary_mid, url, date_posted)
        VALUES
            (?, ?, ?, ?, ?, ?, ?,
             ?, ?, ?, ?, ?, ?)
        ON CONFLICT (source, external_id) DO NOTHING
        RETURNING id;
    ]
[parameters: ('adzuna', '5683250433', 'Backend Developer', 'Acunor Infotech', 'New Jersey', 'US', None, False, 93847.61, 93847.61, 93847.61, 'https://www.adzuna.com/details/5683250433?utm_medium=api&utm_source=8d05c7a4', '2026-03-30')]
(Background on this error at: https://sqlalche.me/e/20/e3q8)
2026-04-12 19:08:21,117  WARNING     Skipping row due to error: (sqlite3.OperationalError) near "RETURNING": syntax error
[SQL: 
        INSERT INTO jobs
            (source, external_id, title, company, city, region, country,
             is_remote, salary_min, salary_max, salary_mid, url, date_posted)
        VALUES
            (?, ?, ?, ?, ?, ?, ?,
             ?, ?, ?, ?, ?, ?)
        ON CONFLICT (source, external_id) DO NOTHING
        RETURNING id;
    ]
[parameters: ('adzuna', '5686416014', 'Backend Developer', 'System One', 'Fairfax', 'Fairfax County', None, False, 126812.56, 126812.56, 126812.56, 'https://www.adzuna.com/details/5686416014?utm_medium=api&utm_source=8d05c7a4', '2026-04-01')]
(Background on this error at: https://sqlalche.me/e/20/e3q8)
2026-04-12 19:08:21,118  WARNING     Skipping row due to error: (sqlite3.OperationalError) near "RETURNING": syntax error
[SQL: 
        INSERT INTO jobs
            (source, external_id, title, company, city, region, country,
             is_remote, salary_min, salary_max, salary_mid, url, date_posted)
        VALUES
            (?, ?, ?, ?, ?, ?, ?,
             ?, ?, ?, ?, ?, ?)
        ON CONFLICT (source, external_id) DO NOTHING
        RETURNING id;
    ]
[parameters: ('adzuna', '5688000052', 'Backend Developer', 'ChenMed', 'West Miami', 'Miami-Dade County', None, False, 75875.34, 75875.34, 75875.34, 'https://www.adzuna.com/details/5688000052?utm_medium=api&utm_source=8d05c7a4', '2026-04-02')]
(Background on this error at: https://sqlalche.me/e/20/e3q8)
2026-04-12 19:08:21,118  WARNING     Skipping row due to error: (sqlite3.OperationalError) near "RETURNING": syntax error
[SQL: 
        INSERT INTO jobs
            (source, external_id, title, company, city, region, country,
             is_remote, salary_min, salary_max, salary_mid, url, date_posted)
        VALUES
            (?, ?, ?, ?, ?, ?, ?,
             ?, ?, ?, ?, ?, ?)
        ON CONFLICT (source, external_id) DO NOTHING
        RETURNING id;
    ]
[parameters: ('adzuna', '5688370705', 'Backend Developer', 'ChenMed', 'US', None, None, False, 77392.8, 77392.8, 77392.8, 'https://www.adzuna.com/details/5688370705?utm_medium=api&utm_source=8d05c7a4', '2026-04-03')]
(Background on this error at: https://sqlalche.me/e/20/e3q8)
2026-04-12 19:08:21,120  WARNING     Skipping row due to error: (sqlite3.OperationalError) near "RETURNING": syntax error
[SQL: 
        INSERT INTO jobs
            (source, external_id, title, company, city, region, country,
             is_remote, salary_min, salary_max, salary_mid, url, date_posted)
        VALUES
            (?, ?, ?, ?, ?, ?, ?,
             ?, ?, ?, ?, ?, ?)
        ON CONFLICT (source, external_id) DO NOTHING
        RETURNING id;
    ]
[parameters: ('adzuna', '5330717664', 'Backend Developer', 'Recruiterflow', 'Boston', 'Suffolk County', None, False, 112141.82, 112141.82, 112141.82, 'https://www.adzuna.com/details/5330717664?utm_medium=api&utm_source=8d05c7a4', '2025-07-31')]
(Background on this error at: https://sqlalche.me/e/20/e3q8)
2026-04-12 19:08:21,121  WARNING     Skipping row due to error: (sqlite3.OperationalError) near "RETURNING": syntax error
[SQL: 
        INSERT INTO jobs
            (source, external_id, title, company, city, region, country,
             is_remote, salary_min, salary_max, salary_mid, url, date_posted)
        VALUES
            (?, ?, ?, ?, ?, ?, ?,
             ?, ?, ?, ?, ?, ?)
        ON CONFLICT (source, external_id) DO NOTHING
        RETURNING id;
    ]
[parameters: ('adzuna', '5450509011', 'Backend Developer', 'Humanity Protocol', 'San Francisco', 'California', None, False, 60754.01, 60754.01, 60754.01, 'https://www.adzuna.com/details/5450509011?utm_medium=api&utm_source=8d05c7a4', '2025-10-16')]
(Background on this error at: https://sqlalche.me/e/20/e3q8)
2026-04-12 19:08:21,122  WARNING     Skipping row due to error: (sqlite3.OperationalError) near "RETURNING": syntax error
[SQL: 
        INSERT INTO jobs
            (source, external_id, title, company, city, region, country,
             is_remote, salary_min, salary_max, salary_mid, url, date_posted)
        VALUES
            (?, ?, ?, ?, ?, ?, ?,
             ?, ?, ?, ?, ?, ?)
        ON CONFLICT (source, external_id) DO NOTHING
        RETURNING id;
    ]
[parameters: ('adzuna', '5222416531', 'Backend Developer', 'Grace Health', 'North Stockholm', 'Saint Lawrence County', None, False, 117240.18, 117240.18, 117240.18, 'https://www.adzuna.com/details/5222416531?utm_medium=api&utm_source=8d05c7a4', '2025-05-29')]
(Background on this error at: https://sqlalche.me/e/20/e3q8)
2026-04-12 19:08:21,123  WARNING     Skipping row due to error: (sqlite3.OperationalError) near "RETURNING": syntax error
[SQL: 
        INSERT INTO jobs
            (source, external_id, title, company, city, region, country,
             is_remote, salary_min, salary_max, salary_mid, url, date_posted)
        VALUES
            (?, ?, ?, ?, ?, ?, ?,
             ?, ?, ?, ?, ?, ?)
        ON CONFLICT (source, external_id) DO NOTHING
        RETURNING id;
    ]
[parameters: ('adzuna', '5664555387', 'Backend Developer (Python/Go) - INTL India', 'Insight Global', 'North Springs', 'DeKalb County', None, False, 114423.22, 114423.22, 114423.22, 'https://www.adzuna.com/land/ad/5664555387?se=hkIzAlE28RGoFf1pnMrDDQ&utm_medium=api&utm_source=8d05c7a4&v=15592EFAAFB5D2C63C3137AC2AA602A05328C6BD', '2026-03-13')]
(Background on this error at: https://sqlalche.me/e/20/e3q8)
2026-04-12 19:08:21,124  WARNING     Skipping row due to error: (sqlite3.OperationalError) near "RETURNING": syntax error
[SQL: 
        INSERT INTO jobs
            (source, external_id, title, company, city, region, country,
             is_remote, salary_min, salary_max, salary_mid, url, date_posted)
        VALUES
            (?, ?, ?, ?, ?, ?, ?,
             ?, ?, ?, ?, ?, ?)
        ON CONFLICT (source, external_id) DO NOTHING
        RETURNING id;
    ]
[parameters: ('adzuna', '5061354760', 'C++ Backend Developer (Industrial Automation/ Robotics)', 'US Tech Solutions', 'Mountain View', 'Santa Clara County', None, False, 119082.8, 119082.8, 119082.8, 'https://www.adzuna.com/land/ad/5061354760?se=hkIzAlE28RGoFf1pnMrDDQ&utm_medium=api&utm_source=8d05c7a4&v=70FC4CF928D7AD94814ABD8C3A68A09196B593E5', '2025-02-23')]
(Background on this error at: https://sqlalche.me/e/20/e3q8)
2026-04-12 19:08:21,125  WARNING     Skipping row due to error: (sqlite3.OperationalError) near "RETURNING": syntax error
[SQL: 
        INSERT INTO jobs
            (source, external_id, title, company, city, region, country,
             is_remote, salary_min, salary_max, salary_mid, url, date_posted)
        VALUES
            (?, ?, ?, ?, ?, ?, ?,
             ?, ?, ?, ?, ?, ?)
        ON CONFLICT (source, external_id) DO NOTHING
        RETURNING id;
    ]
[parameters: ('adzuna', '5672681012', 'junior java backend developer/Data scientist', 'Synergistic it', 'San Jose', 'Santa Clara County', None, False, 108491.19, 108491.19, 108491.19, 'https://www.adzuna.com/land/ad/5672681012?se=hkIzAlE28RGoFf1pnMrDDQ&utm_medium=api&utm_source=8d05c7a4&v=7457EB1E78BAC7CD9BD67BC08B8EEAC84AE7BC4C', '2026-03-19')]
(Background on this error at: https://sqlalche.me/e/20/e3q8)
2026-04-12 19:08:21,125  WARNING     Skipping row due to error: (sqlite3.OperationalError) near "RETURNING": syntax error
[SQL: 
        INSERT INTO jobs
            (source, external_id, title, company, city, region, country,
             is_remote, salary_min, salary_max, salary_mid, url, date_posted)
        VALUES
            (?, ?, ?, ?, ?, ?, ?,
             ?, ?, ?, ?, ?, ?)
        ON CONFLICT (source, external_id) DO NOTHING
        RETURNING id;
    ]
[parameters: ('adzuna', '5671816517', 'junior java backend developer/Data scientist', 'SynergisticIT', 'San Jose', 'Santa Clara County', None, False, 132362.62, 132362.62, 132362.62, 'https://www.adzuna.com/land/ad/5671816517?se=hkIzAlE28RGoFf1pnMrDDQ&utm_medium=api&utm_source=8d05c7a4&v=6673D49DFEE9BFD416C3558B7037F3B60832232E', '2026-03-19')]
(Background on this error at: https://sqlalche.me/e/20/e3q8)
2026-04-12 19:08:21,126  WARNING     Skipping row due to error: (sqlite3.OperationalError) near "RETURNING": syntax error
[SQL: 
        INSERT INTO jobs
            (source, external_id, title, company, city, region, country,
             is_remote, salary_min, salary_max, salary_mid, url, date_posted)
        VALUES
            (?, ?, ?, ?, ?, ?, ?,
             ?, ?, ?, ?, ?, ?)
        ON CONFLICT (source, external_id) DO NOTHING
        RETURNING id;
    ]
[parameters: ('adzuna', '5680355686', 'GIS Backend Developer((Top Secret Clearance)= Washington, DC', 'NasTech Global, Inc.', 'Mount Rainier', "Prince George's County", None, False, 114982.85, 114982.85, 114982.85, 'https://www.adzuna.com/land/ad/5680355686?se=hkIzAlE28RGoFf1pnMrDDQ&utm_medium=api&utm_source=8d05c7a4&v=61375C8CB595C27BBBDD61B6F2130CD02F31E571', '2026-03-27')]
(Background on this error at: https://sqlalche.me/e/20/e3q8)
2026-04-12 19:08:21,127  WARNING     Skipping row due to error: (sqlite3.OperationalError) near "RETURNING": syntax error
[SQL: 
        INSERT INTO jobs
            (source, external_id, title, company, city, region, country,
             is_remote, salary_min, salary_max, salary_mid, url, date_posted)
        VALUES
            (?, ?, ?, ?, ?, ?, ?,
             ?, ?, ?, ?, ?, ?)
        ON CONFLICT (source, external_id) DO NOTHING
        RETURNING id;
    ]
[parameters: ('adzuna', '5624686753', 'Backend Developer - Remote', 'ARKLOGIC, LLC', 'US', None, None, False, 137750.66, 137750.66, 137750.66, 'https://www.adzuna.com/details/5624686753?utm_medium=api&utm_source=8d05c7a4', '2026-02-11')]
(Background on this error at: https://sqlalche.me/e/20/e3q8)
2026-04-12 19:08:21,128  WARNING     Skipping row due to error: (sqlite3.OperationalError) near "RETURNING": syntax error
[SQL: 
        INSERT INTO jobs
            (source, external_id, title, company, city, region, country,
             is_remote, salary_min, salary_max, salary_mid, url, date_posted)
        VALUES
            (?, ?, ?, ?, ?, ?, ?,
             ?, ?, ?, ?, ?, ?)
        ON CONFLICT (source, external_id) DO NOTHING
        RETURNING id;
    ]
[parameters: ('adzuna', '5469862915', 'Java Backend Developer', 'Sapsol Technologies Inc', 'Alpharetta', 'Fulton County', None, False, 660.0, 720.0, 690.0, 'https://www.adzuna.com/details/5469862915?utm_medium=api&utm_source=8d05c7a4', '2025-10-29')]
(Background on this error at: https://sqlalche.me/e/20/e3q8)
2026-04-12 19:08:21,130  WARNING     Skipping row due to error: (sqlite3.OperationalError) near "RETURNING": syntax error
[SQL: 
        INSERT INTO jobs
            (source, external_id, title, company, city, region, country,
             is_remote, salary_min, salary_max, salary_mid, url, date_posted)
        VALUES
            (?, ?, ?, ?, ?, ?, ?,
             ?, ?, ?, ?, ?, ?)
        ON CONFLICT (source, external_id) DO NOTHING
        RETURNING id;
    ]
[parameters: ('adzuna', '5678922455', 'Java Backend Developer', 'BuzzClan LLC', 'New York City', 'New York', None, False, 134069.97, 134069.97, 134069.97, 'https://www.adzuna.com/details/5678922455?utm_medium=api&utm_source=8d05c7a4', '2026-03-26')]
(Background on this error at: https://sqlalche.me/e/20/e3q8)
2026-04-12 19:08:21,131  WARNING     Skipping row due to error: (sqlite3.OperationalError) near "RETURNING": syntax error
[SQL: 
        INSERT INTO jobs
            (source, external_id, title, company, city, region, country,
             is_remote, salary_min, salary_max, salary_mid, url, date_posted)
        VALUES
            (?, ?, ?, ?, ?, ?, ?,
             ?, ?, ?, ?, ?, ?)
        ON CONFLICT (source, external_id) DO NOTHING
        RETURNING id;
    ]
[parameters: ('adzuna', '5692786115', 'Backend Developer SME', 'Freedom Technology Solutions Group', 'Saint Louis', 'Saint Louis County', None, False, 177649.6, 177649.6, 177649.6, 'https://www.adzuna.com/land/ad/5692786115?se=hkIzAlE28RGoFf1pnMrDDQ&utm_medium=api&utm_source=8d05c7a4&v=00D2BE1A79082D394A374673C3B1E837B67C8F56', '2026-04-08')]
(Background on this error at: https://sqlalche.me/e/20/e3q8)
2026-04-12 19:08:21,132  WARNING     Skipping row due to error: (sqlite3.OperationalError) near "RETURNING": syntax error
[SQL: 
        INSERT INTO jobs
            (source, external_id, title, company, city, region, country,
             is_remote, salary_min, salary_max, salary_mid, url, date_posted)
        VALUES
            (?, ?, ?, ?, ?, ?, ?,
             ?, ?, ?, ?, ?, ?)
        ON CONFLICT (source, external_id) DO NOTHING
        RETURNING id;
    ]
[parameters: ('adzuna', '5692909802', 'Backend Developer Senior', 'Freedom Technology Solutions Group', 'Saint Louis', 'Saint Louis County', None, False, 150057.19, 150057.19, 150057.19, 'https://www.adzuna.com/land/ad/5692909802?se=hkIzAlE28RGoFf1pnMrDDQ&utm_medium=api&utm_source=8d05c7a4&v=7906DB95E2BEA613141BCDAB1429DC25F46513CF', '2026-04-08')]
(Background on this error at: https://sqlalche.me/e/20/e3q8)
2026-04-12 19:08:21,133  WARNING     Skipping row due to error: (sqlite3.OperationalError) near "RETURNING": syntax error
[SQL: 
        INSERT INTO jobs
            (source, external_id, title, company, city, region, country,
             is_remote, salary_min, salary_max, salary_mid, url, date_posted)
        VALUES
            (?, ?, ?, ?, ?, ?, ?,
             ?, ?, ?, ?, ?, ?)
        ON CONFLICT (source, external_id) DO NOTHING
        RETURNING id;
    ]
[parameters: ('adzuna', '5683627104', 'Java Backend Developer', 'Astratek', 'Ashburn', 'Loudoun County', None, False, 113752.34, 113752.34, 113752.34, 'https://www.adzuna.com/details/5683627104?utm_medium=api&utm_source=8d05c7a4', '2026-03-30')]
(Background on this error at: https://sqlalche.me/e/20/e3q8)
2026-04-12 19:08:21,134  WARNING     Skipping row due to error: (sqlite3.OperationalError) near "RETURNING": syntax error
[SQL: 
        INSERT INTO jobs
            (source, external_id, title, company, city, region, country,
             is_remote, salary_min, salary_max, salary_mid, url, date_posted)
        VALUES
            (?, ?, ?, ?, ?, ?, ?,
             ?, ?, ?, ?, ?, ?)
        ON CONFLICT (source, external_id) DO NOTHING
        RETURNING id;
    ]
[parameters: ('adzuna', '5695802110', 'Java Backend Developer', "Rayomind Software Solutions LLC, DBA, Hire'in Solutions", 'Charlotte', 'Mecklenburg County', None, False, 127637.37, 127637.37, 127637.37, 'https://www.adzuna.com/details/5695802110?utm_medium=api&utm_source=8d05c7a4', '2026-04-10')]
(Background on this error at: https://sqlalche.me/e/20/e3q8)
2026-04-12 19:08:21,135  WARNING     Skipping row due to error: (sqlite3.OperationalError) near "RETURNING": syntax error
[SQL: 
        INSERT INTO jobs
            (source, external_id, title, company, city, region, country,
             is_remote, salary_min, salary_max, salary_mid, url, date_posted)
        VALUES
            (?, ?, ?, ?, ?, ?, ?,
             ?, ?, ?, ?, ?, ?)
        ON CONFLICT (source, external_id) DO NOTHING
        RETURNING id;
    ]
[parameters: ('adzuna', '5683633545', 'Java Backend Developer', "Rayomind Software Solutions LLC, DBA, Hire'in Solutions", 'Five Corners', 'Hudson County', None, False, 141220.53, 141220.53, 141220.53, 'https://www.adzuna.com/details/5683633545?utm_medium=api&utm_source=8d05c7a4', '2026-03-30')]
(Background on this error at: https://sqlalche.me/e/20/e3q8)
2026-04-12 19:08:21,136  WARNING     Skipping row due to error: (sqlite3.OperationalError) near "RETURNING": syntax error
[SQL: 
        INSERT INTO jobs
            (source, external_id, title, company, city, region, country,
             is_remote, salary_min, salary_max, salary_mid, url, date_posted)
        VALUES
            (?, ?, ?, ?, ?, ?, ?,
             ?, ?, ?, ?, ?, ?)
        ON CONFLICT (source, external_id) DO NOTHING
        RETURNING id;
    ]
[parameters: ('adzuna', '2426415321', 'Senior Backend Developer', 'Allnessinc', 'Brooklyn', 'New York City', None, False, 145000.0, 150000.0, 147500.0, 'https://www.adzuna.com/details/2426415321?utm_medium=api&utm_source=8d05c7a4', '2021-09-02')]
(Background on this error at: https://sqlalche.me/e/20/e3q8)
2026-04-12 19:08:21,137  WARNING     Skipping row due to error: (sqlite3.OperationalError) near "RETURNING": syntax error
[SQL: 
        INSERT INTO jobs
            (source, external_id, title, company, city, region, country,
             is_remote, salary_min, salary_max, salary_mid, url, date_posted)
        VALUES
            (?, ?, ?, ?, ?, ?, ?,
             ?, ?, ?, ?, ?, ?)
        ON CONFLICT (source, external_id) DO NOTHING
        RETURNING id;
    ]
[parameters: ('adzuna', '5683639189', 'Java Backend Developer', 'Brains Technology Solution', 'New York City', 'New York', None, False, 177459.6, 177459.6, 177459.6, 'https://www.adzuna.com/details/5683639189?utm_medium=api&utm_source=8d05c7a4', '2026-03-30')]
(Background on this error at: https://sqlalche.me/e/20/e3q8)
2026-04-12 19:08:21,137  WARNING     Skipping row due to error: (sqlite3.OperationalError) near "RETURNING": syntax error
[SQL: 
        INSERT INTO jobs
            (source, external_id, title, company, city, region, country,
             is_remote, salary_min, salary_max, salary_mid, url, date_posted)
        VALUES
            (?, ?, ?, ?, ?, ?, ?,
             ?, ?, ?, ?, ?, ?)
        ON CONFLICT (source, external_id) DO NOTHING
        RETURNING id;
    ]
[parameters: ('adzuna', '5696116128', 'Java Backend Developer', 'ClifyX', 'Bee Cave', 'Travis County', None, False, 99239.84, 99239.84, 99239.84, 'https://www.adzuna.com/details/5696116128?utm_medium=api&utm_source=8d05c7a4', '2026-04-10')]
(Background on this error at: https://sqlalche.me/e/20/e3q8)
2026-04-12 19:08:21,138  WARNING     Skipping row due to error: (sqlite3.OperationalError) near "RETURNING": syntax error
[SQL: 
        INSERT INTO jobs
            (source, external_id, title, company, city, region, country,
             is_remote, salary_min, salary_max, salary_mid, url, date_posted)
        VALUES
            (?, ?, ?, ?, ?, ?, ?,
             ?, ?, ?, ?, ?, ?)
        ON CONFLICT (source, external_id) DO NOTHING
        RETURNING id;
    ]
[parameters: ('adzuna', '5566080450', 'Senior Backend Developer', 'Clinch', 'US', None, None, False, 156617.11, 156617.11, 156617.11, 'https://www.adzuna.com/details/5566080450?utm_medium=api&utm_source=8d05c7a4', '2026-01-03')]
(Background on this error at: https://sqlalche.me/e/20/e3q8)
2026-04-12 19:08:21,139  WARNING     Skipping row due to error: (sqlite3.OperationalError) near "RETURNING": syntax error
[SQL: 
        INSERT INTO jobs
            (source, external_id, title, company, city, region, country,
             is_remote, salary_min, salary_max, salary_mid, url, date_posted)
        VALUES
            (?, ?, ?, ?, ?, ?, ?,
             ?, ?, ?, ?, ?, ?)
        ON CONFLICT (source, external_id) DO NOTHING
        RETURNING id;
    ]
[parameters: ('adzuna', '5683635084', 'Java Backend Developer', 'Fusion Global Solutions', 'Phoenix', 'Maricopa County', None, False, 94611.55, 94611.55, 94611.55, 'https://www.adzuna.com/details/5683635084?utm_medium=api&utm_source=8d05c7a4', '2026-03-30')]
(Background on this error at: https://sqlalche.me/e/20/e3q8)
2026-04-12 19:08:21,139  WARNING     Skipping row due to error: (sqlite3.OperationalError) near "RETURNING": syntax error
[SQL: 
        INSERT INTO jobs
            (source, external_id, title, company, city, region, country,
             is_remote, salary_min, salary_max, salary_mid, url, date_posted)
        VALUES
            (?, ?, ?, ?, ?, ?, ?,
             ?, ?, ?, ?, ?, ?)
        ON CONFLICT (source, external_id) DO NOTHING
        RETURNING id;
    ]
[parameters: ('adzuna', '5689332170', 'Java Backend Developer', 'APLOMB Technologies', 'South Des Moines', 'Polk County', None, False, 126217.14, 126217.14, 126217.14, 'https://www.adzuna.com/details/5689332170?utm_medium=api&utm_source=8d05c7a4', '2026-04-03')]
(Background on this error at: https://sqlalche.me/e/20/e3q8)
2026-04-12 19:08:21,141  WARNING     Skipping row due to error: (sqlite3.OperationalError) near "RETURNING": syntax error
[SQL: 
        INSERT INTO jobs
            (source, external_id, title, company, city, region, country,
             is_remote, salary_min, salary_max, salary_mid, url, date_posted)
        VALUES
            (?, ?, ?, ?, ?, ?, ?,
             ?, ?, ?, ?, ?, ?)
        ON CONFLICT (source, external_id) DO NOTHING
        RETURNING id;
    ]
[parameters: ('adzuna', '5683637023', 'Python Backend Developer', 'NextXap, Inc.', 'Bee Cave', 'Travis County', None, False, 95728.35, 95728.35, 95728.35, 'https://www.adzuna.com/details/5683637023?utm_medium=api&utm_source=8d05c7a4', '2026-03-30')]
(Background on this error at: https://sqlalche.me/e/20/e3q8)
2026-04-12 19:08:21,142  WARNING     Skipping row due to error: (sqlite3.OperationalError) near "RETURNING": syntax error
[SQL: 
        INSERT INTO jobs
            (source, external_id, title, company, city, region, country,
             is_remote, salary_min, salary_max, salary_mid, url, date_posted)
        VALUES
            (?, ?, ?, ?, ?, ?, ?,
             ?, ?, ?, ?, ?, ?)
        ON CONFLICT (source, external_id) DO NOTHING
        RETURNING id;
    ]
[parameters: ('adzuna', '5683632659', 'Java - Backend Developer', 'Photon', 'Berkeley Heights', 'Union County', None, False, 122489.58, 122489.58, 122489.58, 'https://www.adzuna.com/details/5683632659?utm_medium=api&utm_source=8d05c7a4', '2026-03-30')]
(Background on this error at: https://sqlalche.me/e/20/e3q8)
2026-04-12 19:08:21,144  WARNING     Skipping row due to error: (sqlite3.OperationalError) near "RETURNING": syntax error
[SQL: 
        INSERT INTO jobs
            (source, external_id, title, company, city, region, country,
             is_remote, salary_min, salary_max, salary_mid, url, date_posted)
        VALUES
            (?, ?, ?, ?, ?, ?, ?,
             ?, ?, ?, ?, ?, ?)
        ON CONFLICT (source, external_id) DO NOTHING
        RETURNING id;
    ]
[parameters: ('adzuna', '5695304004', 'Java Backend Developer', 'Wissen Infotech', 'Irving', 'Dallas', None, False, 102454.41, 102454.41, 102454.41, 'https://www.adzuna.com/details/5695304004?utm_medium=api&utm_source=8d05c7a4', '2026-04-10')]
(Background on this error at: https://sqlalche.me/e/20/e3q8)
2026-04-12 19:08:21,145  WARNING     Skipping row due to error: (sqlite3.OperationalError) near "RETURNING": syntax error
[SQL: 
        INSERT INTO jobs
            (source, external_id, title, company, city, region, country,
             is_remote, salary_min, salary_max, salary_mid, url, date_posted)
        VALUES
            (?, ?, ?, ?, ?, ?, ?,
             ?, ?, ?, ?, ?, ?)
        ON CONFLICT (source, external_id) DO NOTHING
        RETURNING id;
    ]
[parameters: ('adzuna', '5695806385', 'Java Backend Developer', 'IT-SCIENT', 'Charlotte', 'Mecklenburg County', None, False, 123311.31, 123311.31, 123311.31, 'https://www.adzuna.com/details/5695806385?utm_medium=api&utm_source=8d05c7a4', '2026-04-10')]
(Background on this error at: https://sqlalche.me/e/20/e3q8)
2026-04-12 19:08:21,146  WARNING     Skipping row due to error: (sqlite3.OperationalError) near "RETURNING": syntax error
[SQL: 
        INSERT INTO jobs
            (source, external_id, title, company, city, region, country,
             is_remote, salary_min, salary_max, salary_mid, url, date_posted)
        VALUES
            (?, ?, ?, ?, ?, ?, ?,
             ?, ?, ?, ?, ?, ?)
        ON CONFLICT (source, external_id) DO NOTHING
        RETURNING id;
    ]
[parameters: ('adzuna', '5670067896', 'Sr Backend Developer', 'Insight Global', 'Arlington', 'Tarrant County', None, False, 131099.81, 131099.81, 131099.81, 'https://www.adzuna.com/details/5670067896?utm_medium=api&utm_source=8d05c7a4', '2026-03-17')]
(Background on this error at: https://sqlalche.me/e/20/e3q8)
2026-04-12 19:08:21,146  WARNING     Skipping row due to error: (sqlite3.OperationalError) near "RETURNING": syntax error
[SQL: 
        INSERT INTO jobs
            (source, external_id, title, company, city, region, country,
             is_remote, salary_min, salary_max, salary_mid, url, date_posted)
        VALUES
            (?, ?, ?, ?, ?, ?, ?,
             ?, ?, ?, ?, ?, ?)
        ON CONFLICT (source, external_id) DO NOTHING
        RETURNING id;
    ]
[parameters: ('adzuna', '5692160781', 'Java Backend Developer', 'Ova Technologies', 'US', None, None, False, 125971.94, 125971.94, 125971.94, 'https://www.adzuna.com/details/5692160781?utm_medium=api&utm_source=8d05c7a4', '2026-04-07')]
(Background on this error at: https://sqlalche.me/e/20/e3q8)
2026-04-12 19:08:21,147  WARNING     Skipping row due to error: (sqlite3.OperationalError) near "RETURNING": syntax error
[SQL: 
        INSERT INTO jobs
            (source, external_id, title, company, city, region, country,
             is_remote, salary_min, salary_max, salary_mid, url, date_posted)
        VALUES
            (?, ?, ?, ?, ?, ?, ?,
             ?, ?, ?, ?, ?, ?)
        ON CONFLICT (source, external_id) DO NOTHING
        RETURNING id;
    ]
[parameters: ('adzuna', '5692713773', 'Python Backend Developer', 'TSR Consulting Services, Inc.', 'Irving', 'Dallas', None, False, 101568.63, 101568.63, 101568.63, 'https://www.adzuna.com/details/5692713773?utm_medium=api&utm_source=8d05c7a4', '2026-04-07')]
(Background on this error at: https://sqlalche.me/e/20/e3q8)
2026-04-12 19:08:21,149  WARNING     Skipping row due to error: (sqlite3.OperationalError) near "RETURNING": syntax error
[SQL: 
        INSERT INTO jobs
            (source, external_id, title, company, city, region, country,
             is_remote, salary_min, salary_max, salary_mid, url, date_posted)
        VALUES
            (?, ?, ?, ?, ?, ?, ?,
             ?, ?, ?, ?, ?, ?)
        ON CONFLICT (source, external_id) DO NOTHING
        RETURNING id;
    ]
[parameters: ('adzuna', '5647755870', 'Java Backend Developer', 'Motion Recruitment Partners', 'Irving', 'Dallas', None, False, 127236.91, 127236.91, 127236.91, 'https://www.adzuna.com/details/5647755870?utm_medium=api&utm_source=8d05c7a4', '2026-02-27')]
(Background on this error at: https://sqlalche.me/e/20/e3q8)
2026-04-12 19:08:21,150  WARNING     Skipping row due to error: (sqlite3.OperationalError) near "RETURNING": syntax error
[SQL: 
        INSERT INTO jobs
            (source, external_id, title, company, city, region, country,
             is_remote, salary_min, salary_max, salary_mid, url, date_posted)
        VALUES
            (?, ?, ?, ?, ?, ?, ?,
             ?, ?, ?, ?, ?, ?)
        ON CONFLICT (source, external_id) DO NOTHING
        RETURNING id;
    ]
[parameters: ('adzuna', '5683633263', 'Java Backend Developer', 'Motion Recruitment Partners, LLC', 'Irving', 'Dallas', None, False, 128757.98, 128757.98, 128757.98, 'https://www.adzuna.com/details/5683633263?utm_medium=api&utm_source=8d05c7a4', '2026-03-30')]
(Background on this error at: https://sqlalche.me/e/20/e3q8)
2026-04-12 19:08:21,151  WARNING     Skipping row due to error: (sqlite3.OperationalError) near "RETURNING": syntax error
[SQL: 
        INSERT INTO jobs
            (source, external_id, title, company, city, region, country,
             is_remote, salary_min, salary_max, salary_mid, url, date_posted)
        VALUES
            (?, ?, ?, ?, ?, ?, ?,
             ?, ?, ?, ?, ?, ?)
        ON CONFLICT (source, external_id) DO NOTHING
        RETURNING id;
    ]
[parameters: ('adzuna', '5612420372', 'Java BackEnd Developer', 'BTI Solutions', 'Ridgefield Park', 'Bergen County', None, False, 178942.2, 178942.2, 178942.2, 'https://www.adzuna.com/details/5612420372?utm_medium=api&utm_source=8d05c7a4', '2026-02-03')]
(Background on this error at: https://sqlalche.me/e/20/e3q8)
2026-04-12 19:08:21,151  WARNING     Skipping row due to error: (sqlite3.OperationalError) near "RETURNING": syntax error
[SQL: 
        INSERT INTO jobs
            (source, external_id, title, company, city, region, country,
             is_remote, salary_min, salary_max, salary_mid, url, date_posted)
        VALUES
            (?, ?, ?, ?, ?, ?, ?,
             ?, ?, ?, ?, ?, ?)
        ON CONFLICT (source, external_id) DO NOTHING
        RETURNING id;
    ]
[parameters: ('adzuna', '5679831323', 'Lead Backend Developer', 'CBTS', 'US', None, None, False, 161728.97, 161728.97, 161728.97, 'https://www.adzuna.com/details/5679831323?utm_medium=api&utm_source=8d05c7a4', '2026-03-26')]
(Background on this error at: https://sqlalche.me/e/20/e3q8)
2026-04-12 19:08:21,152  WARNING     Skipping row due to error: (sqlite3.OperationalError) near "RETURNING": syntax error
[SQL: 
        INSERT INTO jobs
            (source, external_id, title, company, city, region, country,
             is_remote, salary_min, salary_max, salary_mid, url, date_posted)
        VALUES
            (?, ?, ?, ?, ?, ?, ?,
             ?, ?, ?, ?, ?, ?)
        ON CONFLICT (source, external_id) DO NOTHING
        RETURNING id;
    ]
[parameters: ('adzuna', '5586901345', 'Backend Developer 1684601', 'Network Designs', 'Tysons Corner', 'Fairfax County', None, False, 121486.0, 148840.0, 135163.0, 'https://www.adzuna.com/details/5586901345?utm_medium=api&utm_source=8d05c7a4', '2026-01-15')]
(Background on this error at: https://sqlalche.me/e/20/e3q8)
2026-04-12 19:08:21,152  WARNING     Skipping row due to error: (sqlite3.OperationalError) near "RETURNING": syntax error
[SQL: 
        INSERT INTO jobs
            (source, external_id, title, company, city, region, country,
             is_remote, salary_min, salary_max, salary_mid, url, date_posted)
        VALUES
            (?, ?, ?, ?, ?, ?, ?,
             ?, ?, ?, ?, ?, ?)
        ON CONFLICT (source, external_id) DO NOTHING
        RETURNING id;
    ]
[parameters: ('adzuna', '4804468199', 'Lead Backend Developer', 'Aim4Hire', 'Austin', 'Travis County', None, False, 129913.22, 129913.22, 129913.22, 'https://www.adzuna.com/details/4804468199?utm_medium=api&utm_source=8d05c7a4', '2024-08-01')]
(Background on this error at: https://sqlalche.me/e/20/e3q8)
2026-04-12 19:08:21,153  WARNING     Skipping row due to error: (sqlite3.OperationalError) near "RETURNING": syntax error
[SQL: 
        INSERT INTO jobs
            (source, external_id, title, company, city, region, country,
             is_remote, salary_min, salary_max, salary_mid, url, date_posted)
        VALUES
            (?, ?, ?, ?, ?, ?, ?,
             ?, ?, ?, ?, ?, ?)
        ON CONFLICT (source, external_id) DO NOTHING
        RETURNING id;
    ]
[parameters: ('adzuna', '5688792358', 'C# Backend Developer', 'Trinity Technology Solutions LLC', 'Highland Beach', 'Palm Beach County', None, False, 145254.95, 145254.95, 145254.95, 'https://www.adzuna.com/details/5688792358?utm_medium=api&utm_source=8d05c7a4', '2026-04-03')]
(Background on this error at: https://sqlalche.me/e/20/e3q8)
2026-04-12 19:08:21,154  WARNING     Skipping row due to error: (sqlite3.OperationalError) near "RETURNING": syntax error
[SQL: 
        INSERT INTO jobs
            (source, external_id, title, company, city, region, country,
             is_remote, salary_min, salary_max, salary_mid, url, date_posted)
        VALUES
            (?, ?, ?, ?, ?, ?, ?,
             ?, ?, ?, ?, ?, ?)
        ON CONFLICT (source, external_id) DO NOTHING
        RETURNING id;
    ]
[parameters: ('adzuna', '5663871754', 'Java Backend Developer', 'Infosys', 'US', None, None, False, 113194.16, 113194.16, 113194.16, 'https://www.adzuna.com/land/ad/5663871754?se=EDd8A1E28RG_J8d0bkVF5A&utm_medium=api&utm_source=8d05c7a4&v=128E28CD80025AC837B81A8246E9CC33D7CB552F', '2026-03-13')]
(Background on this error at: https://sqlalche.me/e/20/e3q8)
2026-04-12 19:08:21,155  WARNING     Skipping row due to error: (sqlite3.OperationalError) near "RETURNING": syntax error
[SQL: 
        INSERT INTO jobs
            (source, external_id, title, company, city, region, country,
             is_remote, salary_min, salary_max, salary_mid, url, date_posted)
        VALUES
            (?, ?, ?, ?, ?, ?, ?,
             ?, ?, ?, ?, ?, ?)
        ON CONFLICT (source, external_id) DO NOTHING
        RETURNING id;
    ]
[parameters: ('adzuna', '5684184276', 'Java Backend Developer', 'SynergisticIT', 'Boise', 'Ada County', None, False, 90585.99, 90585.99, 90585.99, 'https://www.adzuna.com/details/5684184276?utm_medium=api&utm_source=8d05c7a4', '2026-03-31')]
(Background on this error at: https://sqlalche.me/e/20/e3q8)
2026-04-12 19:08:21,156  WARNING     Skipping row due to error: (sqlite3.OperationalError) near "RETURNING": syntax error
[SQL: 
        INSERT INTO jobs
            (source, external_id, title, company, city, region, country,
             is_remote, salary_min, salary_max, salary_mid, url, date_posted)
        VALUES
            (?, ?, ?, ?, ?, ?, ?,
             ?, ?, ?, ?, ?, ?)
        ON CONFLICT (source, external_id) DO NOTHING
        RETURNING id;
    ]
[parameters: ('adzuna', '5683634584', 'Java Backend Developer', 'LTIMindtree', 'Berkeley Heights', 'Union County', None, False, 122437.95, 122437.95, 122437.95, 'https://www.adzuna.com/details/5683634584?utm_medium=api&utm_source=8d05c7a4', '2026-03-30')]
(Background on this error at: https://sqlalche.me/e/20/e3q8)
2026-04-12 19:08:21,157  WARNING     Skipping row due to error: (sqlite3.OperationalError) near "RETURNING": syntax error
[SQL: 
        INSERT INTO jobs
            (source, external_id, title, company, city, region, country,
             is_remote, salary_min, salary_max, salary_mid, url, date_posted)
        VALUES
            (?, ?, ?, ?, ?, ?, ?,
             ?, ?, ?, ?, ?, ?)
        ON CONFLICT (source, external_id) DO NOTHING
        RETURNING id;
    ]
[parameters: ('adzuna', '5691582384', 'TCL Backend Developer', 'Smartwork IT Services', 'Plano', 'Collin County', None, False, 167644.05, 167644.05, 167644.05, 'https://www.adzuna.com/details/5691582384?utm_medium=api&utm_source=8d05c7a4', '2026-04-06')]
(Background on this error at: https://sqlalche.me/e/20/e3q8)
2026-04-12 19:08:21,158  WARNING     Skipping row due to error: (sqlite3.OperationalError) near "RETURNING": syntax error
[SQL: 
        INSERT INTO jobs
            (source, external_id, title, company, city, region, country,
             is_remote, salary_min, salary_max, salary_mid, url, date_posted)
        VALUES
            (?, ?, ?, ?, ?, ?, ?,
             ?, ?, ?, ?, ?, ?)
        ON CONFLICT (source, external_id) DO NOTHING
        RETURNING id;
    ]
[parameters: ('adzuna', '5683635311', '.NET Backend Developer', 'AgreeYa Solutions', 'Fremont', 'Alameda County', None, False, 110290.41, 110290.41, 110290.41, 'https://www.adzuna.com/details/5683635311?utm_medium=api&utm_source=8d05c7a4', '2026-03-30')]
(Background on this error at: https://sqlalche.me/e/20/e3q8)
2026-04-12 19:08:21,158  WARNING     Skipping row due to error: (sqlite3.OperationalError) near "RETURNING": syntax error
[SQL: 
        INSERT INTO jobs
            (source, external_id, title, company, city, region, country,
             is_remote, salary_min, salary_max, salary_mid, url, date_posted)
        VALUES
            (?, ?, ?, ?, ?, ?, ?,
             ?, ?, ?, ?, ?, ?)
        ON CONFLICT (source, external_id) DO NOTHING
        RETURNING id;
    ]
[parameters: ('adzuna', '5683250601', 'Java Backend Developer', 'Photon', 'Berkeley Heights', 'Union County', None, False, 124133.82, 124133.82, 124133.82, 'https://www.adzuna.com/details/5683250601?utm_medium=api&utm_source=8d05c7a4', '2026-03-30')]
(Background on this error at: https://sqlalche.me/e/20/e3q8)
2026-04-12 19:08:21,159  WARNING     Skipping row due to error: (sqlite3.OperationalError) near "RETURNING": syntax error
[SQL: 
        INSERT INTO jobs
            (source, external_id, title, company, city, region, country,
             is_remote, salary_min, salary_max, salary_mid, url, date_posted)
        VALUES
            (?, ?, ?, ?, ?, ?, ?,
             ?, ?, ?, ?, ?, ?)
        ON CONFLICT (source, external_id) DO NOTHING
        RETURNING id;
    ]
[parameters: ('adzuna', '5696067036', 'Java Backend Developer', 'Photon', 'Berkeley Heights', 'Union County', None, False, 123369.42, 123369.42, 123369.42, 'https://www.adzuna.com/details/5696067036?utm_medium=api&utm_source=8d05c7a4', '2026-04-10')]
(Background on this error at: https://sqlalche.me/e/20/e3q8)
2026-04-12 19:08:21,159  WARNING     Skipping row due to error: (sqlite3.OperationalError) near "RETURNING": syntax error
[SQL: 
        INSERT INTO jobs
            (source, external_id, title, company, city, region, country,
             is_remote, salary_min, salary_max, salary_mid, url, date_posted)
        VALUES
            (?, ?, ?, ?, ?, ?, ?,
             ?, ?, ?, ?, ?, ?)
        ON CONFLICT (source, external_id) DO NOTHING
        RETURNING id;
    ]
[parameters: ('adzuna', '5696067050', 'Java Backend Developer', 'Photon', 'Alpharetta', 'Fulton County', None, False, 128365.04, 128365.04, 128365.04, 'https://www.adzuna.com/details/5696067050?utm_medium=api&utm_source=8d05c7a4', '2026-04-10')]
(Background on this error at: https://sqlalche.me/e/20/e3q8)
2026-04-12 19:08:21,160  WARNING     Skipping row due to error: (sqlite3.OperationalError) near "RETURNING": syntax error
[SQL: 
        INSERT INTO jobs
            (source, external_id, title, company, city, region, country,
             is_remote, salary_min, salary_max, salary_mid, url, date_posted)
        VALUES
            (?, ?, ?, ?, ?, ?, ?,
             ?, ?, ?, ?, ?, ?)
        ON CONFLICT (source, external_id) DO NOTHING
        RETURNING id;
    ]
[parameters: ('adzuna', '5690457774', 'Senior Backend Developer', 'Sedgwick', 'US', None, None, False, 114185.58, 114185.58, 114185.58, 'https://www.adzuna.com/details/5690457774?utm_medium=api&utm_source=8d05c7a4', '2026-04-05')]
(Background on this error at: https://sqlalche.me/e/20/e3q8)
2026-04-12 19:08:21,161  WARNING     Skipping row due to error: (sqlite3.OperationalError) near "RETURNING": syntax error
[SQL: 
        INSERT INTO jobs
            (source, external_id, title, company, city, region, country,
             is_remote, salary_min, salary_max, salary_mid, url, date_posted)
        VALUES
            (?, ?, ?, ?, ?, ?, ?,
             ?, ?, ?, ?, ?, ?)
        ON CONFLICT (source, external_id) DO NOTHING
        RETURNING id;
    ]
[parameters: ('adzuna', '5697383517', 'Intermediate Backend Developer', 'Smile Digital Health', 'US', None, None, False, 106144.38, 106144.38, 106144.38, 'https://www.adzuna.com/details/5697383517?utm_medium=api&utm_source=8d05c7a4', '2026-04-12')]
(Background on this error at: https://sqlalche.me/e/20/e3q8)
2026-04-12 19:08:21,162  WARNING     Skipping row due to error: (sqlite3.OperationalError) near "RETURNING": syntax error
[SQL: 
        INSERT INTO jobs
            (source, external_id, title, company, city, region, country,
             is_remote, salary_min, salary_max, salary_mid, url, date_posted)
        VALUES
            (?, ?, ?, ?, ?, ?, ?,
             ?, ?, ?, ?, ?, ?)
        ON CONFLICT (source, external_id) DO NOTHING
        RETURNING id;
    ]
[parameters: ('adzuna', '5683631302', 'Java Backend Developer', 'CBTS', 'Hyde Park', 'Hamilton County', None, False, 124840.09, 124840.09, 124840.09, 'https://www.adzuna.com/details/5683631302?utm_medium=api&utm_source=8d05c7a4', '2026-03-30')]
(Background on this error at: https://sqlalche.me/e/20/e3q8)
2026-04-12 19:08:21,163  WARNING     Skipping row due to error: (sqlite3.OperationalError) near "RETURNING": syntax error
[SQL: 
        INSERT INTO jobs
            (source, external_id, title, company, city, region, country,
             is_remote, salary_min, salary_max, salary_mid, url, date_posted)
        VALUES
            (?, ?, ?, ?, ?, ?, ?,
             ?, ?, ?, ?, ?, ?)
        ON CONFLICT (source, external_id) DO NOTHING
        RETURNING id;
    ]
[parameters: ('adzuna', '5672636206', 'Senior Backend Developer', 'ShyftLabs', 'Toronto', 'Woodson County', None, False, 100000.0, 140000.0, 120000.0, 'https://www.adzuna.com/details/5672636206?utm_medium=api&utm_source=8d05c7a4', '2026-03-19')]
(Background on this error at: https://sqlalche.me/e/20/e3q8)
2026-04-12 19:08:21,164  WARNING     Skipping row due to error: (sqlite3.OperationalError) near "RETURNING": syntax error
[SQL: 
        INSERT INTO jobs
            (source, external_id, title, company, city, region, country,
             is_remote, salary_min, salary_max, salary_mid, url, date_posted)
        VALUES
            (?, ?, ?, ?, ?, ?, ?,
             ?, ?, ?, ?, ?, ?)
        ON CONFLICT (source, external_id) DO NOTHING
        RETURNING id;
    ]
[parameters: ('adzuna', '5640357145', 'Sr. Backend Developer', 'Varsity Spirit', 'Farmers Branch', 'Dallas', None, False, 101185.88, 101185.88, 101185.88, 'https://www.adzuna.com/details/5640357145?utm_medium=api&utm_source=8d05c7a4', '2026-02-21')]
(Background on this error at: https://sqlalche.me/e/20/e3q8)
2026-04-12 19:08:21,165  WARNING     Skipping row due to error: (sqlite3.OperationalError) near "RETURNING": syntax error
[SQL: 
        INSERT INTO jobs
            (source, external_id, title, company, city, region, country,
             is_remote, salary_min, salary_max, salary_mid, url, date_posted)
        VALUES
            (?, ?, ?, ?, ?, ?, ?,
             ?, ?, ?, ?, ?, ?)
        ON CONFLICT (source, external_id) DO NOTHING
        RETURNING id;
    ]
[parameters: ('adzuna', '5330803735', 'Backend Developer (NodeJS)', 'Identified Talent Solutions', 'Phoenix', 'Maricopa County', None, False, 132814.8, 132814.8, 132814.8, 'https://www.adzuna.com/details/5330803735?utm_medium=api&utm_source=8d05c7a4', '2025-07-31')]
(Background on this error at: https://sqlalche.me/e/20/e3q8)
2026-04-12 19:08:21,165  WARNING     Skipping row due to error: (sqlite3.OperationalError) near "RETURNING": syntax error
[SQL: 
        INSERT INTO jobs
            (source, external_id, title, company, city, region, country,
             is_remote, salary_min, salary_max, salary_mid, url, date_posted)
        VALUES
            (?, ?, ?, ?, ?, ?, ?,
             ?, ?, ?, ?, ?, ?)
        ON CONFLICT (source, external_id) DO NOTHING
        RETURNING id;
    ]
[parameters: ('adzuna', '4816792017', 'Python / Backend Developer', 'Wahooly', 'Austin', 'Travis County', None, False, 100635.22, 100635.22, 100635.22, 'https://www.adzuna.com/details/4816792017?utm_medium=api&utm_source=8d05c7a4', '2024-08-08')]
(Background on this error at: https://sqlalche.me/e/20/e3q8)
2026-04-12 19:08:21,166  WARNING     Skipping row due to error: (sqlite3.OperationalError) near "RETURNING": syntax error
[SQL: 
        INSERT INTO jobs
            (source, external_id, title, company, city, region, country,
             is_remote, salary_min, salary_max, salary_mid, url, date_posted)
        VALUES
            (?, ?, ?, ?, ?, ?, ?,
             ?, ?, ?, ?, ?, ?)
        ON CONFLICT (source, external_id) DO NOTHING
        RETURNING id;
    ]
[parameters: ('adzuna', '5543533392', 'Principal Backend Developer', 'Flagship Pioneering', 'Cambridge', 'Middlesex County', None, False, 152000.0, 209000.0, 180500.0, 'https://www.adzuna.com/details/5543533392?utm_medium=api&utm_source=8d05c7a4', '2025-12-15')]
(Background on this error at: https://sqlalche.me/e/20/e3q8)
2026-04-12 19:08:21,166  WARNING     Skipping row due to error: (sqlite3.OperationalError) near "RETURNING": syntax error
[SQL: 
        INSERT INTO jobs
            (source, external_id, title, company, city, region, country,
             is_remote, salary_min, salary_max, salary_mid, url, date_posted)
        VALUES
            (?, ?, ?, ?, ?, ?, ?,
             ?, ?, ?, ?, ?, ?)
        ON CONFLICT (source, external_id) DO NOTHING
        RETURNING id;
    ]
[parameters: ('adzuna', '5656412816', 'Sr Backend Developer', 'BDR Solutions', 'Herndon', 'Fairfax County', None, False, 138521.84, 138521.84, 138521.84, 'https://www.adzuna.com/details/5656412816?utm_medium=api&utm_source=8d05c7a4', '2026-03-06')]
(Background on this error at: https://sqlalche.me/e/20/e3q8)
2026-04-12 19:08:21,167  WARNING     Skipping row due to error: (sqlite3.OperationalError) near "RETURNING": syntax error
[SQL: 
        INSERT INTO jobs
            (source, external_id, title, company, city, region, country,
             is_remote, salary_min, salary_max, salary_mid, url, date_posted)
        VALUES
            (?, ?, ?, ?, ?, ?, ?,
             ?, ?, ?, ?, ?, ?)
        ON CONFLICT (source, external_id) DO NOTHING
        RETURNING id;
    ]
[parameters: ('adzuna', '5661164535', 'Sr. Java Backend Developer w/AWS cloud', 'Cognizant', 'Grandview Heights', 'Franklin County', None, False, 121407.19, 121407.19, 121407.19, 'https://www.adzuna.com/land/ad/5661164535?se=EDd8A1E28RG_J8d0bkVF5A&utm_medium=api&utm_source=8d05c7a4&v=757A559D9F6CA1AEB1F8E3FC29BA43263F410508', '2026-03-10')]
(Background on this error at: https://sqlalche.me/e/20/e3q8)
2026-04-12 19:08:21,168  WARNING     Skipping row due to error: (sqlite3.OperationalError) near "RETURNING": syntax error
[SQL: 
        INSERT INTO jobs
            (source, external_id, title, company, city, region, country,
             is_remote, salary_min, salary_max, salary_mid, url, date_posted)
        VALUES
            (?, ?, ?, ?, ?, ?, ?,
             ?, ?, ?, ?, ?, ?)
        ON CONFLICT (source, external_id) DO NOTHING
        RETURNING id;
    ]
[parameters: ('adzuna', '5658247759', 'Backend Web Developer', 'CGI Technologies and Solutions, Inc.', 'Lafayette', 'Lafayette Parish', None, False, 131907.47, 131907.47, 131907.47, 'https://www.adzuna.com/land/ad/5658247759?se=EDd8A1E28RG_J8d0bkVF5A&utm_medium=api&utm_source=8d05c7a4&v=B15D6FC9C799D1F23D1F824D7461ABCA9E942664', '2026-03-07')]
(Background on this error at: https://sqlalche.me/e/20/e3q8)
2026-04-12 19:08:21,169  WARNING     Skipping row due to error: (sqlite3.OperationalError) near "RETURNING": syntax error
[SQL: 
        INSERT INTO jobs
            (source, external_id, title, company, city, region, country,
             is_remote, salary_min, salary_max, salary_mid, url, date_posted)
        VALUES
            (?, ?, ?, ?, ?, ?, ?,
             ?, ?, ?, ?, ?, ?)
        ON CONFLICT (source, external_id) DO NOTHING
        RETURNING id;
    ]
[parameters: ('adzuna', '5687608522', 'Senior Java Backend Developer', 'Qode', 'Pittsburgh', 'Allegheny County', None, False, 141326.97, 141326.97, 141326.97, 'https://www.adzuna.com/details/5687608522?utm_medium=api&utm_source=8d05c7a4', '2026-04-02')]
(Background on this error at: https://sqlalche.me/e/20/e3q8)
2026-04-12 19:08:21,171  WARNING     Skipping row due to error: (sqlite3.OperationalError) near "RETURNING": syntax error
[SQL: 
        INSERT INTO jobs
            (source, external_id, title, company, city, region, country,
             is_remote, salary_min, salary_max, salary_mid, url, date_posted)
        VALUES
            (?, ?, ?, ?, ?, ?, ?,
             ?, ?, ?, ?, ?, ?)
        ON CONFLICT (source, external_id) DO NOTHING
        RETURNING id;
    ]
[parameters: ('adzuna', '5687608521', 'Senior Java Backend Developer', 'Qode', 'Highland Park', 'Dallas', None, False, 141015.3, 141015.3, 141015.3, 'https://www.adzuna.com/details/5687608521?utm_medium=api&utm_source=8d05c7a4', '2026-04-02')]
(Background on this error at: https://sqlalche.me/e/20/e3q8)
2026-04-12 19:08:21,172  WARNING     Skipping row due to error: (sqlite3.OperationalError) near "RETURNING": syntax error
[SQL: 
        INSERT INTO jobs
            (source, external_id, title, company, city, region, country,
             is_remote, salary_min, salary_max, salary_mid, url, date_posted)
        VALUES
            (?, ?, ?, ?, ?, ?, ?,
             ?, ?, ?, ?, ?, ?)
        ON CONFLICT (source, external_id) DO NOTHING
        RETURNING id;
    ]
[parameters: ('adzuna', '5655076452', 'Sr. Java Backend Developer', 'Two95 International Inc.', 'New York City', 'New York', None, False, 87289.01, 87289.01, 87289.01, 'https://www.adzuna.com/details/5655076452?utm_medium=api&utm_source=8d05c7a4', '2026-03-05')]
(Background on this error at: https://sqlalche.me/e/20/e3q8)
2026-04-12 19:08:21,173  WARNING     Skipping row due to error: (sqlite3.OperationalError) near "RETURNING": syntax error
[SQL: 
        INSERT INTO jobs
            (source, external_id, title, company, city, region, country,
             is_remote, salary_min, salary_max, salary_mid, url, date_posted)
        VALUES
            (?, ?, ?, ?, ?, ?, ?,
             ?, ?, ?, ?, ?, ?)
        ON CONFLICT (source, external_id) DO NOTHING
        RETURNING id;
    ]
[parameters: ('adzuna', '5584457555', 'Backend Developer (Streaming Focus)', 'Network Designs Inc.', 'Tysons Corner', 'Fairfax County', None, False, 121486.0, 148840.0, 135163.0, 'https://www.adzuna.com/details/5584457555?utm_medium=api&utm_source=8d05c7a4', '2026-01-14')]
(Background on this error at: https://sqlalche.me/e/20/e3q8)
2026-04-12 19:08:21,174  WARNING     Skipping row due to error: (sqlite3.OperationalError) near "RETURNING": syntax error
[SQL: 
        INSERT INTO jobs
            (source, external_id, title, company, city, region, country,
             is_remote, salary_min, salary_max, salary_mid, url, date_posted)
        VALUES
            (?, ?, ?, ?, ?, ?, ?,
             ?, ?, ?, ?, ?, ?)
        ON CONFLICT (source, external_id) DO NOTHING
        RETURNING id;
    ]
[parameters: ('adzuna', '5588558513', 'Software Engineer (Backend Developer)', 'PeopleLift', 'Las Vegas', 'Clark County', None, False, 174078.84, 174078.84, 174078.84, 'https://www.adzuna.com/details/5588558513?utm_medium=api&utm_source=8d05c7a4', '2026-01-16')]
(Background on this error at: https://sqlalche.me/e/20/e3q8)
2026-04-12 19:08:21,175  WARNING     Skipping row due to error: (sqlite3.OperationalError) near "RETURNING": syntax error
[SQL: 
        INSERT INTO jobs
            (source, external_id, title, company, city, region, country,
             is_remote, salary_min, salary_max, salary_mid, url, date_posted)
        VALUES
            (?, ?, ?, ?, ?, ?, ?,
             ?, ?, ?, ?, ?, ?)
        ON CONFLICT (source, external_id) DO NOTHING
        RETURNING id;
    ]
[parameters: ('adzuna', '5633622327', 'Backend Developer (NodeJS / Go)', 'AmpThink', 'Garland', 'Dallas', None, False, 65000.0, 80000.0, 72500.0, 'https://www.adzuna.com/details/5633622327?utm_medium=api&utm_source=8d05c7a4', '2026-02-17')]
(Background on this error at: https://sqlalche.me/e/20/e3q8)
2026-04-12 19:08:21,176  WARNING     Skipping row due to error: (sqlite3.OperationalError) near "RETURNING": syntax error
[SQL: 
        INSERT INTO jobs
            (source, external_id, title, company, city, region, country,
             is_remote, salary_min, salary_max, salary_mid, url, date_posted)
        VALUES
            (?, ?, ?, ?, ?, ?, ?,
             ?, ?, ?, ?, ?, ?)
        ON CONFLICT (source, external_id) DO NOTHING
        RETURNING id;
    ]
[parameters: ('adzuna', '5694421201', 'Senior Java Backend Developer', 'Optimuss Inc.', 'Highland Park', 'Dallas', None, False, 108813.55, 108813.55, 108813.55, 'https://www.adzuna.com/details/5694421201?utm_medium=api&utm_source=8d05c7a4', '2026-04-09')]
(Background on this error at: https://sqlalche.me/e/20/e3q8)
2026-04-12 19:08:21,177  WARNING     Skipping row due to error: (sqlite3.OperationalError) near "RETURNING": syntax error
[SQL: 
        INSERT INTO jobs
            (source, external_id, title, company, city, region, country,
             is_remote, salary_min, salary_max, salary_mid, url, date_posted)
        VALUES
            (?, ?, ?, ?, ?, ?, ?,
             ?, ?, ?, ?, ?, ?)
        ON CONFLICT (source, external_id) DO NOTHING
        RETURNING id;
    ]
[parameters: ('adzuna', '5639252991', 'Backend Developer Internship (Remote)', 'Springer Capital', 'Chicago', 'Cook County', None, False, 47091.22, 47091.22, 47091.22, 'https://www.adzuna.com/details/5639252991?utm_medium=api&utm_source=8d05c7a4', '2026-02-20')]
(Background on this error at: https://sqlalche.me/e/20/e3q8)
2026-04-12 19:08:21,178  WARNING     Skipping row due to error: (sqlite3.OperationalError) near "RETURNING": syntax error
[SQL: 
        INSERT INTO jobs
            (source, external_id, title, company, city, region, country,
             is_remote, salary_min, salary_max, salary_mid, url, date_posted)
        VALUES
            (?, ?, ?, ?, ?, ?, ?,
             ?, ?, ?, ?, ?, ?)
        ON CONFLICT (source, external_id) DO NOTHING
        RETURNING id;
    ]
[parameters: ('adzuna', '5686990310', 'AI2-Java Backend Developer', 'Lorven Technologies', 'Trammells', 'Harris County', None, False, 128673.41, 128673.41, 128673.41, 'https://www.adzuna.com/details/5686990310?utm_medium=api&utm_source=8d05c7a4', '2026-04-02')]
(Background on this error at: https://sqlalche.me/e/20/e3q8)
2026-04-12 19:08:21,179  WARNING     Skipping row due to error: (sqlite3.OperationalError) near "RETURNING": syntax error
[SQL: 
        INSERT INTO jobs
            (source, external_id, title, company, city, region, country,
             is_remote, salary_min, salary_max, salary_mid, url, date_posted)
        VALUES
            (?, ?, ?, ?, ?, ?, ?,
             ?, ?, ?, ?, ?, ?)
        ON CONFLICT (source, external_id) DO NOTHING
        RETURNING id;
    ]
[parameters: ('adzuna', '5639252974', 'Backend Developer Internship (Remote)', 'Springer Capital', 'Chicago', 'Cook County', None, False, 45165.47, 45165.47, 45165.47, 'https://www.adzuna.com/details/5639252974?utm_medium=api&utm_source=8d05c7a4', '2026-02-20')]
(Background on this error at: https://sqlalche.me/e/20/e3q8)
2026-04-12 19:08:21,179  WARNING     Skipping row due to error: (sqlite3.OperationalError) near "RETURNING": syntax error
[SQL: 
        INSERT INTO jobs
            (source, external_id, title, company, city, region, country,
             is_remote, salary_min, salary_max, salary_mid, url, date_posted)
        VALUES
            (?, ?, ?, ?, ?, ?, ?,
             ?, ?, ?, ?, ?, ?)
        ON CONFLICT (source, external_id) DO NOTHING
        RETURNING id;
    ]
[parameters: ('adzuna', '5684224649', 'Java/Microservice Backend Developer', 'Concord IT Systems', 'Sun Lakes', 'Maricopa County', None, False, 113615.2, 113615.2, 113615.2, 'https://www.adzuna.com/details/5684224649?utm_medium=api&utm_source=8d05c7a4', '2026-03-31')]
(Background on this error at: https://sqlalche.me/e/20/e3q8)
2026-04-12 19:08:21,180  WARNING     Skipping row due to error: (sqlite3.OperationalError) near "RETURNING": syntax error
[SQL: 
        INSERT INTO jobs
            (source, external_id, title, company, city, region, country,
             is_remote, salary_min, salary_max, salary_mid, url, date_posted)
        VALUES
            (?, ?, ?, ?, ?, ?, ?,
             ?, ?, ?, ?, ?, ?)
        ON CONFLICT (source, external_id) DO NOTHING
        RETURNING id;
    ]
[parameters: ('adzuna', '5683638324', 'Backend Developer (C# / LLMs)', 'Russell, Tobin & Associates', 'Minnetonka Beach', 'Hennepin County', None, False, 154447.4, 154447.4, 154447.4, 'https://www.adzuna.com/details/5683638324?utm_medium=api&utm_source=8d05c7a4', '2026-03-30')]
(Background on this error at: https://sqlalche.me/e/20/e3q8)
2026-04-12 19:08:21,180  WARNING     Skipping row due to error: (sqlite3.OperationalError) near "RETURNING": syntax error
[SQL: 
        INSERT INTO jobs
            (source, external_id, title, company, city, region, country,
             is_remote, salary_min, salary_max, salary_mid, url, date_posted)
        VALUES
            (?, ?, ?, ?, ?, ?, ?,
             ?, ?, ?, ?, ?, ?)
        ON CONFLICT (source, external_id) DO NOTHING
        RETURNING id;
    ]
[parameters: ('adzuna', '5688928714', 'Backend Developer W2/C2C', 'Digipulse Technologies, Inc', 'South Boston', 'Suffolk County', None, False, 124706.81, 124706.81, 124706.81, 'https://www.adzuna.com/details/5688928714?utm_medium=api&utm_source=8d05c7a4', '2026-04-03')]
(Background on this error at: https://sqlalche.me/e/20/e3q8)
2026-04-12 19:08:21,181  WARNING     Skipping row due to error: (sqlite3.OperationalError) near "RETURNING": syntax error
[SQL: 
        INSERT INTO jobs
            (source, external_id, title, company, city, region, country,
             is_remote, salary_min, salary_max, salary_mid, url, date_posted)
        VALUES
            (?, ?, ?, ?, ?, ?, ?,
             ?, ?, ?, ?, ?, ?)
        ON CONFLICT (source, external_id) DO NOTHING
        RETURNING id;
    ]
[parameters: ('remoteok', '1131084', 'Provider Success Manager', 'Regard', 'Remote', None, None, True, nan, nan, nan, 'https://remoteOK.com/remote-jobs/remote-provider-success-manager-regard-1131084', '2026-04-11')]
(Background on this error at: https://sqlalche.me/e/20/e3q8)
2026-04-12 19:08:21,183  WARNING     Skipping row due to error: (sqlite3.OperationalError) near "RETURNING": syntax error
[SQL: 
        INSERT INTO jobs
            (source, external_id, title, company, city, region, country,
             is_remote, salary_min, salary_max, salary_mid, url, date_posted)
        VALUES
            (?, ?, ?, ?, ?, ?, ?,
             ?, ?, ?, ?, ?, ?)
        ON CONFLICT (source, external_id) DO NOTHING
        RETURNING id;
    ]
[parameters: ('remoteok', '1131083', 'Senior IAM Engineer', 'IonQ', 'Remote', None, None, True, nan, nan, nan, 'https://remoteOK.com/remote-jobs/remote-senior-iam-engineer-ionq-1131083', '2026-04-11')]
(Background on this error at: https://sqlalche.me/e/20/e3q8)
2026-04-12 19:08:21,184  WARNING     Skipping row due to error: (sqlite3.OperationalError) near "RETURNING": syntax error
[SQL: 
        INSERT INTO jobs
            (source, external_id, title, company, city, region, country,
             is_remote, salary_min, salary_max, salary_mid, url, date_posted)
        VALUES
            (?, ?, ?, ?, ?, ?, ?,
             ?, ?, ?, ?, ?, ?)
        ON CONFLICT (source, external_id) DO NOTHING
        RETURNING id;
    ]
[parameters: ('remoteok', '1131082', 'Machine Learning Engineer', 'Radformation', 'Remote', None, None, True, nan, nan, nan, 'https://remoteOK.com/remote-jobs/remote-machine-learning-engineer-radformation-1131082', '2026-04-11')]
(Background on this error at: https://sqlalche.me/e/20/e3q8)
2026-04-12 19:08:21,186  WARNING     Skipping row due to error: (sqlite3.OperationalError) near "RETURNING": syntax error
[SQL: 
        INSERT INTO jobs
            (source, external_id, title, company, city, region, country,
             is_remote, salary_min, salary_max, salary_mid, url, date_posted)
        VALUES
            (?, ?, ?, ?, ?, ?, ?,
             ?, ?, ?, ?, ?, ?)
        ON CONFLICT (source, external_id) DO NOTHING
        RETURNING id;
    ]
[parameters: ('remoteok', '1131081', 'Senior Engineer Platform Devops', 'CloudWalk', 'Remote', None, None, True, nan, nan, nan, 'https://remoteOK.com/remote-jobs/remote-senior-engineer-platform-devops-cloudwalk-1131081', '2026-04-11')]
(Background on this error at: https://sqlalche.me/e/20/e3q8)
2026-04-12 19:08:21,187  WARNING     Skipping row due to error: (sqlite3.OperationalError) near "RETURNING": syntax error
[SQL: 
        INSERT INTO jobs
            (source, external_id, title, company, city, region, country,
             is_remote, salary_min, salary_max, salary_mid, url, date_posted)
        VALUES
            (?, ?, ?, ?, ?, ?, ?,
             ?, ?, ?, ?, ?, ?)
        ON CONFLICT (source, external_id) DO NOTHING
        RETURNING id;
    ]
[parameters: ('remoteok', '1131080', 'Customer Service Agent', 'Above Lending', 'Remote', None, None, True, nan, nan, nan, 'https://remoteOK.com/remote-jobs/remote-customer-service-agent-above-lending-1131080', '2026-04-11')]
(Background on this error at: https://sqlalche.me/e/20/e3q8)
2026-04-12 19:08:21,187  WARNING     Skipping row due to error: (sqlite3.OperationalError) near "RETURNING": syntax error
[SQL: 
        INSERT INTO jobs
            (source, external_id, title, company, city, region, country,
             is_remote, salary_min, salary_max, salary_mid, url, date_posted)
        VALUES
            (?, ?, ?, ?, ?, ?, ?,
             ?, ?, ?, ?, ?, ?)
        ON CONFLICT (source, external_id) DO NOTHING
        RETURNING id;
    ]
[parameters: ('remoteok', '1131079', 'Marketing Operations Specialist HR Solutions', 'Mitratech', 'Remote', None, None, True, nan, nan, nan, 'https://remoteOK.com/remote-jobs/remote-marketing-operations-specialist-hr-solutions-mitratech-1131079', '2026-04-11')]
(Background on this error at: https://sqlalche.me/e/20/e3q8)
2026-04-12 19:08:21,188  WARNING     Skipping row due to error: (sqlite3.OperationalError) near "RETURNING": syntax error
[SQL: 
        INSERT INTO jobs
            (source, external_id, title, company, city, region, country,
             is_remote, salary_min, salary_max, salary_mid, url, date_posted)
        VALUES
            (?, ?, ?, ?, ?, ?, ?,
             ?, ?, ?, ?, ?, ?)
        ON CONFLICT (source, external_id) DO NOTHING
        RETURNING id;
    ]
[parameters: ('remoteok', '1131078', 'Executive Assistant The CEO', 'Linus Health', 'Remote', None, None, True, nan, nan, nan, 'https://remoteOK.com/remote-jobs/remote-executive-assistant-the-ceo-linus-health-1131078', '2026-04-11')]
(Background on this error at: https://sqlalche.me/e/20/e3q8)
2026-04-12 19:08:21,189  WARNING     Skipping row due to error: (sqlite3.OperationalError) near "RETURNING": syntax error
[SQL: 
        INSERT INTO jobs
            (source, external_id, title, company, city, region, country,
             is_remote, salary_min, salary_max, salary_mid, url, date_posted)
        VALUES
            (?, ?, ?, ?, ?, ?, ?,
             ?, ?, ?, ?, ?, ?)
        ON CONFLICT (source, external_id) DO NOTHING
        RETURNING id;
    ]
[parameters: ('remoteok', '1131077', 'Technical Product Manager', 'SupplyHouse.com', 'Remote', None, None, True, nan, nan, nan, 'https://remoteOK.com/remote-jobs/remote-technical-product-manager-supplyhouse-com-1131077', '2026-04-11')]
(Background on this error at: https://sqlalche.me/e/20/e3q8)
2026-04-12 19:08:21,190  WARNING     Skipping row due to error: (sqlite3.OperationalError) near "RETURNING": syntax error
[SQL: 
        INSERT INTO jobs
            (source, external_id, title, company, city, region, country,
             is_remote, salary_min, salary_max, salary_mid, url, date_posted)
        VALUES
            (?, ?, ?, ?, ?, ?, ?,
             ?, ?, ?, ?, ?, ?)
        ON CONFLICT (source, external_id) DO NOTHING
        RETURNING id;
    ]
[parameters: ('remoteok', '1131076', 'Helpdesk Customer Support Agent', 'Whip, Inc.', 'Remote', None, None, True, nan, nan, nan, 'https://remoteOK.com/remote-jobs/remote-helpdesk-customer-support-agent-whip-inc-1131076', '2026-04-11')]
(Background on this error at: https://sqlalche.me/e/20/e3q8)
2026-04-12 19:08:21,192  WARNING     Skipping row due to error: (sqlite3.OperationalError) near "RETURNING": syntax error
[SQL: 
        INSERT INTO jobs
            (source, external_id, title, company, city, region, country,
             is_remote, salary_min, salary_max, salary_mid, url, date_posted)
        VALUES
            (?, ?, ?, ?, ?, ?, ?,
             ?, ?, ?, ?, ?, ?)
        ON CONFLICT (source, external_id) DO NOTHING
        RETURNING id;
    ]
[parameters: ('remoteok', '1131075', 'Operations Engineer Kuala Lumpur', 'Xsolla', 'Remote', None, None, True, nan, nan, nan, 'https://remoteOK.com/remote-jobs/remote-operations-engineer-kuala-lumpur-xsolla-1131075', '2026-04-10')]
(Background on this error at: https://sqlalche.me/e/20/e3q8)
2026-04-12 19:08:21,192  WARNING     Skipping row due to error: (sqlite3.OperationalError) near "RETURNING": syntax error
[SQL: 
        INSERT INTO jobs
            (source, external_id, title, company, city, region, country,
             is_remote, salary_min, salary_max, salary_mid, url, date_posted)
        VALUES
            (?, ?, ?, ?, ?, ?, ?,
             ?, ?, ?, ?, ?, ?)
        ON CONFLICT (source, external_id) DO NOTHING
        RETURNING id;
    ]
[parameters: ('remoteok', '1131074', 'Senior Product Designer', 'Kiefer', 'Remote', None, None, True, nan, nan, nan, 'https://remoteOK.com/remote-jobs/remote-senior-product-designer-kiefer-1131074', '2026-04-10')]
(Background on this error at: https://sqlalche.me/e/20/e3q8)
2026-04-12 19:08:21,193  WARNING     Skipping row due to error: (sqlite3.OperationalError) near "RETURNING": syntax error
[SQL: 
        INSERT INTO jobs
            (source, external_id, title, company, city, region, country,
             is_remote, salary_min, salary_max, salary_mid, url, date_posted)
        VALUES
            (?, ?, ?, ?, ?, ?, ?,
             ?, ?, ?, ?, ?, ?)
        ON CONFLICT (source, external_id) DO NOTHING
        RETURNING id;
    ]
[parameters: ('remoteok', '1131073', 'Implementation Specialist Poland', 'Wemolo', 'Remote', None, None, True, nan, nan, nan, 'https://remoteOK.com/remote-jobs/remote-implementation-specialist-poland-wemolo-1131073', '2026-04-10')]
(Background on this error at: https://sqlalche.me/e/20/e3q8)
2026-04-12 19:08:21,194  WARNING     Skipping row due to error: (sqlite3.OperationalError) near "RETURNING": syntax error
[SQL: 
        INSERT INTO jobs
            (source, external_id, title, company, city, region, country,
             is_remote, salary_min, salary_max, salary_mid, url, date_posted)
        VALUES
            (?, ?, ?, ?, ?, ?, ?,
             ?, ?, ?, ?, ?, ?)
        ON CONFLICT (source, external_id) DO NOTHING
        RETURNING id;
    ]
[parameters: ('remoteok', '1131072', 'Xsolla Senior Full stack Engineer', 'Xsolla', 'Remote', None, None, True, nan, nan, nan, 'https://remoteOK.com/remote-jobs/remote-xsolla-senior-full-stack-engineer-xsolla-1131072', '2026-04-10')]
(Background on this error at: https://sqlalche.me/e/20/e3q8)
2026-04-12 19:08:21,194  WARNING     Skipping row due to error: (sqlite3.OperationalError) near "RETURNING": syntax error
[SQL: 
        INSERT INTO jobs
            (source, external_id, title, company, city, region, country,
             is_remote, salary_min, salary_max, salary_mid, url, date_posted)
        VALUES
            (?, ?, ?, ?, ?, ?, ?,
             ?, ?, ?, ?, ?, ?)
        ON CONFLICT (source, external_id) DO NOTHING
        RETURNING id;
    ]
[parameters: ('remoteok', '1131071', 'Junior Integration Manager US', 'Xsolla', 'Remote', None, None, True, nan, nan, nan, 'https://remoteOK.com/remote-jobs/remote-junior-integration-manager-us-xsolla-1131071', '2026-04-10')]
(Background on this error at: https://sqlalche.me/e/20/e3q8)
2026-04-12 19:08:21,195  WARNING     Skipping row due to error: (sqlite3.OperationalError) near "RETURNING": syntax error
[SQL: 
        INSERT INTO jobs
            (source, external_id, title, company, city, region, country,
             is_remote, salary_min, salary_max, salary_mid, url, date_posted)
        VALUES
            (?, ?, ?, ?, ?, ?, ?,
             ?, ?, ?, ?, ?, ?)
        ON CONFLICT (source, external_id) DO NOTHING
        RETURNING id;
    ]
[parameters: ('remoteok', '1131069', 'Cyber Security Analyst', 'Trilogy Federal', 'Remote', None, None, True, nan, nan, nan, 'https://remoteOK.com/remote-jobs/remote-cyber-security-analyst-trilogy-federal-1131069', '2026-04-10')]
(Background on this error at: https://sqlalche.me/e/20/e3q8)
2026-04-12 19:08:21,196  WARNING     Skipping row due to error: (sqlite3.OperationalError) near "RETURNING": syntax error
[SQL: 
        INSERT INTO jobs
            (source, external_id, title, company, city, region, country,
             is_remote, salary_min, salary_max, salary_mid, url, date_posted)
        VALUES
            (?, ?, ?, ?, ?, ?, ?,
             ?, ?, ?, ?, ?, ?)
        ON CONFLICT (source, external_id) DO NOTHING
        RETURNING id;
    ]
[parameters: ('remoteok', '1131068', 'Engineering Manager', 'Hinge Health', 'Remote', None, None, True, nan, nan, nan, 'https://remoteOK.com/remote-jobs/remote-engineering-manager-hinge-health-1131068', '2026-04-10')]
(Background on this error at: https://sqlalche.me/e/20/e3q8)
2026-04-12 19:08:21,198  WARNING     Skipping row due to error: (sqlite3.OperationalError) near "RETURNING": syntax error
[SQL: 
        INSERT INTO jobs
            (source, external_id, title, company, city, region, country,
             is_remote, salary_min, salary_max, salary_mid, url, date_posted)
        VALUES
            (?, ?, ?, ?, ?, ?, ?,
             ?, ?, ?, ?, ?, ?)
        ON CONFLICT (source, external_id) DO NOTHING
        RETURNING id;
    ]
[parameters: ('remoteok', '1131067', 'Senior FinCrime Support Analyst', 'Apron', 'Remote', None, None, True, 11000.0, 12500.0, 11750.0, 'https://remoteOK.com/remote-jobs/remote-senior-fincrime-support-analyst-apron-1131067', '2026-04-10')]
(Background on this error at: https://sqlalche.me/e/20/e3q8)
2026-04-12 19:08:21,198  WARNING     Skipping row due to error: (sqlite3.OperationalError) near "RETURNING": syntax error
[SQL: 
        INSERT INTO jobs
            (source, external_id, title, company, city, region, country,
             is_remote, salary_min, salary_max, salary_mid, url, date_posted)
        VALUES
            (?, ?, ?, ?, ?, ?, ?,
             ?, ?, ?, ?, ?, ?)
        ON CONFLICT (source, external_id) DO NOTHING
        RETURNING id;
    ]
[parameters: ('remoteok', '1131066', 'Staff Software Engineer Full Stack', 'Ternary', 'Remote', None, None, True, 200000.0, 250000.0, 225000.0, 'https://remoteOK.com/remote-jobs/remote-staff-software-engineer-full-stack-ternary-1131066', '2026-04-10')]
(Background on this error at: https://sqlalche.me/e/20/e3q8)
2026-04-12 19:08:21,199  WARNING     Skipping row due to error: (sqlite3.OperationalError) near "RETURNING": syntax error
[SQL: 
        INSERT INTO jobs
            (source, external_id, title, company, city, region, country,
             is_remote, salary_min, salary_max, salary_mid, url, date_posted)
        VALUES
            (?, ?, ?, ?, ?, ?, ?,
             ?, ?, ?, ?, ?, ?)
        ON CONFLICT (source, external_id) DO NOTHING
        RETURNING id;
    ]
[parameters: ('remoteok', '1131065', 'Sr Sourcer GTM Leadership', 'Obsidian Security', 'Remote', None, None, True, nan, nan, nan, 'https://remoteOK.com/remote-jobs/remote-sr-sourcer-gtm-leadership-obsidian-security-1131065', '2026-04-10')]
(Background on this error at: https://sqlalche.me/e/20/e3q8)
2026-04-12 19:08:21,200  WARNING     Skipping row due to error: (sqlite3.OperationalError) near "RETURNING": syntax error
[SQL: 
        INSERT INTO jobs
            (source, external_id, title, company, city, region, country,
             is_remote, salary_min, salary_max, salary_mid, url, date_posted)
        VALUES
            (?, ?, ?, ?, ?, ?, ?,
             ?, ?, ?, ?, ?, ?)
        ON CONFLICT (source, external_id) DO NOTHING
        RETURNING id;
    ]
[parameters: ('remoteok', '1131064', 'Direct Response Writer & Creative Lead', 'The Motley Fool', 'Remote', None, None, True, nan, nan, nan, 'https://remoteOK.com/remote-jobs/remote-direct-response-writer-creative-lead-the-motley-fool-1131064', '2026-04-10')]
(Background on this error at: https://sqlalche.me/e/20/e3q8)
2026-04-12 19:08:21,200  WARNING     Skipping row due to error: (sqlite3.OperationalError) near "RETURNING": syntax error
[SQL: 
        INSERT INTO jobs
            (source, external_id, title, company, city, region, country,
             is_remote, salary_min, salary_max, salary_mid, url, date_posted)
        VALUES
            (?, ?, ?, ?, ?, ?, ?,
             ?, ?, ?, ?, ?, ?)
        ON CONFLICT (source, external_id) DO NOTHING
        RETURNING id;
    ]
[parameters: ('remoteok', '1131063', 'Power Systems Engineer', 'Carbon Direct', 'Remote', None, None, True, nan, nan, nan, 'https://remoteOK.com/remote-jobs/remote-power-systems-engineer-carbon-direct-1131063', '2026-04-10')]
(Background on this error at: https://sqlalche.me/e/20/e3q8)
2026-04-12 19:08:21,201  WARNING     Skipping row due to error: (sqlite3.OperationalError) near "RETURNING": syntax error
[SQL: 
        INSERT INTO jobs
            (source, external_id, title, company, city, region, country,
             is_remote, salary_min, salary_max, salary_mid, url, date_posted)
        VALUES
            (?, ?, ?, ?, ?, ?, ?,
             ?, ?, ?, ?, ?, ?)
        ON CONFLICT (source, external_id) DO NOTHING
        RETURNING id;
    ]
[parameters: ('remoteok', '1131062', 'Bilingual Licensed Mental Health Therapist North Carolina', 'Ascend Healthcare', 'Remote', None, None, True, nan, nan, nan, 'https://remoteOK.com/remote-jobs/remote-bilingual-licensed-mental-health-therapist-north-carolina-ascend-healthcare-1131062', '2026-04-10')]
(Background on this error at: https://sqlalche.me/e/20/e3q8)
2026-04-12 19:08:21,202  WARNING     Skipping row due to error: (sqlite3.OperationalError) near "RETURNING": syntax error
[SQL: 
        INSERT INTO jobs
            (source, external_id, title, company, city, region, country,
             is_remote, salary_min, salary_max, salary_mid, url, date_posted)
        VALUES
            (?, ?, ?, ?, ?, ?, ?,
             ?, ?, ?, ?, ?, ?)
        ON CONFLICT (source, external_id) DO NOTHING
        RETURNING id;
    ]
[parameters: ('remoteok', '1131061', 'Director of Solar Outreach and Market and Strategy', 'Energy Solutions', 'Remote', None, None, True, nan, nan, nan, 'https://remoteOK.com/remote-jobs/remote-director-of-solar-outreach-and-market-and-strategy-energy-solutions-1131061', '2026-04-10')]
(Background on this error at: https://sqlalche.me/e/20/e3q8)
2026-04-12 19:08:21,203  WARNING     Skipping row due to error: (sqlite3.OperationalError) near "RETURNING": syntax error
[SQL: 
        INSERT INTO jobs
            (source, external_id, title, company, city, region, country,
             is_remote, salary_min, salary_max, salary_mid, url, date_posted)
        VALUES
            (?, ?, ?, ?, ?, ?, ?,
             ?, ?, ?, ?, ?, ?)
        ON CONFLICT (source, external_id) DO NOTHING
        RETURNING id;
    ]
[parameters: ('remoteok', '1131060', 'Sales Development Representative', 'eSCRIBE', 'Remote', None, None, True, nan, nan, nan, 'https://remoteOK.com/remote-jobs/remote-sales-development-representative-escribe-1131060', '2026-04-10')]
(Background on this error at: https://sqlalche.me/e/20/e3q8)
2026-04-12 19:08:21,204  WARNING     Skipping row due to error: (sqlite3.OperationalError) near "RETURNING": syntax error
[SQL: 
        INSERT INTO jobs
            (source, external_id, title, company, city, region, country,
             is_remote, salary_min, salary_max, salary_mid, url, date_posted)
        VALUES
            (?, ?, ?, ?, ?, ?, ?,
             ?, ?, ?, ?, ?, ?)
        ON CONFLICT (source, external_id) DO NOTHING
        RETURNING id;
    ]
[parameters: ('remoteok', '1131059', 'Senior UX Researcher & Analyst', 'Casechek', 'Remote', None, None, True, nan, nan, nan, 'https://remoteOK.com/remote-jobs/remote-senior-ux-researcher-analyst-casechek-1131059', '2026-04-10')]
(Background on this error at: https://sqlalche.me/e/20/e3q8)
2026-04-12 19:08:21,205  WARNING     Skipping row due to error: (sqlite3.OperationalError) near "RETURNING": syntax error
[SQL: 
        INSERT INTO jobs
            (source, external_id, title, company, city, region, country,
             is_remote, salary_min, salary_max, salary_mid, url, date_posted)
        VALUES
            (?, ?, ?, ?, ?, ?, ?,
             ?, ?, ?, ?, ?, ?)
        ON CONFLICT (source, external_id) DO NOTHING
        RETURNING id;
    ]
[parameters: ('remoteok', '1131058', 'Front End Engineer', 'Decile Group', 'Remote', None, None, True, nan, nan, nan, 'https://remoteOK.com/remote-jobs/remote-front-end-engineer-decile-group-1131058', '2026-04-10')]
(Background on this error at: https://sqlalche.me/e/20/e3q8)
2026-04-12 19:08:21,206  WARNING     Skipping row due to error: (sqlite3.OperationalError) near "RETURNING": syntax error
[SQL: 
        INSERT INTO jobs
            (source, external_id, title, company, city, region, country,
             is_remote, salary_min, salary_max, salary_mid, url, date_posted)
        VALUES
            (?, ?, ?, ?, ?, ?, ?,
             ?, ?, ?, ?, ?, ?)
        ON CONFLICT (source, external_id) DO NOTHING
        RETURNING id;
    ]
[parameters: ('remoteok', '1131057', 'Product Manager', 'Decile Group', 'Remote', None, None, True, nan, nan, nan, 'https://remoteOK.com/remote-jobs/remote-product-manager-decile-group-1131057', '2026-04-10')]
(Background on this error at: https://sqlalche.me/e/20/e3q8)
2026-04-12 19:08:21,207  WARNING     Skipping row due to error: (sqlite3.OperationalError) near "RETURNING": syntax error
[SQL: 
        INSERT INTO jobs
            (source, external_id, title, company, city, region, country,
             is_remote, salary_min, salary_max, salary_mid, url, date_posted)
        VALUES
            (?, ?, ?, ?, ?, ?, ?,
             ?, ?, ?, ?, ?, ?)
        ON CONFLICT (source, external_id) DO NOTHING
        RETURNING id;
    ]
[parameters: ('remoteok', '1131056', 'Consultant Restoration and Remediation', 'Surefire Cyber', 'Remote', None, None, True, 60000.0, 90000.0, 75000.0, 'https://remoteOK.com/remote-jobs/remote-consultant-restoration-and-remediation-surefire-cyber-1131056', '2026-04-10')]
(Background on this error at: https://sqlalche.me/e/20/e3q8)
2026-04-12 19:08:21,207  WARNING     Skipping row due to error: (sqlite3.OperationalError) near "RETURNING": syntax error
[SQL: 
        INSERT INTO jobs
            (source, external_id, title, company, city, region, country,
             is_remote, salary_min, salary_max, salary_mid, url, date_posted)
        VALUES
            (?, ?, ?, ?, ?, ?, ?,
             ?, ?, ?, ?, ?, ?)
        ON CONFLICT (source, external_id) DO NOTHING
        RETURNING id;
    ]
[parameters: ('remoteok', '1131055', 'Infrastructure &amp; Capital Projects Procurement Specialist ANS', 'Accenture Infrastructure &amp; Capital Projects, LLC', 'Remote', None, None, True, nan, nan, nan, 'https://remoteOK.com/remote-jobs/remote-infrastructure-amp-capital-projects-procurement-specialist-ans-accenture-infrastructure-amp-capital-projects-llc-1131055', '2026-04-09')]
(Background on this error at: https://sqlalche.me/e/20/e3q8)
2026-04-12 19:08:21,208  WARNING     Skipping row due to error: (sqlite3.OperationalError) near "RETURNING": syntax error
[SQL: 
        INSERT INTO jobs
            (source, external_id, title, company, city, region, country,
             is_remote, salary_min, salary_max, salary_mid, url, date_posted)
        VALUES
            (?, ?, ?, ?, ?, ?, ?,
             ?, ?, ?, ?, ?, ?)
        ON CONFLICT (source, external_id) DO NOTHING
        RETURNING id;
    ]
[parameters: ('remoteok', '1131054', 'Senior Security Infrastructure Engineer', 'Sezzle', 'Remote', None, None, True, 5000.0, 9500.0, 7250.0, 'https://remoteOK.com/remote-jobs/remote-senior-security-infrastructure-engineer-sezzle-1131054', '2026-04-09')]
(Background on this error at: https://sqlalche.me/e/20/e3q8)
2026-04-12 19:08:21,210  WARNING     Skipping row due to error: (sqlite3.OperationalError) near "RETURNING": syntax error
[SQL: 
        INSERT INTO jobs
            (source, external_id, title, company, city, region, country,
             is_remote, salary_min, salary_max, salary_mid, url, date_posted)
        VALUES
            (?, ?, ?, ?, ?, ?, ?,
             ?, ?, ?, ?, ?, ?)
        ON CONFLICT (source, external_id) DO NOTHING
        RETURNING id;
    ]
[parameters: ('remoteok', '1131053', 'Finance Intern', 'Presence', 'Remote', None, None, True, nan, nan, nan, 'https://remoteOK.com/remote-jobs/remote-finance-intern-presence-1131053', '2026-04-09')]
(Background on this error at: https://sqlalche.me/e/20/e3q8)
2026-04-12 19:08:21,211  WARNING     Skipping row due to error: (sqlite3.OperationalError) near "RETURNING": syntax error
[SQL: 
        INSERT INTO jobs
            (source, external_id, title, company, city, region, country,
             is_remote, salary_min, salary_max, salary_mid, url, date_posted)
        VALUES
            (?, ?, ?, ?, ?, ?, ?,
             ?, ?, ?, ?, ?, ?)
        ON CONFLICT (source, external_id) DO NOTHING
        RETURNING id;
    ]
[parameters: ('remoteok', '1131052', 'Technical Support Specialist', 'Great Minds', 'Remote', None, None, True, nan, nan, nan, 'https://remoteOK.com/remote-jobs/remote-technical-support-specialist-great-minds-1131052', '2026-04-09')]
(Background on this error at: https://sqlalche.me/e/20/e3q8)
2026-04-12 19:08:21,213  WARNING     Skipping row due to error: (sqlite3.OperationalError) near "RETURNING": syntax error
[SQL: 
        INSERT INTO jobs
            (source, external_id, title, company, city, region, country,
             is_remote, salary_min, salary_max, salary_mid, url, date_posted)
        VALUES
            (?, ?, ?, ?, ?, ?, ?,
             ?, ?, ?, ?, ?, ?)
        ON CONFLICT (source, external_id) DO NOTHING
        RETURNING id;
    ]
[parameters: ('remoteok', '1131051', 'Licensed Master Social Worker', 'Brave Health', 'Remote', None, None, True, 65000.0, 68000.0, 66500.0, 'https://remoteOK.com/remote-jobs/remote-licensed-master-social-worker-brave-health-1131051', '2026-04-09')]
(Background on this error at: https://sqlalche.me/e/20/e3q8)
2026-04-12 19:08:21,214  WARNING     Skipping row due to error: (sqlite3.OperationalError) near "RETURNING": syntax error
[SQL: 
        INSERT INTO jobs
            (source, external_id, title, company, city, region, country,
             is_remote, salary_min, salary_max, salary_mid, url, date_posted)
        VALUES
            (?, ?, ?, ?, ?, ?, ?,
             ?, ?, ?, ?, ?, ?)
        ON CONFLICT (source, external_id) DO NOTHING
        RETURNING id;
    ]
[parameters: ('remoteok', '1131050', 'Senior Director Field Engineering', 'Smartsheet', 'Remote', None, None, True, nan, nan, nan, 'https://remoteOK.com/remote-jobs/remote-senior-director-field-engineering-smartsheet-1131050', '2026-04-09')]
(Background on this error at: https://sqlalche.me/e/20/e3q8)
2026-04-12 19:08:21,215  WARNING     Skipping row due to error: (sqlite3.OperationalError) near "RETURNING": syntax error
[SQL: 
        INSERT INTO jobs
            (source, external_id, title, company, city, region, country,
             is_remote, salary_min, salary_max, salary_mid, url, date_posted)
        VALUES
            (?, ?, ?, ?, ?, ?, ?,
             ?, ?, ?, ?, ?, ?)
        ON CONFLICT (source, external_id) DO NOTHING
        RETURNING id;
    ]
[parameters: ('remoteok', '1131049', 'Product Designer', 'Sharebite', 'Remote', None, None, True, nan, nan, nan, 'https://remoteOK.com/remote-jobs/remote-product-designer-sharebite-1131049', '2026-04-09')]
(Background on this error at: https://sqlalche.me/e/20/e3q8)
2026-04-12 19:08:21,216  WARNING     Skipping row due to error: (sqlite3.OperationalError) near "RETURNING": syntax error
[SQL: 
        INSERT INTO jobs
            (source, external_id, title, company, city, region, country,
             is_remote, salary_min, salary_max, salary_mid, url, date_posted)
        VALUES
            (?, ?, ?, ?, ?, ?, ?,
             ?, ?, ?, ?, ?, ?)
        ON CONFLICT (source, external_id) DO NOTHING
        RETURNING id;
    ]
[parameters: ('remoteok', '1131048', 'Product Manager', 'Sharebite', 'Remote', None, None, True, nan, nan, nan, 'https://remoteOK.com/remote-jobs/remote-product-manager-sharebite-1131048', '2026-04-09')]
(Background on this error at: https://sqlalche.me/e/20/e3q8)
2026-04-12 19:08:21,217  WARNING     Skipping row due to error: (sqlite3.OperationalError) near "RETURNING": syntax error
[SQL: 
        INSERT INTO jobs
            (source, external_id, title, company, city, region, country,
             is_remote, salary_min, salary_max, salary_mid, url, date_posted)
        VALUES
            (?, ?, ?, ?, ?, ?, ?,
             ?, ?, ?, ?, ?, ?)
        ON CONFLICT (source, external_id) DO NOTHING
        RETURNING id;
    ]
[parameters: ('remoteok', '1131047', 'Creative Director', 'Lumimeds', 'Remote', None, None, True, nan, nan, nan, 'https://remoteOK.com/remote-jobs/remote-creative-director-lumimeds-1131047', '2026-04-09')]
(Background on this error at: https://sqlalche.me/e/20/e3q8)
2026-04-12 19:08:21,217  WARNING     Skipping row due to error: (sqlite3.OperationalError) near "RETURNING": syntax error
[SQL: 
        INSERT INTO jobs
            (source, external_id, title, company, city, region, country,
             is_remote, salary_min, salary_max, salary_mid, url, date_posted)
        VALUES
            (?, ?, ?, ?, ?, ?, ?,
             ?, ?, ?, ?, ?, ?)
        ON CONFLICT (source, external_id) DO NOTHING
        RETURNING id;
    ]
[parameters: ('remoteok', '1131046', 'National Account Manager Footwear', 'ARC&#39;TERYX', 'Remote', None, None, True, nan, nan, nan, 'https://remoteOK.com/remote-jobs/remote-national-account-manager-footwear-arc39teryx-1131046', '2026-04-09')]
(Background on this error at: https://sqlalche.me/e/20/e3q8)
2026-04-12 19:08:21,218  WARNING     Skipping row due to error: (sqlite3.OperationalError) near "RETURNING": syntax error
[SQL: 
        INSERT INTO jobs
            (source, external_id, title, company, city, region, country,
             is_remote, salary_min, salary_max, salary_mid, url, date_posted)
        VALUES
            (?, ?, ?, ?, ?, ?, ?,
             ?, ?, ?, ?, ?, ?)
        ON CONFLICT (source, external_id) DO NOTHING
        RETURNING id;
    ]
[parameters: ('remoteok', '1131045', 'E01 HR Compliance Specialist IV', 'EXPANSIA', 'Remote', None, None, True, nan, nan, nan, 'https://remoteOK.com/remote-jobs/remote-e01-hr-compliance-specialist-iv-expansia-1131045', '2026-04-09')]
(Background on this error at: https://sqlalche.me/e/20/e3q8)
2026-04-12 19:08:21,219  WARNING     Skipping row due to error: (sqlite3.OperationalError) near "RETURNING": syntax error
[SQL: 
        INSERT INTO jobs
            (source, external_id, title, company, city, region, country,
             is_remote, salary_min, salary_max, salary_mid, url, date_posted)
        VALUES
            (?, ?, ?, ?, ?, ?, ?,
             ?, ?, ?, ?, ?, ?)
        ON CONFLICT (source, external_id) DO NOTHING
        RETURNING id;
    ]
[parameters: ('remoteok', '1131044', 'IT Specialist II', 'Makpar', 'Remote', None, None, True, nan, nan, nan, 'https://remoteOK.com/remote-jobs/remote-it-specialist-ii-makpar-1131044', '2026-04-09')]
(Background on this error at: https://sqlalche.me/e/20/e3q8)
2026-04-12 19:08:21,220  WARNING     Skipping row due to error: (sqlite3.OperationalError) near "RETURNING": syntax error
[SQL: 
        INSERT INTO jobs
            (source, external_id, title, company, city, region, country,
             is_remote, salary_min, salary_max, salary_mid, url, date_posted)
        VALUES
            (?, ?, ?, ?, ?, ?, ?,
             ?, ?, ?, ?, ?, ?)
        ON CONFLICT (source, external_id) DO NOTHING
        RETURNING id;
    ]
[parameters: ('remoteok', '1131043', 'Senior Client Data &amp; Analytics Lead', 'Kraken', 'Remote', None, None, True, nan, nan, nan, 'https://remoteOK.com/remote-jobs/remote-senior-client-data-amp-analytics-lead-kraken-1131043', '2026-04-09')]
(Background on this error at: https://sqlalche.me/e/20/e3q8)
2026-04-12 19:08:21,221  WARNING     Skipping row due to error: (sqlite3.OperationalError) near "RETURNING": syntax error
[SQL: 
        INSERT INTO jobs
            (source, external_id, title, company, city, region, country,
             is_remote, salary_min, salary_max, salary_mid, url, date_posted)
        VALUES
            (?, ?, ?, ?, ?, ?, ?,
             ?, ?, ?, ?, ?, ?)
        ON CONFLICT (source, external_id) DO NOTHING
        RETURNING id;
    ]
[parameters: ('remoteok', '1131042', 'Licensed Professional Counselor', 'Pelago', 'Remote', None, None, True, nan, nan, nan, 'https://remoteOK.com/remote-jobs/remote-licensed-professional-counselor-pelago-1131042', '2026-04-09')]
(Background on this error at: https://sqlalche.me/e/20/e3q8)
2026-04-12 19:08:21,221  WARNING     Skipping row due to error: (sqlite3.OperationalError) near "RETURNING": syntax error
[SQL: 
        INSERT INTO jobs
            (source, external_id, title, company, city, region, country,
             is_remote, salary_min, salary_max, salary_mid, url, date_posted)
        VALUES
            (?, ?, ?, ?, ?, ?, ?,
             ?, ?, ?, ?, ?, ?)
        ON CONFLICT (source, external_id) DO NOTHING
        RETURNING id;
    ]
[parameters: ('remoteok', '1131041', 'Senior Emulation Engineer', 'EnCharge AI', 'Remote', None, None, True, nan, nan, nan, 'https://remoteOK.com/remote-jobs/remote-senior-emulation-engineer-encharge-ai-1131041', '2026-04-09')]
(Background on this error at: https://sqlalche.me/e/20/e3q8)
2026-04-12 19:08:21,222  WARNING     Skipping row due to error: (sqlite3.OperationalError) near "RETURNING": syntax error
[SQL: 
        INSERT INTO jobs
            (source, external_id, title, company, city, region, country,
             is_remote, salary_min, salary_max, salary_mid, url, date_posted)
        VALUES
            (?, ?, ?, ?, ?, ?, ?,
             ?, ?, ?, ?, ?, ?)
        ON CONFLICT (source, external_id) DO NOTHING
        RETURNING id;
    ]
[parameters: ('remoteok', '1131040', 'Mixed Signal IC Layout Design Engineer', 'Tenstorrent', 'Remote', None, None, True, nan, nan, nan, 'https://remoteOK.com/remote-jobs/remote-mixed-signal-ic-layout-design-engineer-tenstorrent-1131040', '2026-04-09')]
(Background on this error at: https://sqlalche.me/e/20/e3q8)
2026-04-12 19:08:21,223  WARNING     Skipping row due to error: (sqlite3.OperationalError) near "RETURNING": syntax error
[SQL: 
        INSERT INTO jobs
            (source, external_id, title, company, city, region, country,
             is_remote, salary_min, salary_max, salary_mid, url, date_posted)
        VALUES
            (?, ?, ?, ?, ?, ?, ?,
             ?, ?, ?, ?, ?, ?)
        ON CONFLICT (source, external_id) DO NOTHING
        RETURNING id;
    ]
[parameters: ('remoteok', '1131039', 'Senior Technical Sourcer Software', 'Anduril Industries', 'Remote', None, None, True, nan, nan, nan, 'https://remoteOK.com/remote-jobs/remote-senior-technical-sourcer-software-anduril-industries-1131039', '2026-04-09')]
(Background on this error at: https://sqlalche.me/e/20/e3q8)
2026-04-12 19:08:21,224  WARNING     Skipping row due to error: (sqlite3.OperationalError) near "RETURNING": syntax error
[SQL: 
        INSERT INTO jobs
            (source, external_id, title, company, city, region, country,
             is_remote, salary_min, salary_max, salary_mid, url, date_posted)
        VALUES
            (?, ?, ?, ?, ?, ?, ?,
             ?, ?, ?, ?, ?, ?)
        ON CONFLICT (source, external_id) DO NOTHING
        RETURNING id;
    ]
[parameters: ('remoteok', '1131038', 'Lead Instructor Applied AI Engineering Summer 2026', 'CodePath', 'Remote', None, None, True, 900.0, 900.0, 900.0, 'https://remoteOK.com/remote-jobs/remote-lead-instructor-applied-ai-engineering-summer-2026-codepath-1131038', '2026-04-09')]
(Background on this error at: https://sqlalche.me/e/20/e3q8)
2026-04-12 19:08:21,225  WARNING     Skipping row due to error: (sqlite3.OperationalError) near "RETURNING": syntax error
[SQL: 
        INSERT INTO jobs
            (source, external_id, title, company, city, region, country,
             is_remote, salary_min, salary_max, salary_mid, url, date_posted)
        VALUES
            (?, ?, ?, ?, ?, ?, ?,
             ?, ?, ?, ?, ?, ?)
        ON CONFLICT (source, external_id) DO NOTHING
        RETURNING id;
    ]
[parameters: ('remoteok', '1131037', 'Principal Design System Designer', 'Twin Health', 'Remote', None, None, True, nan, nan, nan, 'https://remoteOK.com/remote-jobs/remote-principal-design-system-designer-twin-health-1131037', '2026-04-09')]
(Background on this error at: https://sqlalche.me/e/20/e3q8)
2026-04-12 19:08:21,227  WARNING     Skipping row due to error: (sqlite3.OperationalError) near "RETURNING": syntax error
[SQL: 
        INSERT INTO jobs
            (source, external_id, title, company, city, region, country,
             is_remote, salary_min, salary_max, salary_mid, url, date_posted)
        VALUES
            (?, ?, ?, ?, ?, ?, ?,
             ?, ?, ?, ?, ?, ?)
        ON CONFLICT (source, external_id) DO NOTHING
        RETURNING id;
    ]
[parameters: ('remoteok', '1131036', 'Software Engineering Manager I Mobile', 'Stone', 'Remote', None, None, True, nan, nan, nan, 'https://remoteOK.com/remote-jobs/remote-software-engineering-manager-i-mobile-stone-1131036', '2026-04-08')]
(Background on this error at: https://sqlalche.me/e/20/e3q8)
2026-04-12 19:08:21,228  WARNING     Skipping row due to error: (sqlite3.OperationalError) near "RETURNING": syntax error
[SQL: 
        INSERT INTO jobs
            (source, external_id, title, company, city, region, country,
             is_remote, salary_min, salary_max, salary_mid, url, date_posted)
        VALUES
            (?, ?, ?, ?, ?, ?, ?,
             ?, ?, ?, ?, ?, ?)
        ON CONFLICT (source, external_id) DO NOTHING
        RETURNING id;
    ]
[parameters: ('remoteok', '1131035', 'Team Lead Corporate Accounting', 'Lightspeed Commerce', 'Remote', None, None, True, nan, nan, nan, 'https://remoteOK.com/remote-jobs/remote-team-lead-corporate-accounting-lightspeed-commerce-1131035', '2026-04-08')]
(Background on this error at: https://sqlalche.me/e/20/e3q8)
2026-04-12 19:08:21,229  WARNING     Skipping row due to error: (sqlite3.OperationalError) near "RETURNING": syntax error
[SQL: 
        INSERT INTO jobs
            (source, external_id, title, company, city, region, country,
             is_remote, salary_min, salary_max, salary_mid, url, date_posted)
        VALUES
            (?, ?, ?, ?, ?, ?, ?,
             ?, ?, ?, ?, ?, ?)
        ON CONFLICT (source, external_id) DO NOTHING
        RETURNING id;
    ]
[parameters: ('remoteok', '1131034', 'Senior Data Engineer', 'Thoughtworks', 'Remote', None, None, True, nan, nan, nan, 'https://remoteOK.com/remote-jobs/remote-senior-data-engineer-thoughtworks-1131034', '2026-04-08')]
(Background on this error at: https://sqlalche.me/e/20/e3q8)
2026-04-12 19:08:21,230  WARNING     Skipping row due to error: (sqlite3.OperationalError) near "RETURNING": syntax error
[SQL: 
        INSERT INTO jobs
            (source, external_id, title, company, city, region, country,
             is_remote, salary_min, salary_max, salary_mid, url, date_posted)
        VALUES
            (?, ?, ?, ?, ?, ?, ?,
             ?, ?, ?, ?, ?, ?)
        ON CONFLICT (source, external_id) DO NOTHING
        RETURNING id;
    ]
[parameters: ('remoteok', '1131033', 'Solutions Architect', 'Smartsheet', 'Remote', None, None, True, nan, nan, nan, 'https://remoteOK.com/remote-jobs/remote-solutions-architect-smartsheet-1131033', '2026-04-08')]
(Background on this error at: https://sqlalche.me/e/20/e3q8)
2026-04-12 19:08:21,232  WARNING     Skipping row due to error: (sqlite3.OperationalError) near "RETURNING": syntax error
[SQL: 
        INSERT INTO jobs
            (source, external_id, title, company, city, region, country,
             is_remote, salary_min, salary_max, salary_mid, url, date_posted)
        VALUES
            (?, ?, ?, ?, ?, ?, ?,
             ?, ?, ?, ?, ?, ?)
        ON CONFLICT (source, external_id) DO NOTHING
        RETURNING id;
    ]
[parameters: ('remoteok', '1131032', 'Senior Implementation Consultant', 'Branch', 'Remote', None, None, True, nan, nan, nan, 'https://remoteOK.com/remote-jobs/remote-senior-implementation-consultant-branch-1131032', '2026-04-08')]
(Background on this error at: https://sqlalche.me/e/20/e3q8)
2026-04-12 19:08:21,233  WARNING     Skipping row due to error: (sqlite3.OperationalError) near "RETURNING": syntax error
[SQL: 
        INSERT INTO jobs
            (source, external_id, title, company, city, region, country,
             is_remote, salary_min, salary_max, salary_mid, url, date_posted)
        VALUES
            (?, ?, ?, ?, ?, ?, ?,
             ?, ?, ?, ?, ?, ?)
        ON CONFLICT (source, external_id) DO NOTHING
        RETURNING id;
    ]
[parameters: ('remoteok', '1131031', 'Senior Backend Engineer MS050KA', 'Coderio', 'Remote', None, None, True, nan, nan, nan, 'https://remoteOK.com/remote-jobs/remote-senior-backend-engineer-ms050ka-coderio-1131031', '2026-04-08')]
(Background on this error at: https://sqlalche.me/e/20/e3q8)
2026-04-12 19:08:21,234  WARNING     Skipping row due to error: (sqlite3.OperationalError) near "RETURNING": syntax error
[SQL: 
        INSERT INTO jobs
            (source, external_id, title, company, city, region, country,
             is_remote, salary_min, salary_max, salary_mid, url, date_posted)
        VALUES
            (?, ?, ?, ?, ?, ?, ?,
             ?, ?, ?, ?, ?, ?)
        ON CONFLICT (source, external_id) DO NOTHING
        RETURNING id;
    ]
[parameters: ('remoteok', '1131030', 'Intermediate Gameplay Software Engineer', 'Blackbird Interactive', 'Remote', None, None, True, nan, nan, nan, 'https://remoteOK.com/remote-jobs/remote-intermediate-gameplay-software-engineer-blackbird-interactive-1131030', '2026-04-08')]
(Background on this error at: https://sqlalche.me/e/20/e3q8)
2026-04-12 19:08:21,234  WARNING     Skipping row due to error: (sqlite3.OperationalError) near "RETURNING": syntax error
[SQL: 
        INSERT INTO jobs
            (source, external_id, title, company, city, region, country,
             is_remote, salary_min, salary_max, salary_mid, url, date_posted)
        VALUES
            (?, ?, ?, ?, ?, ?, ?,
             ?, ?, ?, ?, ?, ?)
        ON CONFLICT (source, external_id) DO NOTHING
        RETURNING id;
    ]
[parameters: ('remoteok', '1131029', 'Manager Product Development', 'C1', 'Remote', None, None, True, 100000.0, 200000.0, 150000.0, 'https://remoteOK.com/remote-jobs/remote-manager-product-development-c1-1131029', '2026-04-08')]
(Background on this error at: https://sqlalche.me/e/20/e3q8)
2026-04-12 19:08:21,235  WARNING     Skipping row due to error: (sqlite3.OperationalError) near "RETURNING": syntax error
[SQL: 
        INSERT INTO jobs
            (source, external_id, title, company, city, region, country,
             is_remote, salary_min, salary_max, salary_mid, url, date_posted)
        VALUES
            (?, ?, ?, ?, ?, ?, ?,
             ?, ?, ?, ?, ?, ?)
        ON CONFLICT (source, external_id) DO NOTHING
        RETURNING id;
    ]
[parameters: ('remoteok', '1131028', 'Staff Engineer Digital Lending', 'OakNorth', 'Remote', None, None, True, nan, nan, nan, 'https://remoteOK.com/remote-jobs/remote-staff-engineer-digital-lending-oaknorth-1131028', '2026-04-08')]
(Background on this error at: https://sqlalche.me/e/20/e3q8)
2026-04-12 19:08:21,235  WARNING     Skipping row due to error: (sqlite3.OperationalError) near "RETURNING": syntax error
[SQL: 
        INSERT INTO jobs
            (source, external_id, title, company, city, region, country,
             is_remote, salary_min, salary_max, salary_mid, url, date_posted)
        VALUES
            (?, ?, ?, ?, ?, ?, ?,
             ?, ?, ?, ?, ?, ?)
        ON CONFLICT (source, external_id) DO NOTHING
        RETURNING id;
    ]
[parameters: ('remoteok', '1131027', 'Director of Security Engineering', 'C1', 'Remote', None, None, True, nan, nan, nan, 'https://remoteOK.com/remote-jobs/remote-director-of-security-engineering-c1-1131027', '2026-04-08')]
(Background on this error at: https://sqlalche.me/e/20/e3q8)
2026-04-12 19:08:21,236  WARNING     Skipping row due to error: (sqlite3.OperationalError) near "RETURNING": syntax error
[SQL: 
        INSERT INTO jobs
            (source, external_id, title, company, city, region, country,
             is_remote, salary_min, salary_max, salary_mid, url, date_posted)
        VALUES
            (?, ?, ?, ?, ?, ?, ?,
             ?, ?, ?, ?, ?, ?)
        ON CONFLICT (source, external_id) DO NOTHING
        RETURNING id;
    ]
[parameters: ('remoteok', '1131026', 'Sales Development Representative', 'UpGuard', 'Remote', None, None, True, nan, nan, nan, 'https://remoteOK.com/remote-jobs/remote-sales-development-representative-upguard-1131026', '2026-04-08')]
(Background on this error at: https://sqlalche.me/e/20/e3q8)
2026-04-12 19:08:21,236  WARNING     Skipping row due to error: (sqlite3.OperationalError) near "RETURNING": syntax error
[SQL: 
        INSERT INTO jobs
            (source, external_id, title, company, city, region, country,
             is_remote, salary_min, salary_max, salary_mid, url, date_posted)
        VALUES
            (?, ?, ?, ?, ?, ?, ?,
             ?, ?, ?, ?, ?, ?)
        ON CONFLICT (source, external_id) DO NOTHING
        RETURNING id;
    ]
[parameters: ('remoteok', '1131025', 'Alumni Relationship Manager Casablanca', 'ALX Africa', 'Remote', None, None, True, nan, nan, nan, 'https://remoteOK.com/remote-jobs/remote-alumni-relationship-manager-casablanca-alx-africa-1131025', '2026-04-08')]
(Background on this error at: https://sqlalche.me/e/20/e3q8)
2026-04-12 19:08:21,237  WARNING     Skipping row due to error: (sqlite3.OperationalError) near "RETURNING": syntax error
[SQL: 
        INSERT INTO jobs
            (source, external_id, title, company, city, region, country,
             is_remote, salary_min, salary_max, salary_mid, url, date_posted)
        VALUES
            (?, ?, ?, ?, ?, ?, ?,
             ?, ?, ?, ?, ?, ?)
        ON CONFLICT (source, external_id) DO NOTHING
        RETURNING id;
    ]
[parameters: ('remoteok', '1131024', 'Benefits Manager', 'Instructure, Inc.', 'Remote', None, None, True, 115000.0, 135000.0, 125000.0, 'https://remoteOK.com/remote-jobs/remote-benefits-manager-instructure-inc-1131024', '2026-04-08')]
(Background on this error at: https://sqlalche.me/e/20/e3q8)
2026-04-12 19:08:21,238  WARNING     Skipping row due to error: (sqlite3.OperationalError) near "RETURNING": syntax error
[SQL: 
        INSERT INTO jobs
            (source, external_id, title, company, city, region, country,
             is_remote, salary_min, salary_max, salary_mid, url, date_posted)
        VALUES
            (?, ?, ?, ?, ?, ?, ?,
             ?, ?, ?, ?, ?, ?)
        ON CONFLICT (source, external_id) DO NOTHING
        RETURNING id;
    ]
[parameters: ('remoteok', '1131023', 'Staff Software Engineer CRM LATAM', 'Luxury Presence', 'Remote', None, None, True, nan, nan, nan, 'https://remoteOK.com/remote-jobs/remote-staff-software-engineer-crm-latam-luxury-presence-1131023', '2026-04-08')]
(Background on this error at: https://sqlalche.me/e/20/e3q8)
2026-04-12 19:08:21,239  WARNING     Skipping row due to error: (sqlite3.OperationalError) near "RETURNING": syntax error
[SQL: 
        INSERT INTO jobs
            (source, external_id, title, company, city, region, country,
             is_remote, salary_min, salary_max, salary_mid, url, date_posted)
        VALUES
            (?, ?, ?, ?, ?, ?, ?,
             ?, ?, ?, ?, ?, ?)
        ON CONFLICT (source, external_id) DO NOTHING
        RETURNING id;
    ]
[parameters: ('remoteok', '1131021', 'Payroll Operations and Systems Manager', 'Arbor Education', 'Remote', None, None, True, nan, nan, nan, 'https://remoteOK.com/remote-jobs/remote-payroll-operations-and-systems-manager-arbor-education-1131021', '2026-04-07')]
(Background on this error at: https://sqlalche.me/e/20/e3q8)
2026-04-12 19:08:21,240  WARNING     Skipping row due to error: (sqlite3.OperationalError) near "RETURNING": syntax error
[SQL: 
        INSERT INTO jobs
            (source, external_id, title, company, city, region, country,
             is_remote, salary_min, salary_max, salary_mid, url, date_posted)
        VALUES
            (?, ?, ?, ?, ?, ?, ?,
             ?, ?, ?, ?, ?, ?)
        ON CONFLICT (source, external_id) DO NOTHING
        RETURNING id;
    ]
[parameters: ('remoteok', '1131020', 'User Acquisition Specialist', 'Hyperlab', 'Remote', None, None, True, nan, nan, nan, 'https://remoteOK.com/remote-jobs/remote-user-acquisition-specialist-hyperlab-1131020', '2026-04-07')]
(Background on this error at: https://sqlalche.me/e/20/e3q8)
2026-04-12 19:08:21,241  WARNING     Skipping row due to error: (sqlite3.OperationalError) near "RETURNING": syntax error
[SQL: 
        INSERT INTO jobs
            (source, external_id, title, company, city, region, country,
             is_remote, salary_min, salary_max, salary_mid, url, date_posted)
        VALUES
            (?, ?, ?, ?, ?, ?, ?,
             ?, ?, ?, ?, ?, ?)
        ON CONFLICT (source, external_id) DO NOTHING
        RETURNING id;
    ]
[parameters: ('remoteok', '1131019', 'Senior front end developer', 'Expatfile.tax', 'Remote', None, None, True, 60000.0, 90000.0, 75000.0, 'https://remoteOK.com/remote-jobs/remote-senior-front-end-developer-expatfile-tax-1131019', '2026-04-07')]
(Background on this error at: https://sqlalche.me/e/20/e3q8)
2026-04-12 19:08:21,242  WARNING     Skipping row due to error: (sqlite3.OperationalError) near "RETURNING": syntax error
[SQL: 
        INSERT INTO jobs
            (source, external_id, title, company, city, region, country,
             is_remote, salary_min, salary_max, salary_mid, url, date_posted)
        VALUES
            (?, ?, ?, ?, ?, ?, ?,
             ?, ?, ?, ?, ?, ?)
        ON CONFLICT (source, external_id) DO NOTHING
        RETURNING id;
    ]
[parameters: ('remoteok', '1131018', 'Crypto Trader', 'Fox GLobal Assets', 'Remote', None, None, True, 40000.0, 60000.0, 50000.0, 'https://remoteOK.com/remote-jobs/remote-crypto-trader-fox-global-assets-1131018', '2026-04-07')]
(Background on this error at: https://sqlalche.me/e/20/e3q8)
2026-04-12 19:08:21,242  WARNING     Skipping row due to error: (sqlite3.OperationalError) near "RETURNING": syntax error
[SQL: 
        INSERT INTO jobs
            (source, external_id, title, company, city, region, country,
             is_remote, salary_min, salary_max, salary_mid, url, date_posted)
        VALUES
            (?, ?, ?, ?, ?, ?, ?,
             ?, ?, ?, ?, ?, ?)
        ON CONFLICT (source, external_id) DO NOTHING
        RETURNING id;
    ]
[parameters: ('remoteok', '1131017', 'Product Manager Data Management &amp; Platform', 'HHAeXchange', 'Remote', None, None, True, nan, nan, nan, 'https://remoteOK.com/remote-jobs/remote-product-manager-data-management-amp-platform-hhaexchange-1131017', '2026-04-07')]
(Background on this error at: https://sqlalche.me/e/20/e3q8)
2026-04-12 19:08:21,243  WARNING     Skipping row due to error: (sqlite3.OperationalError) near "RETURNING": syntax error
[SQL: 
        INSERT INTO jobs
            (source, external_id, title, company, city, region, country,
             is_remote, salary_min, salary_max, salary_mid, url, date_posted)
        VALUES
            (?, ?, ?, ?, ?, ?, ?,
             ?, ?, ?, ?, ?, ?)
        ON CONFLICT (source, external_id) DO NOTHING
        RETURNING id;
    ]
[parameters: ('remoteok', '1131016', 'Client Support Specialist', 'TrueML', 'Remote', None, None, True, nan, nan, nan, 'https://remoteOK.com/remote-jobs/remote-client-support-specialist-trueml-1131016', '2026-04-07')]
(Background on this error at: https://sqlalche.me/e/20/e3q8)
2026-04-12 19:08:21,243  WARNING     Skipping row due to error: (sqlite3.OperationalError) near "RETURNING": syntax error
[SQL: 
        INSERT INTO jobs
            (source, external_id, title, company, city, region, country,
             is_remote, salary_min, salary_max, salary_mid, url, date_posted)
        VALUES
            (?, ?, ?, ?, ?, ?, ?,
             ?, ?, ?, ?, ?, ?)
        ON CONFLICT (source, external_id) DO NOTHING
        RETURNING id;
    ]
[parameters: ('remoteok', '1131014', 'English Contract Attorney', 'Contact Government Services, LLC', 'Remote', None, None, True, nan, nan, nan, 'https://remoteOK.com/remote-jobs/remote-english-contract-attorney-contact-government-services-llc-1131014', '2026-04-07')]
(Background on this error at: https://sqlalche.me/e/20/e3q8)
2026-04-12 19:08:21,244  WARNING     Skipping row due to error: (sqlite3.OperationalError) near "RETURNING": syntax error
[SQL: 
        INSERT INTO jobs
            (source, external_id, title, company, city, region, country,
             is_remote, salary_min, salary_max, salary_mid, url, date_posted)
        VALUES
            (?, ?, ?, ?, ?, ?, ?,
             ?, ?, ?, ?, ?, ?)
        ON CONFLICT (source, external_id) DO NOTHING
        RETURNING id;
    ]
[parameters: ('remoteok', '1131013', 'Sales Development Representative', 'Pushpay', 'Remote', None, None, True, 70000.0, 70000.0, 70000.0, 'https://remoteOK.com/remote-jobs/remote-sales-development-representative-pushpay-1131013', '2026-04-07')]
(Background on this error at: https://sqlalche.me/e/20/e3q8)
2026-04-12 19:08:21,246  WARNING     Skipping row due to error: (sqlite3.OperationalError) near "RETURNING": syntax error
[SQL: 
        INSERT INTO jobs
            (source, external_id, title, company, city, region, country,
             is_remote, salary_min, salary_max, salary_mid, url, date_posted)
        VALUES
            (?, ?, ?, ?, ?, ?, ?,
             ?, ?, ?, ?, ?, ?)
        ON CONFLICT (source, external_id) DO NOTHING
        RETURNING id;
    ]
[parameters: ('remoteok', '1131012', 'Fraud Waste and Abuse Data Analyst', 'HHAeXchange', 'Remote', None, None, True, nan, nan, nan, 'https://remoteOK.com/remote-jobs/remote-fraud-waste-and-abuse-data-analyst-hhaexchange-1131012', '2026-04-07')]
(Background on this error at: https://sqlalche.me/e/20/e3q8)
2026-04-12 19:08:21,248  WARNING     Skipping row due to error: (sqlite3.OperationalError) near "RETURNING": syntax error
[SQL: 
        INSERT INTO jobs
            (source, external_id, title, company, city, region, country,
             is_remote, salary_min, salary_max, salary_mid, url, date_posted)
        VALUES
            (?, ?, ?, ?, ?, ?, ?,
             ?, ?, ?, ?, ?, ?)
        ON CONFLICT (source, external_id) DO NOTHING
        RETURNING id;
    ]
[parameters: ('remoteok', '1131011', 'Regional Manager', 'Clearway Energy', 'Remote', None, None, True, nan, nan, nan, 'https://remoteOK.com/remote-jobs/remote-regional-manager-clearway-energy-1131011', '2026-04-07')]
(Background on this error at: https://sqlalche.me/e/20/e3q8)
2026-04-12 19:08:21,249  WARNING     Skipping row due to error: (sqlite3.OperationalError) near "RETURNING": syntax error
[SQL: 
        INSERT INTO jobs
            (source, external_id, title, company, city, region, country,
             is_remote, salary_min, salary_max, salary_mid, url, date_posted)
        VALUES
            (?, ?, ?, ?, ?, ?, ?,
             ?, ?, ?, ?, ?, ?)
        ON CONFLICT (source, external_id) DO NOTHING
        RETURNING id;
    ]
[parameters: ('remoteok', '1130997', 'RevOps AI Analyst Intern', 'Actian Corporation', 'Remote', None, None, True, nan, nan, nan, 'https://remoteOK.com/remote-jobs/remote-revops-ai-analyst-intern-actian-corporation-1130997', '2026-04-06')]
(Background on this error at: https://sqlalche.me/e/20/e3q8)
2026-04-12 19:08:21,250  WARNING     Skipping row due to error: (sqlite3.OperationalError) near "RETURNING": syntax error
[SQL: 
        INSERT INTO jobs
            (source, external_id, title, company, city, region, country,
             is_remote, salary_min, salary_max, salary_mid, url, date_posted)
        VALUES
            (?, ?, ?, ?, ?, ?, ?,
             ?, ?, ?, ?, ?, ?)
        ON CONFLICT (source, external_id) DO NOTHING
        RETURNING id;
    ]
[parameters: ('remoteok', '1130994', 'Associate Forward Deployed Engineer', 'Symmetry Systems', 'Remote', None, None, True, nan, nan, nan, 'https://remoteOK.com/remote-jobs/remote-associate-forward-deployed-engineer-symmetry-systems-1130994', '2026-04-05')]
(Background on this error at: https://sqlalche.me/e/20/e3q8)
2026-04-12 19:08:21,250  WARNING     Skipping row due to error: (sqlite3.OperationalError) near "RETURNING": syntax error
[SQL: 
        INSERT INTO jobs
            (source, external_id, title, company, city, region, country,
             is_remote, salary_min, salary_max, salary_mid, url, date_posted)
        VALUES
            (?, ?, ?, ?, ?, ?, ?,
             ?, ?, ?, ?, ?, ?)
        ON CONFLICT (source, external_id) DO NOTHING
        RETURNING id;
    ]
[parameters: ('remoteok', '1130993', 'Senior Site Civil Engineer Land Development', 'ms consultants, inc.', 'Remote', None, None, True, nan, nan, nan, 'https://remoteOK.com/remote-jobs/remote-senior-site-civil-engineer-land-development-ms-consultants-inc-1130993', '2026-04-04')]
(Background on this error at: https://sqlalche.me/e/20/e3q8)
2026-04-12 19:08:21,251  WARNING     Skipping row due to error: (sqlite3.OperationalError) near "RETURNING": syntax error
[SQL: 
        INSERT INTO jobs
            (source, external_id, title, company, city, region, country,
             is_remote, salary_min, salary_max, salary_mid, url, date_posted)
        VALUES
            (?, ?, ?, ?, ?, ?, ?,
             ?, ?, ?, ?, ?, ?)
        ON CONFLICT (source, external_id) DO NOTHING
        RETURNING id;
    ]
[parameters: ('remoteok', '1130992', 'Senior UX UI designer', 'GoMining', 'Remote', None, None, True, nan, nan, nan, 'https://remoteOK.com/remote-jobs/remote-senior-ux-ui-designer-gomining-1130992', '2026-04-03')]
(Background on this error at: https://sqlalche.me/e/20/e3q8)
2026-04-12 19:08:21,252  WARNING     Skipping row due to error: (sqlite3.OperationalError) near "RETURNING": syntax error
[SQL: 
        INSERT INTO jobs
            (source, external_id, title, company, city, region, country,
             is_remote, salary_min, salary_max, salary_mid, url, date_posted)
        VALUES
            (?, ?, ?, ?, ?, ?, ?,
             ?, ?, ?, ?, ?, ?)
        ON CONFLICT (source, external_id) DO NOTHING
        RETURNING id;
    ]
[parameters: ('remoteok', '1130991', 'Legal Counsel AI Trainer Freelance 8 20 hrs week', '10x Team', 'Remote', None, None, True, 1008.0, 2160.0, 1584.0, 'https://remoteOK.com/remote-jobs/remote-legal-counsel-ai-trainer-freelance-8-20-hrs-week-10x-team-1130991', '2026-04-03')]
(Background on this error at: https://sqlalche.me/e/20/e3q8)
2026-04-12 19:08:21,253  WARNING     Skipping row due to error: (sqlite3.OperationalError) near "RETURNING": syntax error
[SQL: 
        INSERT INTO jobs
            (source, external_id, title, company, city, region, country,
             is_remote, salary_min, salary_max, salary_mid, url, date_posted)
        VALUES
            (?, ?, ?, ?, ?, ?, ?,
             ?, ?, ?, ?, ?, ?)
        ON CONFLICT (source, external_id) DO NOTHING
        RETURNING id;
    ]
[parameters: ('remoteok', '1130989', 'Senior Sales Development Representative', 'Huzzle', 'Remote', None, None, True, nan, nan, nan, 'https://remoteOK.com/remote-jobs/remote-senior-sales-development-representative-huzzle-1130989', '2026-04-03')]
(Background on this error at: https://sqlalche.me/e/20/e3q8)
2026-04-12 19:08:21,254  WARNING     Skipping row due to error: (sqlite3.OperationalError) near "RETURNING": syntax error
[SQL: 
        INSERT INTO jobs
            (source, external_id, title, company, city, region, country,
             is_remote, salary_min, salary_max, salary_mid, url, date_posted)
        VALUES
            (?, ?, ?, ?, ?, ?, ?,
             ?, ?, ?, ?, ?, ?)
        ON CONFLICT (source, external_id) DO NOTHING
        RETURNING id;
    ]
[parameters: ('remoteok', '1130987', 'Website Maintenance', 'CrewBloom', 'Remote', None, None, True, nan, nan, nan, 'https://remoteOK.com/remote-jobs/remote-website-maintenance-crewbloom-1130987', '2026-04-02')]
(Background on this error at: https://sqlalche.me/e/20/e3q8)
2026-04-12 19:08:21,255  WARNING     Skipping row due to error: (sqlite3.OperationalError) near "RETURNING": syntax error
[SQL: 
        INSERT INTO jobs
            (source, external_id, title, company, city, region, country,
             is_remote, salary_min, salary_max, salary_mid, url, date_posted)
        VALUES
            (?, ?, ?, ?, ?, ?, ?,
             ?, ?, ?, ?, ?, ?)
        ON CONFLICT (source, external_id) DO NOTHING
        RETURNING id;
    ]
[parameters: ('remoteok', '1130986', 'Lead Consultant Public Sector', 'Celonis', 'Remote', None, None, True, nan, nan, nan, 'https://remoteOK.com/remote-jobs/remote-lead-consultant-public-sector-celonis-1130986', '2026-04-02')]
(Background on this error at: https://sqlalche.me/e/20/e3q8)
2026-04-12 19:08:21,255  WARNING     Skipping row due to error: (sqlite3.OperationalError) near "RETURNING": syntax error
[SQL: 
        INSERT INTO jobs
            (source, external_id, title, company, city, region, country,
             is_remote, salary_min, salary_max, salary_mid, url, date_posted)
        VALUES
            (?, ?, ?, ?, ?, ?, ?,
             ?, ?, ?, ?, ?, ?)
        ON CONFLICT (source, external_id) DO NOTHING
        RETURNING id;
    ]
[parameters: ('remoteok', '1130985', 'Product Manager Energy Storage Controls & Telemetry', 'Verse', 'Remote', None, None, True, nan, nan, nan, 'https://remoteOK.com/remote-jobs/remote-product-manager-energy-storage-controls-telemetry-verse-1130985', '2026-04-02')]
(Background on this error at: https://sqlalche.me/e/20/e3q8)
2026-04-12 19:08:21,256  WARNING     Skipping row due to error: (sqlite3.OperationalError) near "RETURNING": syntax error
[SQL: 
        INSERT INTO jobs
            (source, external_id, title, company, city, region, country,
             is_remote, salary_min, salary_max, salary_mid, url, date_posted)
        VALUES
            (?, ?, ?, ?, ?, ?, ?,
             ?, ?, ?, ?, ?, ?)
        ON CONFLICT (source, external_id) DO NOTHING
        RETURNING id;
    ]
[parameters: ('remoteok', '1130984', 'Sales Development Representative', 'Huzzle', 'Remote', None, None, True, nan, nan, nan, 'https://remoteOK.com/remote-jobs/remote-sales-development-representative-huzzle-1130984', '2026-04-02')]
(Background on this error at: https://sqlalche.me/e/20/e3q8)
2026-04-12 19:08:21,256  WARNING     Skipping row due to error: (sqlite3.OperationalError) near "RETURNING": syntax error
[SQL: 
        INSERT INTO jobs
            (source, external_id, title, company, city, region, country,
             is_remote, salary_min, salary_max, salary_mid, url, date_posted)
        VALUES
            (?, ?, ?, ?, ?, ?, ?,
             ?, ?, ?, ?, ?, ?)
        ON CONFLICT (source, external_id) DO NOTHING
        RETURNING id;
    ]
[parameters: ('remoteok', '1130983', 'Senior Strategist Future of Work & AI Readiness', 'American Institutes for Research', 'Remote', None, None, True, nan, nan, nan, 'https://remoteOK.com/remote-jobs/remote-senior-strategist-future-of-work-ai-readiness-american-institutes-for-research-1130983', '2026-04-02')]
(Background on this error at: https://sqlalche.me/e/20/e3q8)
2026-04-12 19:08:21,257  WARNING     Skipping row due to error: (sqlite3.OperationalError) near "RETURNING": syntax error
[SQL: 
        INSERT INTO jobs
            (source, external_id, title, company, city, region, country,
             is_remote, salary_min, salary_max, salary_mid, url, date_posted)
        VALUES
            (?, ?, ?, ?, ?, ?, ?,
             ?, ?, ?, ?, ?, ?)
        ON CONFLICT (source, external_id) DO NOTHING
        RETURNING id;
    ]
[parameters: ('remoteok', '1130982', 'Customs Compliance Consultant', 'Reachdesk Ltd', 'Remote', None, None, True, nan, nan, nan, 'https://remoteOK.com/remote-jobs/remote-customs-compliance-consultant-reachdesk-ltd-1130982', '2026-04-02')]
(Background on this error at: https://sqlalche.me/e/20/e3q8)
2026-04-12 19:08:21,257  WARNING     Skipping row due to error: (sqlite3.OperationalError) near "RETURNING": syntax error
[SQL: 
        INSERT INTO jobs
            (source, external_id, title, company, city, region, country,
             is_remote, salary_min, salary_max, salary_mid, url, date_posted)
        VALUES
            (?, ?, ?, ?, ?, ?, ?,
             ?, ?, ?, ?, ?, ?)
        ON CONFLICT (source, external_id) DO NOTHING
        RETURNING id;
    ]
[parameters: ('remoteok', '1130981', 'Senior Backend Engineer HyperDX', 'ClickHouse', 'Remote', None, None, True, nan, nan, nan, 'https://remoteOK.com/remote-jobs/remote-senior-backend-engineer-hyperdx-clickhouse-1130981', '2026-04-02')]
(Background on this error at: https://sqlalche.me/e/20/e3q8)
2026-04-12 19:08:21,258  WARNING     Skipping row due to error: (sqlite3.OperationalError) near "RETURNING": syntax error
[SQL: 
        INSERT INTO jobs
            (source, external_id, title, company, city, region, country,
             is_remote, salary_min, salary_max, salary_mid, url, date_posted)
        VALUES
            (?, ?, ?, ?, ?, ?, ?,
             ?, ?, ?, ?, ?, ?)
        ON CONFLICT (source, external_id) DO NOTHING
        RETURNING id;
    ]
[parameters: ('remoteok', '1130980', 'Strategic Core Account Executive CPG Databricks', 'Databricks', 'Remote', None, None, True, nan, nan, nan, 'https://remoteOK.com/remote-jobs/remote-strategic-core-account-executive-cpg-databricks-databricks-1130980', '2026-04-02')]
(Background on this error at: https://sqlalche.me/e/20/e3q8)
2026-04-12 19:08:21,260  WARNING     Skipping row due to error: (sqlite3.OperationalError) near "RETURNING": syntax error
[SQL: 
        INSERT INTO jobs
            (source, external_id, title, company, city, region, country,
             is_remote, salary_min, salary_max, salary_mid, url, date_posted)
        VALUES
            (?, ?, ?, ?, ?, ?, ?,
             ?, ?, ?, ?, ?, ?)
        ON CONFLICT (source, external_id) DO NOTHING
        RETURNING id;
    ]
[parameters: ('remoteok', '1130979', 'Intermediate Full Stack Engineer', 'Runn', 'Remote', None, None, True, 70000.0, 80000.0, 75000.0, 'https://remoteOK.com/remote-jobs/remote-intermediate-full-stack-engineer-runn-1130979', '2026-04-02')]
(Background on this error at: https://sqlalche.me/e/20/e3q8)
2026-04-12 19:08:21,261  WARNING     Skipping row due to error: (sqlite3.OperationalError) near "RETURNING": syntax error
[SQL: 
        INSERT INTO jobs
            (source, external_id, title, company, city, region, country,
             is_remote, salary_min, salary_max, salary_mid, url, date_posted)
        VALUES
            (?, ?, ?, ?, ?, ?, ?,
             ?, ?, ?, ?, ?, ?)
        ON CONFLICT (source, external_id) DO NOTHING
        RETURNING id;
    ]
[parameters: ('remoteok', '1130978', 'Senior Full Stack Engineer', 'Runn', 'Remote', None, None, True, 120000.0, 120000.0, 120000.0, 'https://remoteOK.com/remote-jobs/remote-senior-full-stack-engineer-runn-1130978', '2026-04-02')]
(Background on this error at: https://sqlalche.me/e/20/e3q8)
2026-04-12 19:08:21,263  WARNING     Skipping row due to error: (sqlite3.OperationalError) near "RETURNING": syntax error
[SQL: 
        INSERT INTO jobs
            (source, external_id, title, company, city, region, country,
             is_remote, salary_min, salary_max, salary_mid, url, date_posted)
        VALUES
            (?, ?, ?, ?, ?, ?, ?,
             ?, ?, ?, ?, ?, ?)
        ON CONFLICT (source, external_id) DO NOTHING
        RETURNING id;
    ]
[parameters: ('remoteok', '1130974', 'Banner Consultant Student Accounts Receivable', 'Strata Information Group', 'Remote', None, None, True, nan, nan, nan, 'https://remoteOK.com/remote-jobs/remote-banner-consultant-student-accounts-receivable-strata-information-group-1130974', '2026-04-02')]
(Background on this error at: https://sqlalche.me/e/20/e3q8)
2026-04-12 19:08:21,263  WARNING     Skipping row due to error: (sqlite3.OperationalError) near "RETURNING": syntax error
[SQL: 
        INSERT INTO jobs
            (source, external_id, title, company, city, region, country,
             is_remote, salary_min, salary_max, salary_mid, url, date_posted)
        VALUES
            (?, ?, ?, ?, ?, ?, ?,
             ?, ?, ?, ?, ?, ?)
        ON CONFLICT (source, external_id) DO NOTHING
        RETURNING id;
    ]
[parameters: ('remoteok', '1130972', 'Accounting Intern', 'SpecterOps', 'Remote', None, None, True, nan, nan, nan, 'https://remoteOK.com/remote-jobs/remote-accounting-intern-specterops-1130972', '2026-04-02')]
(Background on this error at: https://sqlalche.me/e/20/e3q8)
2026-04-12 19:08:21,264  WARNING     Skipping row due to error: (sqlite3.OperationalError) near "RETURNING": syntax error
[SQL: 
        INSERT INTO jobs
            (source, external_id, title, company, city, region, country,
             is_remote, salary_min, salary_max, salary_mid, url, date_posted)
        VALUES
            (?, ?, ?, ?, ?, ?, ?,
             ?, ?, ?, ?, ?, ?)
        ON CONFLICT (source, external_id) DO NOTHING
        RETURNING id;
    ]
[parameters: ('remoteok', '1130971', 'Senior Engagement Manager', 'Medallion', 'Remote', None, None, True, 90000.0, 130000.0, 110000.0, 'https://remoteOK.com/remote-jobs/remote-senior-engagement-manager-medallion-1130971', '2026-04-02')]
(Background on this error at: https://sqlalche.me/e/20/e3q8)
2026-04-12 19:08:21,265  WARNING     Skipping row due to error: (sqlite3.OperationalError) near "RETURNING": syntax error
[SQL: 
        INSERT INTO jobs
            (source, external_id, title, company, city, region, country,
             is_remote, salary_min, salary_max, salary_mid, url, date_posted)
        VALUES
            (?, ?, ?, ?, ?, ?, ?,
             ?, ?, ?, ?, ?, ?)
        ON CONFLICT (source, external_id) DO NOTHING
        RETURNING id;
    ]
[parameters: ('remoteok', '1130970', 'Forward deployed Engineer LatAm', 'Clara', 'Remote', None, None, True, nan, nan, nan, 'https://remoteOK.com/remote-jobs/remote-forward-deployed-engineer-latam-clara-1130970', '2026-04-02')]
(Background on this error at: https://sqlalche.me/e/20/e3q8)
2026-04-12 19:08:21,266  WARNING     Skipping row due to error: (sqlite3.OperationalError) near "RETURNING": syntax error
[SQL: 
        INSERT INTO jobs
            (source, external_id, title, company, city, region, country,
             is_remote, salary_min, salary_max, salary_mid, url, date_posted)
        VALUES
            (?, ?, ?, ?, ?, ?, ?,
             ?, ?, ?, ?, ?, ?)
        ON CONFLICT (source, external_id) DO NOTHING
        RETURNING id;
    ]
[parameters: ('remoteok', '1130969', 'Internship Marketing Summer 2026', 'Concentric', 'Remote', None, None, True, nan, nan, nan, 'https://remoteOK.com/remote-jobs/remote-internship-marketing-summer-2026-concentric-1130969', '2026-04-02')]
(Background on this error at: https://sqlalche.me/e/20/e3q8)
2026-04-12 19:08:21,267  WARNING     Skipping row due to error: (sqlite3.OperationalError) near "RETURNING": syntax error
[SQL: 
        INSERT INTO jobs
            (source, external_id, title, company, city, region, country,
             is_remote, salary_min, salary_max, salary_mid, url, date_posted)
        VALUES
            (?, ?, ?, ?, ?, ?, ?,
             ?, ?, ?, ?, ?, ?)
        ON CONFLICT (source, external_id) DO NOTHING
        RETURNING id;
    ]
[parameters: ('remoteok', '1130967', 'Senior Software Engineer', 'Sysdig', 'Remote', None, None, True, nan, nan, nan, 'https://remoteOK.com/remote-jobs/remote-senior-software-engineer-sysdig-1130967', '2026-04-01')]
(Background on this error at: https://sqlalche.me/e/20/e3q8)
2026-04-12 19:08:21,269  WARNING     Skipping row due to error: (sqlite3.OperationalError) near "RETURNING": syntax error
[SQL: 
        INSERT INTO jobs
            (source, external_id, title, company, city, region, country,
             is_remote, salary_min, salary_max, salary_mid, url, date_posted)
        VALUES
            (?, ?, ?, ?, ?, ?, ?,
             ?, ?, ?, ?, ?, ?)
        ON CONFLICT (source, external_id) DO NOTHING
        RETURNING id;
    ]
[parameters: ('remoteok', '1130966', 'Lithuanian Localization QA Tester Proofreader', 'Welo Global', 'Remote', None, None, True, nan, nan, nan, 'https://remoteOK.com/remote-jobs/remote-lithuanian-localization-qa-tester-proofreader-welo-global-1130966', '2026-04-01')]
(Background on this error at: https://sqlalche.me/e/20/e3q8)
2026-04-12 19:08:21,269  WARNING     Skipping row due to error: (sqlite3.OperationalError) near "RETURNING": syntax error
[SQL: 
        INSERT INTO jobs
            (source, external_id, title, company, city, region, country,
             is_remote, salary_min, salary_max, salary_mid, url, date_posted)
        VALUES
            (?, ?, ?, ?, ?, ?, ?,
             ?, ?, ?, ?, ?, ?)
        ON CONFLICT (source, external_id) DO NOTHING
        RETURNING id;
    ]
[parameters: ('remoteok', '1130965', 'Call Centre Manager', 'Huzzle', 'Remote', None, None, True, nan, nan, nan, 'https://remoteOK.com/remote-jobs/remote-call-centre-manager-huzzle-1130965', '2026-04-01')]
(Background on this error at: https://sqlalche.me/e/20/e3q8)
2026-04-12 19:08:21,270  WARNING     Skipping row due to error: (sqlite3.OperationalError) near "RETURNING": syntax error
[SQL: 
        INSERT INTO jobs
            (source, external_id, title, company, city, region, country,
             is_remote, salary_min, salary_max, salary_mid, url, date_posted)
        VALUES
            (?, ?, ?, ?, ?, ?, ?,
             ?, ?, ?, ?, ?, ?)
        ON CONFLICT (source, external_id) DO NOTHING
        RETURNING id;
    ]
[parameters: ('remoteok', '1130961', 'Junior Crypto Analyst & Trader', 'WhiteBridge-Ltd', 'Remote', None, None, True, 70000.0, 90000.0, 80000.0, 'https://remoteOK.com/remote-jobs/remote-junior-crypto-analyst-trader-whitebridge-ltd-1130961', '2026-04-01')]
(Background on this error at: https://sqlalche.me/e/20/e3q8)
2026-04-12 19:08:21,270  INFO        Inserted 0 new jobs (846 duplicates skipped)
2026-04-12 19:08:21,270  INFO         Inserted/updated 0 rows
2026-04-12 19:08:21,270  INFO      ✔ Pipeline finished successfully
2026-04-12 19:10:31,408  INFO      ════════════════════════════════════════════════════════════
2026-04-12 19:10:31,408  INFO      Job Market Pipeline  |  mode=load  |  2026-04-12 19:10:31.408754
2026-04-12 19:10:31,408  INFO      ════════════════════════════════════════════════════════════
2026-04-12 19:10:31,409  INFO      ▶ STAGE 3 — Load
2026-04-12 19:10:32,296  INFO        Loading 846 rows from data/clean/jobs_2026-04-12.parquet
2026-04-12 19:10:37,117  INFO        Inserted 0 new jobs (846 duplicates skipped)
2026-04-12 19:10:37,118  INFO         Inserted/updated 0 rows
2026-04-12 19:10:37,118  INFO      ✔ Pipeline finished successfully
2026-04-12 19:18:26,267  INFO      ════════════════════════════════════════════════════════════
2026-04-12 19:18:26,268  INFO      Job Market Pipeline  |  mode=load  |  2026-04-12 19:18:26.268118
2026-04-12 19:18:26,268  INFO      ════════════════════════════════════════════════════════════
2026-04-12 19:18:26,268  INFO      ▶ STAGE 3 — Load
2026-04-12 19:18:26,959  INFO        Loading 846 rows from data/clean/jobs_2026-04-12.parquet
2026-04-12 19:18:27,015  WARNING     Skipping row due to error: (sqlite3.OperationalError) near "RETURNING": syntax error
[SQL: INSERT INTO skills (name) VALUES (?) ON CONFLICT (name) DO NOTHING RETURNING id;]
[parameters: ('aws',)]
(Background on this error at: https://sqlalche.me/e/20/e3q8)
2026-04-12 19:18:27,029  WARNING     Skipping row due to error: The truth value of an array with more than one element is ambiguous. Use a.any() or a.all()
2026-04-12 19:18:27,126  WARNING     Skipping row due to error: The truth value of an array with more than one element is ambiguous. Use a.any() or a.all()
2026-04-12 19:18:27,132  WARNING     Skipping row due to error: The truth value of an array with more than one element is ambiguous. Use a.any() or a.all()
2026-04-12 19:18:27,134  WARNING     Skipping row due to error: (sqlite3.OperationalError) near "RETURNING": syntax error
[SQL: INSERT INTO skills (name) VALUES (?) ON CONFLICT (name) DO NOTHING RETURNING id;]
[parameters: ('mysql',)]
(Background on this error at: https://sqlalche.me/e/20/e3q8)
2026-04-12 19:18:27,141  WARNING     Skipping row due to error: The truth value of an array with more than one element is ambiguous. Use a.any() or a.all()
2026-04-12 19:18:27,156  WARNING     Skipping row due to error: The truth value of an array with more than one element is ambiguous. Use a.any() or a.all()
2026-04-12 19:18:27,157  WARNING     Skipping row due to error: The truth value of an array with more than one element is ambiguous. Use a.any() or a.all()
2026-04-12 19:18:27,159  WARNING     Skipping row due to error: (sqlite3.OperationalError) near "RETURNING": syntax error
[SQL: INSERT INTO skills (name) VALUES (?) ON CONFLICT (name) DO NOTHING RETURNING id;]
[parameters: ('snowflake',)]
(Background on this error at: https://sqlalche.me/e/20/e3q8)
2026-04-12 19:18:27,161  WARNING     Skipping row due to error: The truth value of an array with more than one element is ambiguous. Use a.any() or a.all()
2026-04-12 19:18:27,212  WARNING     Skipping row due to error: The truth value of an array with more than one element is ambiguous. Use a.any() or a.all()
2026-04-12 19:18:27,232  WARNING     Skipping row due to error: The truth value of an array with more than one element is ambiguous. Use a.any() or a.all()
2026-04-12 19:18:27,233  WARNING     Skipping row due to error: The truth value of an array with more than one element is ambiguous. Use a.any() or a.all()
2026-04-12 19:18:27,259  WARNING     Skipping row due to error: (sqlite3.OperationalError) near "RETURNING": syntax error
[SQL: INSERT INTO skills (name) VALUES (?) ON CONFLICT (name) DO NOTHING RETURNING id;]
[parameters: ('kafka',)]
(Background on this error at: https://sqlalche.me/e/20/e3q8)
2026-04-12 19:18:27,260  WARNING     Skipping row due to error: The truth value of an array with more than one element is ambiguous. Use a.any() or a.all()
2026-04-12 19:18:27,260  WARNING     Skipping row due to error: The truth value of an array with more than one element is ambiguous. Use a.any() or a.all()
2026-04-12 19:18:27,261  WARNING     Skipping row due to error: The truth value of an array with more than one element is ambiguous. Use a.any() or a.all()
2026-04-12 19:18:27,275  WARNING     Skipping row due to error: (sqlite3.OperationalError) near "RETURNING": syntax error
[SQL: INSERT INTO skills (name) VALUES (?) ON CONFLICT (name) DO NOTHING RETURNING id;]
[parameters: ('azure',)]
(Background on this error at: https://sqlalche.me/e/20/e3q8)
2026-04-12 19:18:27,292  WARNING     Skipping row due to error: (sqlite3.OperationalError) near "RETURNING": syntax error
[SQL: INSERT INTO skills (name) VALUES (?) ON CONFLICT (name) DO NOTHING RETURNING id;]
[parameters: ('snowflake',)]
(Background on this error at: https://sqlalche.me/e/20/e3q8)
2026-04-12 19:18:27,312  WARNING     Skipping row due to error: (sqlite3.OperationalError) near "RETURNING": syntax error
[SQL: INSERT INTO skills (name) VALUES (?) ON CONFLICT (name) DO NOTHING RETURNING id;]
[parameters: ('sql',)]
(Background on this error at: https://sqlalche.me/e/20/e3q8)
2026-04-12 19:18:27,355  WARNING     Skipping row due to error: (sqlite3.OperationalError) near "RETURNING": syntax error
[SQL: INSERT INTO skills (name) VALUES (?) ON CONFLICT (name) DO NOTHING RETURNING id;]
[parameters: ('spark',)]
(Background on this error at: https://sqlalche.me/e/20/e3q8)
2026-04-12 19:18:27,366  WARNING     Skipping row due to error: The truth value of an array with more than one element is ambiguous. Use a.any() or a.all()
2026-04-12 19:18:27,367  WARNING     Skipping row due to error: The truth value of an array with more than one element is ambiguous. Use a.any() or a.all()
2026-04-12 19:18:27,368  WARNING     Skipping row due to error: The truth value of an array with more than one element is ambiguous. Use a.any() or a.all()
2026-04-12 19:18:27,369  WARNING     Skipping row due to error: The truth value of an array with more than one element is ambiguous. Use a.any() or a.all()
2026-04-12 19:18:27,370  WARNING     Skipping row due to error: The truth value of an array with more than one element is ambiguous. Use a.any() or a.all()
2026-04-12 19:18:27,371  WARNING     Skipping row due to error: The truth value of an array with more than one element is ambiguous. Use a.any() or a.all()
2026-04-12 19:18:27,371  WARNING     Skipping row due to error: The truth value of an array with more than one element is ambiguous. Use a.any() or a.all()
2026-04-12 19:18:27,372  WARNING     Skipping row due to error: The truth value of an array with more than one element is ambiguous. Use a.any() or a.all()
2026-04-12 19:18:27,373  WARNING     Skipping row due to error: The truth value of an array with more than one element is ambiguous. Use a.any() or a.all()
2026-04-12 19:18:27,374  WARNING     Skipping row due to error: The truth value of an array with more than one element is ambiguous. Use a.any() or a.all()
2026-04-12 19:18:27,375  WARNING     Skipping row due to error: The truth value of an array with more than one element is ambiguous. Use a.any() or a.all()
2026-04-12 19:18:27,377  WARNING     Skipping row due to error: The truth value of an array with more than one element is ambiguous. Use a.any() or a.all()
2026-04-12 19:18:27,380  WARNING     Skipping row due to error: The truth value of an array with more than one element is ambiguous. Use a.any() or a.all()
2026-04-12 19:18:27,382  WARNING     Skipping row due to error: The truth value of an array with more than one element is ambiguous. Use a.any() or a.all()
2026-04-12 19:18:27,383  WARNING     Skipping row due to error: The truth value of an array with more than one element is ambiguous. Use a.any() or a.all()
2026-04-12 19:18:27,384  WARNING     Skipping row due to error: The truth value of an array with more than one element is ambiguous. Use a.any() or a.all()
2026-04-12 19:18:27,385  WARNING     Skipping row due to error: The truth value of an array with more than one element is ambiguous. Use a.any() or a.all()
2026-04-12 19:18:27,386  WARNING     Skipping row due to error: The truth value of an array with more than one element is ambiguous. Use a.any() or a.all()
2026-04-12 19:18:27,388  WARNING     Skipping row due to error: The truth value of an array with more than one element is ambiguous. Use a.any() or a.all()
2026-04-12 19:18:27,390  WARNING     Skipping row due to error: The truth value of an array with more than one element is ambiguous. Use a.any() or a.all()
2026-04-12 19:18:27,391  WARNING     Skipping row due to error: The truth value of an array with more than one element is ambiguous. Use a.any() or a.all()
2026-04-12 19:18:27,392  WARNING     Skipping row due to error: The truth value of an array with more than one element is ambiguous. Use a.any() or a.all()
2026-04-12 19:18:27,393  WARNING     Skipping row due to error: The truth value of an array with more than one element is ambiguous. Use a.any() or a.all()
2026-04-12 19:18:27,394  WARNING     Skipping row due to error: The truth value of an array with more than one element is ambiguous. Use a.any() or a.all()
2026-04-12 19:18:27,396  WARNING     Skipping row due to error: The truth value of an array with more than one element is ambiguous. Use a.any() or a.all()
2026-04-12 19:18:27,398  WARNING     Skipping row due to error: The truth value of an array with more than one element is ambiguous. Use a.any() or a.all()
2026-04-12 19:18:27,399  WARNING     Skipping row due to error: The truth value of an array with more than one element is ambiguous. Use a.any() or a.all()
2026-04-12 19:18:27,400  WARNING     Skipping row due to error: The truth value of an array with more than one element is ambiguous. Use a.any() or a.all()
2026-04-12 19:18:27,403  WARNING     Skipping row due to error: The truth value of an array with more than one element is ambiguous. Use a.any() or a.all()
2026-04-12 19:18:27,404  WARNING     Skipping row due to error: The truth value of an array with more than one element is ambiguous. Use a.any() or a.all()
2026-04-12 19:18:27,406  WARNING     Skipping row due to error: The truth value of an array with more than one element is ambiguous. Use a.any() or a.all()
2026-04-12 19:18:27,407  WARNING     Skipping row due to error: The truth value of an array with more than one element is ambiguous. Use a.any() or a.all()
2026-04-12 19:18:27,408  WARNING     Skipping row due to error: The truth value of an array with more than one element is ambiguous. Use a.any() or a.all()
2026-04-12 19:18:27,410  WARNING     Skipping row due to error: The truth value of an array with more than one element is ambiguous. Use a.any() or a.all()
2026-04-12 19:18:27,412  WARNING     Skipping row due to error: The truth value of an array with more than one element is ambiguous. Use a.any() or a.all()
2026-04-12 19:18:27,413  WARNING     Skipping row due to error: The truth value of an array with more than one element is ambiguous. Use a.any() or a.all()
2026-04-12 19:18:27,415  WARNING     Skipping row due to error: The truth value of an array with more than one element is ambiguous. Use a.any() or a.all()
2026-04-12 19:18:27,417  WARNING     Skipping row due to error: The truth value of an array with more than one element is ambiguous. Use a.any() or a.all()
2026-04-12 19:18:27,418  WARNING     Skipping row due to error: The truth value of an array with more than one element is ambiguous. Use a.any() or a.all()
2026-04-12 19:18:27,419  WARNING     Skipping row due to error: The truth value of an array with more than one element is ambiguous. Use a.any() or a.all()
2026-04-12 19:18:27,420  WARNING     Skipping row due to error: The truth value of an array with more than one element is ambiguous. Use a.any() or a.all()
2026-04-12 19:18:27,421  WARNING     Skipping row due to error: The truth value of an array with more than one element is ambiguous. Use a.any() or a.all()
2026-04-12 19:18:27,423  WARNING     Skipping row due to error: The truth value of an array with more than one element is ambiguous. Use a.any() or a.all()
2026-04-12 19:18:27,425  WARNING     Skipping row due to error: The truth value of an array with more than one element is ambiguous. Use a.any() or a.all()
2026-04-12 19:18:27,426  WARNING     Skipping row due to error: The truth value of an array with more than one element is ambiguous. Use a.any() or a.all()
2026-04-12 19:18:27,427  WARNING     Skipping row due to error: The truth value of an array with more than one element is ambiguous. Use a.any() or a.all()
2026-04-12 19:18:27,429  WARNING     Skipping row due to error: The truth value of an array with more than one element is ambiguous. Use a.any() or a.all()
2026-04-12 19:18:27,430  WARNING     Skipping row due to error: The truth value of an array with more than one element is ambiguous. Use a.any() or a.all()
2026-04-12 19:18:27,433  WARNING     Skipping row due to error: The truth value of an array with more than one element is ambiguous. Use a.any() or a.all()
2026-04-12 19:18:27,435  WARNING     Skipping row due to error: The truth value of an array with more than one element is ambiguous. Use a.any() or a.all()
2026-04-12 19:18:27,437  WARNING     Skipping row due to error: The truth value of an array with more than one element is ambiguous. Use a.any() or a.all()
2026-04-12 19:18:27,438  WARNING     Skipping row due to error: The truth value of an array with more than one element is ambiguous. Use a.any() or a.all()
2026-04-12 19:18:27,439  WARNING     Skipping row due to error: (sqlite3.OperationalError) near "RETURNING": syntax error
[SQL: INSERT INTO skills (name) VALUES (?) ON CONFLICT (name) DO NOTHING RETURNING id;]
[parameters: ('sql',)]
(Background on this error at: https://sqlalche.me/e/20/e3q8)
2026-04-12 19:18:27,448  WARNING     Skipping row due to error: (sqlite3.OperationalError) near "RETURNING": syntax error
[SQL: INSERT INTO skills (name) VALUES (?) ON CONFLICT (name) DO NOTHING RETURNING id;]
[parameters: ('sql',)]
(Background on this error at: https://sqlalche.me/e/20/e3q8)
2026-04-12 19:18:27,492  WARNING     Skipping row due to error: The truth value of an array with more than one element is ambiguous. Use a.any() or a.all()
2026-04-12 19:18:27,493  WARNING     Skipping row due to error: (sqlite3.OperationalError) near "RETURNING": syntax error
[SQL: INSERT INTO skills (name) VALUES (?) ON CONFLICT (name) DO NOTHING RETURNING id;]
[parameters: ('snowflake',)]
(Background on this error at: https://sqlalche.me/e/20/e3q8)
2026-04-12 19:18:27,518  WARNING     Skipping row due to error: (sqlite3.OperationalError) near "RETURNING": syntax error
[SQL: INSERT INTO skills (name) VALUES (?) ON CONFLICT (name) DO NOTHING RETURNING id;]
[parameters: ('sql',)]
(Background on this error at: https://sqlalche.me/e/20/e3q8)
2026-04-12 19:18:27,560  WARNING     Skipping row due to error: The truth value of an array with more than one element is ambiguous. Use a.any() or a.all()
2026-04-12 19:18:27,561  WARNING     Skipping row due to error: (sqlite3.OperationalError) near "RETURNING": syntax error
[SQL: INSERT INTO skills (name) VALUES (?) ON CONFLICT (name) DO NOTHING RETURNING id;]
[parameters: ('python',)]
(Background on this error at: https://sqlalche.me/e/20/e3q8)
2026-04-12 19:18:27,563  WARNING     Skipping row due to error: (sqlite3.OperationalError) near "RETURNING": syntax error
[SQL: INSERT INTO skills (name) VALUES (?) ON CONFLICT (name) DO NOTHING RETURNING id;]
[parameters: ('python',)]
(Background on this error at: https://sqlalche.me/e/20/e3q8)
2026-04-12 19:18:27,564  WARNING     Skipping row due to error: (sqlite3.OperationalError) near "RETURNING": syntax error
[SQL: INSERT INTO skills (name) VALUES (?) ON CONFLICT (name) DO NOTHING RETURNING id;]
[parameters: ('python',)]
(Background on this error at: https://sqlalche.me/e/20/e3q8)
2026-04-12 19:18:27,565  WARNING     Skipping row due to error: (sqlite3.OperationalError) near "RETURNING": syntax error
[SQL: INSERT INTO skills (name) VALUES (?) ON CONFLICT (name) DO NOTHING RETURNING id;]
[parameters: ('python',)]
(Background on this error at: https://sqlalche.me/e/20/e3q8)
2026-04-12 19:18:27,566  WARNING     Skipping row due to error: (sqlite3.OperationalError) near "RETURNING": syntax error
[SQL: INSERT INTO skills (name) VALUES (?) ON CONFLICT (name) DO NOTHING RETURNING id;]
[parameters: ('python',)]
(Background on this error at: https://sqlalche.me/e/20/e3q8)
2026-04-12 19:18:27,569  WARNING     Skipping row due to error: (sqlite3.OperationalError) near "RETURNING": syntax error
[SQL: INSERT INTO skills (name) VALUES (?) ON CONFLICT (name) DO NOTHING RETURNING id;]
[parameters: ('python',)]
(Background on this error at: https://sqlalche.me/e/20/e3q8)
2026-04-12 19:18:27,570  WARNING     Skipping row due to error: (sqlite3.OperationalError) near "RETURNING": syntax error
[SQL: INSERT INTO skills (name) VALUES (?) ON CONFLICT (name) DO NOTHING RETURNING id;]
[parameters: ('python',)]
(Background on this error at: https://sqlalche.me/e/20/e3q8)
2026-04-12 19:18:27,572  WARNING     Skipping row due to error: (sqlite3.OperationalError) near "RETURNING": syntax error
[SQL: INSERT INTO skills (name) VALUES (?) ON CONFLICT (name) DO NOTHING RETURNING id;]
[parameters: ('python',)]
(Background on this error at: https://sqlalche.me/e/20/e3q8)
2026-04-12 19:18:27,576  WARNING     Skipping row due to error: (sqlite3.OperationalError) near "RETURNING": syntax error
[SQL: INSERT INTO skills (name) VALUES (?) ON CONFLICT (name) DO NOTHING RETURNING id;]
[parameters: ('python',)]
(Background on this error at: https://sqlalche.me/e/20/e3q8)
2026-04-12 19:18:27,577  WARNING     Skipping row due to error: (sqlite3.OperationalError) near "RETURNING": syntax error
[SQL: INSERT INTO skills (name) VALUES (?) ON CONFLICT (name) DO NOTHING RETURNING id;]
[parameters: ('python',)]
(Background on this error at: https://sqlalche.me/e/20/e3q8)
2026-04-12 19:18:27,579  WARNING     Skipping row due to error: (sqlite3.OperationalError) near "RETURNING": syntax error
[SQL: INSERT INTO skills (name) VALUES (?) ON CONFLICT (name) DO NOTHING RETURNING id;]
[parameters: ('python',)]
(Background on this error at: https://sqlalche.me/e/20/e3q8)
2026-04-12 19:18:27,580  WARNING     Skipping row due to error: (sqlite3.OperationalError) near "RETURNING": syntax error
[SQL: INSERT INTO skills (name) VALUES (?) ON CONFLICT (name) DO NOTHING RETURNING id;]
[parameters: ('python',)]
(Background on this error at: https://sqlalche.me/e/20/e3q8)
2026-04-12 19:18:27,582  WARNING     Skipping row due to error: (sqlite3.OperationalError) near "RETURNING": syntax error
[SQL: INSERT INTO skills (name) VALUES (?) ON CONFLICT (name) DO NOTHING RETURNING id;]
[parameters: ('python',)]
(Background on this error at: https://sqlalche.me/e/20/e3q8)
2026-04-12 19:18:27,584  WARNING     Skipping row due to error: The truth value of an array with more than one element is ambiguous. Use a.any() or a.all()
2026-04-12 19:18:27,586  WARNING     Skipping row due to error: (sqlite3.OperationalError) near "RETURNING": syntax error
[SQL: INSERT INTO skills (name) VALUES (?) ON CONFLICT (name) DO NOTHING RETURNING id;]
[parameters: ('python',)]
(Background on this error at: https://sqlalche.me/e/20/e3q8)
2026-04-12 19:18:27,587  WARNING     Skipping row due to error: (sqlite3.OperationalError) near "RETURNING": syntax error
[SQL: INSERT INTO skills (name) VALUES (?) ON CONFLICT (name) DO NOTHING RETURNING id;]
[parameters: ('python',)]
(Background on this error at: https://sqlalche.me/e/20/e3q8)
2026-04-12 19:18:27,589  WARNING     Skipping row due to error: (sqlite3.OperationalError) near "RETURNING": syntax error
[SQL: INSERT INTO skills (name) VALUES (?) ON CONFLICT (name) DO NOTHING RETURNING id;]
[parameters: ('python',)]
(Background on this error at: https://sqlalche.me/e/20/e3q8)
2026-04-12 19:18:27,590  WARNING     Skipping row due to error: The truth value of an array with more than one element is ambiguous. Use a.any() or a.all()
2026-04-12 19:18:27,591  WARNING     Skipping row due to error: (sqlite3.OperationalError) near "RETURNING": syntax error
[SQL: INSERT INTO skills (name) VALUES (?) ON CONFLICT (name) DO NOTHING RETURNING id;]
[parameters: ('python',)]
(Background on this error at: https://sqlalche.me/e/20/e3q8)
2026-04-12 19:18:27,592  WARNING     Skipping row due to error: (sqlite3.OperationalError) near "RETURNING": syntax error
[SQL: INSERT INTO skills (name) VALUES (?) ON CONFLICT (name) DO NOTHING RETURNING id;]
[parameters: ('python',)]
(Background on this error at: https://sqlalche.me/e/20/e3q8)
2026-04-12 19:18:27,594  WARNING     Skipping row due to error: (sqlite3.OperationalError) near "RETURNING": syntax error
[SQL: INSERT INTO skills (name) VALUES (?) ON CONFLICT (name) DO NOTHING RETURNING id;]
[parameters: ('python',)]
(Background on this error at: https://sqlalche.me/e/20/e3q8)
2026-04-12 19:18:27,595  WARNING     Skipping row due to error: (sqlite3.OperationalError) near "RETURNING": syntax error
[SQL: INSERT INTO skills (name) VALUES (?) ON CONFLICT (name) DO NOTHING RETURNING id;]
[parameters: ('python',)]
(Background on this error at: https://sqlalche.me/e/20/e3q8)
2026-04-12 19:18:27,597  WARNING     Skipping row due to error: (sqlite3.OperationalError) near "RETURNING": syntax error
[SQL: INSERT INTO skills (name) VALUES (?) ON CONFLICT (name) DO NOTHING RETURNING id;]
[parameters: ('python',)]
(Background on this error at: https://sqlalche.me/e/20/e3q8)
2026-04-12 19:18:27,599  WARNING     Skipping row due to error: (sqlite3.OperationalError) near "RETURNING": syntax error
[SQL: INSERT INTO skills (name) VALUES (?) ON CONFLICT (name) DO NOTHING RETURNING id;]
[parameters: ('python',)]
(Background on this error at: https://sqlalche.me/e/20/e3q8)
2026-04-12 19:18:27,600  WARNING     Skipping row due to error: (sqlite3.OperationalError) near "RETURNING": syntax error
[SQL: INSERT INTO skills (name) VALUES (?) ON CONFLICT (name) DO NOTHING RETURNING id;]
[parameters: ('python',)]
(Background on this error at: https://sqlalche.me/e/20/e3q8)
2026-04-12 19:18:27,601  WARNING     Skipping row due to error: (sqlite3.OperationalError) near "RETURNING": syntax error
[SQL: INSERT INTO skills (name) VALUES (?) ON CONFLICT (name) DO NOTHING RETURNING id;]
[parameters: ('python',)]
(Background on this error at: https://sqlalche.me/e/20/e3q8)
2026-04-12 19:18:27,604  WARNING     Skipping row due to error: (sqlite3.OperationalError) near "RETURNING": syntax error
[SQL: INSERT INTO skills (name) VALUES (?) ON CONFLICT (name) DO NOTHING RETURNING id;]
[parameters: ('python',)]
(Background on this error at: https://sqlalche.me/e/20/e3q8)
2026-04-12 19:18:27,605  WARNING     Skipping row due to error: (sqlite3.OperationalError) near "RETURNING": syntax error
[SQL: INSERT INTO skills (name) VALUES (?) ON CONFLICT (name) DO NOTHING RETURNING id;]
[parameters: ('python',)]
(Background on this error at: https://sqlalche.me/e/20/e3q8)
2026-04-12 19:18:27,606  WARNING     Skipping row due to error: (sqlite3.OperationalError) near "RETURNING": syntax error
[SQL: INSERT INTO skills (name) VALUES (?) ON CONFLICT (name) DO NOTHING RETURNING id;]
[parameters: ('python',)]
(Background on this error at: https://sqlalche.me/e/20/e3q8)
2026-04-12 19:18:27,608  WARNING     Skipping row due to error: (sqlite3.OperationalError) near "RETURNING": syntax error
[SQL: INSERT INTO skills (name) VALUES (?) ON CONFLICT (name) DO NOTHING RETURNING id;]
[parameters: ('python',)]
(Background on this error at: https://sqlalche.me/e/20/e3q8)
2026-04-12 19:18:27,611  WARNING     Skipping row due to error: (sqlite3.OperationalError) near "RETURNING": syntax error
[SQL: INSERT INTO skills (name) VALUES (?) ON CONFLICT (name) DO NOTHING RETURNING id;]
[parameters: ('python',)]
(Background on this error at: https://sqlalche.me/e/20/e3q8)
2026-04-12 19:18:27,615  WARNING     Skipping row due to error: (sqlite3.OperationalError) near "RETURNING": syntax error
[SQL: INSERT INTO skills (name) VALUES (?) ON CONFLICT (name) DO NOTHING RETURNING id;]
[parameters: ('python',)]
(Background on this error at: https://sqlalche.me/e/20/e3q8)
2026-04-12 19:18:27,618  WARNING     Skipping row due to error: (sqlite3.OperationalError) near "RETURNING": syntax error
[SQL: INSERT INTO skills (name) VALUES (?) ON CONFLICT (name) DO NOTHING RETURNING id;]
[parameters: ('python',)]
(Background on this error at: https://sqlalche.me/e/20/e3q8)
2026-04-12 19:18:27,620  WARNING     Skipping row due to error: (sqlite3.OperationalError) near "RETURNING": syntax error
[SQL: INSERT INTO skills (name) VALUES (?) ON CONFLICT (name) DO NOTHING RETURNING id;]
[parameters: ('python',)]
(Background on this error at: https://sqlalche.me/e/20/e3q8)
2026-04-12 19:18:27,622  WARNING     Skipping row due to error: (sqlite3.OperationalError) near "RETURNING": syntax error
[SQL: INSERT INTO skills (name) VALUES (?) ON CONFLICT (name) DO NOTHING RETURNING id;]
[parameters: ('python',)]
(Background on this error at: https://sqlalche.me/e/20/e3q8)
2026-04-12 19:18:27,625  WARNING     Skipping row due to error: (sqlite3.OperationalError) near "RETURNING": syntax error
[SQL: INSERT INTO skills (name) VALUES (?) ON CONFLICT (name) DO NOTHING RETURNING id;]
[parameters: ('python',)]
(Background on this error at: https://sqlalche.me/e/20/e3q8)
2026-04-12 19:18:27,628  WARNING     Skipping row due to error: (sqlite3.OperationalError) near "RETURNING": syntax error
[SQL: INSERT INTO skills (name) VALUES (?) ON CONFLICT (name) DO NOTHING RETURNING id;]
[parameters: ('python',)]
(Background on this error at: https://sqlalche.me/e/20/e3q8)
2026-04-12 19:18:27,629  WARNING     Skipping row due to error: (sqlite3.OperationalError) near "RETURNING": syntax error
[SQL: INSERT INTO skills (name) VALUES (?) ON CONFLICT (name) DO NOTHING RETURNING id;]
[parameters: ('python',)]
(Background on this error at: https://sqlalche.me/e/20/e3q8)
2026-04-12 19:18:27,633  WARNING     Skipping row due to error: (sqlite3.OperationalError) near "RETURNING": syntax error
[SQL: INSERT INTO skills (name) VALUES (?) ON CONFLICT (name) DO NOTHING RETURNING id;]
[parameters: ('python',)]
(Background on this error at: https://sqlalche.me/e/20/e3q8)
2026-04-12 19:18:27,635  WARNING     Skipping row due to error: (sqlite3.OperationalError) near "RETURNING": syntax error
[SQL: INSERT INTO skills (name) VALUES (?) ON CONFLICT (name) DO NOTHING RETURNING id;]
[parameters: ('python',)]
(Background on this error at: https://sqlalche.me/e/20/e3q8)
2026-04-12 19:18:27,638  WARNING     Skipping row due to error: (sqlite3.OperationalError) near "RETURNING": syntax error
[SQL: INSERT INTO skills (name) VALUES (?) ON CONFLICT (name) DO NOTHING RETURNING id;]
[parameters: ('python',)]
(Background on this error at: https://sqlalche.me/e/20/e3q8)
2026-04-12 19:18:27,640  WARNING     Skipping row due to error: (sqlite3.OperationalError) near "RETURNING": syntax error
[SQL: INSERT INTO skills (name) VALUES (?) ON CONFLICT (name) DO NOTHING RETURNING id;]
[parameters: ('python',)]
(Background on this error at: https://sqlalche.me/e/20/e3q8)
2026-04-12 19:18:27,642  WARNING     Skipping row due to error: (sqlite3.OperationalError) near "RETURNING": syntax error
[SQL: INSERT INTO skills (name) VALUES (?) ON CONFLICT (name) DO NOTHING RETURNING id;]
[parameters: ('python',)]
(Background on this error at: https://sqlalche.me/e/20/e3q8)
2026-04-12 19:18:27,643  WARNING     Skipping row due to error: (sqlite3.OperationalError) near "RETURNING": syntax error
[SQL: INSERT INTO skills (name) VALUES (?) ON CONFLICT (name) DO NOTHING RETURNING id;]
[parameters: ('python',)]
(Background on this error at: https://sqlalche.me/e/20/e3q8)
2026-04-12 19:18:27,646  WARNING     Skipping row due to error: (sqlite3.OperationalError) near "RETURNING": syntax error
[SQL: INSERT INTO skills (name) VALUES (?) ON CONFLICT (name) DO NOTHING RETURNING id;]
[parameters: ('python',)]
(Background on this error at: https://sqlalche.me/e/20/e3q8)
2026-04-12 19:18:27,648  WARNING     Skipping row due to error: (sqlite3.OperationalError) near "RETURNING": syntax error
[SQL: INSERT INTO skills (name) VALUES (?) ON CONFLICT (name) DO NOTHING RETURNING id;]
[parameters: ('python',)]
(Background on this error at: https://sqlalche.me/e/20/e3q8)
2026-04-12 19:18:27,650  WARNING     Skipping row due to error: (sqlite3.OperationalError) near "RETURNING": syntax error
[SQL: INSERT INTO skills (name) VALUES (?) ON CONFLICT (name) DO NOTHING RETURNING id;]
[parameters: ('python',)]
(Background on this error at: https://sqlalche.me/e/20/e3q8)
2026-04-12 19:18:27,653  WARNING     Skipping row due to error: (sqlite3.OperationalError) near "RETURNING": syntax error
[SQL: INSERT INTO skills (name) VALUES (?) ON CONFLICT (name) DO NOTHING RETURNING id;]
[parameters: ('python',)]
(Background on this error at: https://sqlalche.me/e/20/e3q8)
2026-04-12 19:18:27,655  WARNING     Skipping row due to error: (sqlite3.OperationalError) near "RETURNING": syntax error
[SQL: INSERT INTO skills (name) VALUES (?) ON CONFLICT (name) DO NOTHING RETURNING id;]
[parameters: ('python',)]
(Background on this error at: https://sqlalche.me/e/20/e3q8)
2026-04-12 19:18:27,657  WARNING     Skipping row due to error: (sqlite3.OperationalError) near "RETURNING": syntax error
[SQL: INSERT INTO skills (name) VALUES (?) ON CONFLICT (name) DO NOTHING RETURNING id;]
[parameters: ('python',)]
(Background on this error at: https://sqlalche.me/e/20/e3q8)
2026-04-12 19:18:27,660  WARNING     Skipping row due to error: (sqlite3.OperationalError) near "RETURNING": syntax error
[SQL: INSERT INTO skills (name) VALUES (?) ON CONFLICT (name) DO NOTHING RETURNING id;]
[parameters: ('python',)]
(Background on this error at: https://sqlalche.me/e/20/e3q8)
2026-04-12 19:18:27,663  WARNING     Skipping row due to error: (sqlite3.OperationalError) near "RETURNING": syntax error
[SQL: INSERT INTO skills (name) VALUES (?) ON CONFLICT (name) DO NOTHING RETURNING id;]
[parameters: ('python',)]
(Background on this error at: https://sqlalche.me/e/20/e3q8)
2026-04-12 19:18:27,664  WARNING     Skipping row due to error: (sqlite3.OperationalError) near "RETURNING": syntax error
[SQL: INSERT INTO skills (name) VALUES (?) ON CONFLICT (name) DO NOTHING RETURNING id;]
[parameters: ('python',)]
(Background on this error at: https://sqlalche.me/e/20/e3q8)
2026-04-12 19:18:27,667  WARNING     Skipping row due to error: (sqlite3.OperationalError) near "RETURNING": syntax error
[SQL: INSERT INTO skills (name) VALUES (?) ON CONFLICT (name) DO NOTHING RETURNING id;]
[parameters: ('python',)]
(Background on this error at: https://sqlalche.me/e/20/e3q8)
2026-04-12 19:18:27,669  WARNING     Skipping row due to error: (sqlite3.OperationalError) near "RETURNING": syntax error
[SQL: INSERT INTO skills (name) VALUES (?) ON CONFLICT (name) DO NOTHING RETURNING id;]
[parameters: ('python',)]
(Background on this error at: https://sqlalche.me/e/20/e3q8)
2026-04-12 19:18:27,670  WARNING     Skipping row due to error: (sqlite3.OperationalError) near "RETURNING": syntax error
[SQL: INSERT INTO skills (name) VALUES (?) ON CONFLICT (name) DO NOTHING RETURNING id;]
[parameters: ('python',)]
(Background on this error at: https://sqlalche.me/e/20/e3q8)
2026-04-12 19:18:27,674  WARNING     Skipping row due to error: (sqlite3.OperationalError) near "RETURNING": syntax error
[SQL: INSERT INTO skills (name) VALUES (?) ON CONFLICT (name) DO NOTHING RETURNING id;]
[parameters: ('python',)]
(Background on this error at: https://sqlalche.me/e/20/e3q8)
2026-04-12 19:18:27,675  WARNING     Skipping row due to error: (sqlite3.OperationalError) near "RETURNING": syntax error
[SQL: INSERT INTO skills (name) VALUES (?) ON CONFLICT (name) DO NOTHING RETURNING id;]
[parameters: ('python',)]
(Background on this error at: https://sqlalche.me/e/20/e3q8)
2026-04-12 19:18:27,676  WARNING     Skipping row due to error: (sqlite3.OperationalError) near "RETURNING": syntax error
[SQL: INSERT INTO skills (name) VALUES (?) ON CONFLICT (name) DO NOTHING RETURNING id;]
[parameters: ('python',)]
(Background on this error at: https://sqlalche.me/e/20/e3q8)
2026-04-12 19:18:27,678  WARNING     Skipping row due to error: (sqlite3.OperationalError) near "RETURNING": syntax error
[SQL: INSERT INTO skills (name) VALUES (?) ON CONFLICT (name) DO NOTHING RETURNING id;]
[parameters: ('python',)]
(Background on this error at: https://sqlalche.me/e/20/e3q8)
2026-04-12 19:18:27,681  WARNING     Skipping row due to error: (sqlite3.OperationalError) near "RETURNING": syntax error
[SQL: INSERT INTO skills (name) VALUES (?) ON CONFLICT (name) DO NOTHING RETURNING id;]
[parameters: ('python',)]
(Background on this error at: https://sqlalche.me/e/20/e3q8)
2026-04-12 19:18:27,683  WARNING     Skipping row due to error: (sqlite3.OperationalError) near "RETURNING": syntax error
[SQL: INSERT INTO skills (name) VALUES (?) ON CONFLICT (name) DO NOTHING RETURNING id;]
[parameters: ('python',)]
(Background on this error at: https://sqlalche.me/e/20/e3q8)
2026-04-12 19:18:27,685  WARNING     Skipping row due to error: (sqlite3.OperationalError) near "RETURNING": syntax error
[SQL: INSERT INTO skills (name) VALUES (?) ON CONFLICT (name) DO NOTHING RETURNING id;]
[parameters: ('python',)]
(Background on this error at: https://sqlalche.me/e/20/e3q8)
2026-04-12 19:18:27,687  WARNING     Skipping row due to error: (sqlite3.OperationalError) near "RETURNING": syntax error
[SQL: INSERT INTO skills (name) VALUES (?) ON CONFLICT (name) DO NOTHING RETURNING id;]
[parameters: ('python',)]
(Background on this error at: https://sqlalche.me/e/20/e3q8)
2026-04-12 19:18:27,689  WARNING     Skipping row due to error: (sqlite3.OperationalError) near "RETURNING": syntax error
[SQL: INSERT INTO skills (name) VALUES (?) ON CONFLICT (name) DO NOTHING RETURNING id;]
[parameters: ('python',)]
(Background on this error at: https://sqlalche.me/e/20/e3q8)
2026-04-12 19:18:27,690  WARNING     Skipping row due to error: (sqlite3.OperationalError) near "RETURNING": syntax error
[SQL: INSERT INTO skills (name) VALUES (?) ON CONFLICT (name) DO NOTHING RETURNING id;]
[parameters: ('python',)]
(Background on this error at: https://sqlalche.me/e/20/e3q8)
2026-04-12 19:18:27,693  WARNING     Skipping row due to error: (sqlite3.OperationalError) near "RETURNING": syntax error
[SQL: INSERT INTO skills (name) VALUES (?) ON CONFLICT (name) DO NOTHING RETURNING id;]
[parameters: ('python',)]
(Background on this error at: https://sqlalche.me/e/20/e3q8)
2026-04-12 19:18:27,696  WARNING     Skipping row due to error: (sqlite3.OperationalError) near "RETURNING": syntax error
[SQL: INSERT INTO skills (name) VALUES (?) ON CONFLICT (name) DO NOTHING RETURNING id;]
[parameters: ('python',)]
(Background on this error at: https://sqlalche.me/e/20/e3q8)
2026-04-12 19:18:27,698  WARNING     Skipping row due to error: (sqlite3.OperationalError) near "RETURNING": syntax error
[SQL: INSERT INTO skills (name) VALUES (?) ON CONFLICT (name) DO NOTHING RETURNING id;]
[parameters: ('python',)]
(Background on this error at: https://sqlalche.me/e/20/e3q8)
2026-04-12 19:18:27,701  WARNING     Skipping row due to error: (sqlite3.OperationalError) near "RETURNING": syntax error
[SQL: INSERT INTO skills (name) VALUES (?) ON CONFLICT (name) DO NOTHING RETURNING id;]
[parameters: ('python',)]
(Background on this error at: https://sqlalche.me/e/20/e3q8)
2026-04-12 19:18:27,702  WARNING     Skipping row due to error: (sqlite3.OperationalError) near "RETURNING": syntax error
[SQL: INSERT INTO skills (name) VALUES (?) ON CONFLICT (name) DO NOTHING RETURNING id;]
[parameters: ('python',)]
(Background on this error at: https://sqlalche.me/e/20/e3q8)
2026-04-12 19:18:27,703  WARNING     Skipping row due to error: (sqlite3.OperationalError) near "RETURNING": syntax error
[SQL: INSERT INTO skills (name) VALUES (?) ON CONFLICT (name) DO NOTHING RETURNING id;]
[parameters: ('python',)]
(Background on this error at: https://sqlalche.me/e/20/e3q8)
2026-04-12 19:18:27,705  WARNING     Skipping row due to error: (sqlite3.OperationalError) near "RETURNING": syntax error
[SQL: INSERT INTO skills (name) VALUES (?) ON CONFLICT (name) DO NOTHING RETURNING id;]
[parameters: ('python',)]
(Background on this error at: https://sqlalche.me/e/20/e3q8)
2026-04-12 19:18:27,708  WARNING     Skipping row due to error: (sqlite3.OperationalError) near "RETURNING": syntax error
[SQL: INSERT INTO skills (name) VALUES (?) ON CONFLICT (name) DO NOTHING RETURNING id;]
[parameters: ('python',)]
(Background on this error at: https://sqlalche.me/e/20/e3q8)
2026-04-12 19:18:27,710  WARNING     Skipping row due to error: (sqlite3.OperationalError) near "RETURNING": syntax error
[SQL: INSERT INTO skills (name) VALUES (?) ON CONFLICT (name) DO NOTHING RETURNING id;]
[parameters: ('python',)]
(Background on this error at: https://sqlalche.me/e/20/e3q8)
2026-04-12 19:18:27,712  WARNING     Skipping row due to error: (sqlite3.OperationalError) near "RETURNING": syntax error
[SQL: INSERT INTO skills (name) VALUES (?) ON CONFLICT (name) DO NOTHING RETURNING id;]
[parameters: ('python',)]
(Background on this error at: https://sqlalche.me/e/20/e3q8)
2026-04-12 19:18:27,713  WARNING     Skipping row due to error: (sqlite3.OperationalError) near "RETURNING": syntax error
[SQL: INSERT INTO skills (name) VALUES (?) ON CONFLICT (name) DO NOTHING RETURNING id;]
[parameters: ('python',)]
(Background on this error at: https://sqlalche.me/e/20/e3q8)
2026-04-12 19:18:27,716  WARNING     Skipping row due to error: (sqlite3.OperationalError) near "RETURNING": syntax error
[SQL: INSERT INTO skills (name) VALUES (?) ON CONFLICT (name) DO NOTHING RETURNING id;]
[parameters: ('python',)]
(Background on this error at: https://sqlalche.me/e/20/e3q8)
2026-04-12 19:18:27,717  WARNING     Skipping row due to error: (sqlite3.OperationalError) near "RETURNING": syntax error
[SQL: INSERT INTO skills (name) VALUES (?) ON CONFLICT (name) DO NOTHING RETURNING id;]
[parameters: ('python',)]
(Background on this error at: https://sqlalche.me/e/20/e3q8)
2026-04-12 19:18:27,719  WARNING     Skipping row due to error: (sqlite3.OperationalError) near "RETURNING": syntax error
[SQL: INSERT INTO skills (name) VALUES (?) ON CONFLICT (name) DO NOTHING RETURNING id;]
[parameters: ('python',)]
(Background on this error at: https://sqlalche.me/e/20/e3q8)
2026-04-12 19:18:27,722  WARNING     Skipping row due to error: (sqlite3.OperationalError) near "RETURNING": syntax error
[SQL: INSERT INTO skills (name) VALUES (?) ON CONFLICT (name) DO NOTHING RETURNING id;]
[parameters: ('python',)]
(Background on this error at: https://sqlalche.me/e/20/e3q8)
2026-04-12 19:18:27,723  WARNING     Skipping row due to error: (sqlite3.OperationalError) near "RETURNING": syntax error
[SQL: INSERT INTO skills (name) VALUES (?) ON CONFLICT (name) DO NOTHING RETURNING id;]
[parameters: ('python',)]
(Background on this error at: https://sqlalche.me/e/20/e3q8)
2026-04-12 19:18:27,725  WARNING     Skipping row due to error: (sqlite3.OperationalError) near "RETURNING": syntax error
[SQL: INSERT INTO skills (name) VALUES (?) ON CONFLICT (name) DO NOTHING RETURNING id;]
[parameters: ('python',)]
(Background on this error at: https://sqlalche.me/e/20/e3q8)
2026-04-12 19:18:27,726  WARNING     Skipping row due to error: The truth value of an array with more than one element is ambiguous. Use a.any() or a.all()
2026-04-12 19:18:27,727  WARNING     Skipping row due to error: The truth value of an array with more than one element is ambiguous. Use a.any() or a.all()
2026-04-12 19:18:27,730  WARNING     Skipping row due to error: (sqlite3.OperationalError) near "RETURNING": syntax error
[SQL: INSERT INTO skills (name) VALUES (?) ON CONFLICT (name) DO NOTHING RETURNING id;]
[parameters: ('python',)]
(Background on this error at: https://sqlalche.me/e/20/e3q8)
2026-04-12 19:18:27,732  WARNING     Skipping row due to error: (sqlite3.OperationalError) near "RETURNING": syntax error
[SQL: INSERT INTO skills (name) VALUES (?) ON CONFLICT (name) DO NOTHING RETURNING id;]
[parameters: ('python',)]
(Background on this error at: https://sqlalche.me/e/20/e3q8)
2026-04-12 19:18:27,734  WARNING     Skipping row due to error: The truth value of an array with more than one element is ambiguous. Use a.any() or a.all()
2026-04-12 19:18:27,736  WARNING     Skipping row due to error: (sqlite3.OperationalError) near "RETURNING": syntax error
[SQL: INSERT INTO skills (name) VALUES (?) ON CONFLICT (name) DO NOTHING RETURNING id;]
[parameters: ('python',)]
(Background on this error at: https://sqlalche.me/e/20/e3q8)
2026-04-12 19:18:27,738  WARNING     Skipping row due to error: (sqlite3.OperationalError) near "RETURNING": syntax error
[SQL: INSERT INTO skills (name) VALUES (?) ON CONFLICT (name) DO NOTHING RETURNING id;]
[parameters: ('python',)]
(Background on this error at: https://sqlalche.me/e/20/e3q8)
2026-04-12 19:18:27,739  WARNING     Skipping row due to error: (sqlite3.OperationalError) near "RETURNING": syntax error
[SQL: INSERT INTO skills (name) VALUES (?) ON CONFLICT (name) DO NOTHING RETURNING id;]
[parameters: ('python',)]
(Background on this error at: https://sqlalche.me/e/20/e3q8)
2026-04-12 19:18:27,740  WARNING     Skipping row due to error: (sqlite3.OperationalError) near "RETURNING": syntax error
[SQL: INSERT INTO skills (name) VALUES (?) ON CONFLICT (name) DO NOTHING RETURNING id;]
[parameters: ('python',)]
(Background on this error at: https://sqlalche.me/e/20/e3q8)
2026-04-12 19:18:27,743  WARNING     Skipping row due to error: The truth value of an array with more than one element is ambiguous. Use a.any() or a.all()
2026-04-12 19:18:27,745  WARNING     Skipping row due to error: The truth value of an array with more than one element is ambiguous. Use a.any() or a.all()
2026-04-12 19:18:27,746  WARNING     Skipping row due to error: (sqlite3.OperationalError) near "RETURNING": syntax error
[SQL: INSERT INTO skills (name) VALUES (?) ON CONFLICT (name) DO NOTHING RETURNING id;]
[parameters: ('python',)]
(Background on this error at: https://sqlalche.me/e/20/e3q8)
2026-04-12 19:18:27,748  WARNING     Skipping row due to error: (sqlite3.OperationalError) near "RETURNING": syntax error
[SQL: INSERT INTO skills (name) VALUES (?) ON CONFLICT (name) DO NOTHING RETURNING id;]
[parameters: ('python',)]
(Background on this error at: https://sqlalche.me/e/20/e3q8)
2026-04-12 19:18:27,750  WARNING     Skipping row due to error: (sqlite3.OperationalError) near "RETURNING": syntax error
[SQL: INSERT INTO skills (name) VALUES (?) ON CONFLICT (name) DO NOTHING RETURNING id;]
[parameters: ('python',)]
(Background on this error at: https://sqlalche.me/e/20/e3q8)
2026-04-12 19:18:27,752  WARNING     Skipping row due to error: The truth value of an array with more than one element is ambiguous. Use a.any() or a.all()
2026-04-12 19:18:27,753  WARNING     Skipping row due to error: The truth value of an array with more than one element is ambiguous. Use a.any() or a.all()
2026-04-12 19:18:27,754  WARNING     Skipping row due to error: The truth value of an array with more than one element is ambiguous. Use a.any() or a.all()
2026-04-12 19:18:27,757  WARNING     Skipping row due to error: The truth value of an array with more than one element is ambiguous. Use a.any() or a.all()
2026-04-12 19:18:27,758  WARNING     Skipping row due to error: (sqlite3.OperationalError) near "RETURNING": syntax error
[SQL: INSERT INTO skills (name) VALUES (?) ON CONFLICT (name) DO NOTHING RETURNING id;]
[parameters: ('python',)]
(Background on this error at: https://sqlalche.me/e/20/e3q8)
2026-04-12 19:18:27,759  WARNING     Skipping row due to error: The truth value of an array with more than one element is ambiguous. Use a.any() or a.all()
2026-04-12 19:18:27,761  WARNING     Skipping row due to error: (sqlite3.OperationalError) near "RETURNING": syntax error
[SQL: INSERT INTO skills (name) VALUES (?) ON CONFLICT (name) DO NOTHING RETURNING id;]
[parameters: ('python',)]
(Background on this error at: https://sqlalche.me/e/20/e3q8)
2026-04-12 19:18:27,763  WARNING     Skipping row due to error: The truth value of an array with more than one element is ambiguous. Use a.any() or a.all()
2026-04-12 19:18:27,765  WARNING     Skipping row due to error: (sqlite3.OperationalError) near "RETURNING": syntax error
[SQL: INSERT INTO skills (name) VALUES (?) ON CONFLICT (name) DO NOTHING RETURNING id;]
[parameters: ('python',)]
(Background on this error at: https://sqlalche.me/e/20/e3q8)
2026-04-12 19:18:27,766  WARNING     Skipping row due to error: (sqlite3.OperationalError) near "RETURNING": syntax error
[SQL: INSERT INTO skills (name) VALUES (?) ON CONFLICT (name) DO NOTHING RETURNING id;]
[parameters: ('python',)]
(Background on this error at: https://sqlalche.me/e/20/e3q8)
2026-04-12 19:18:27,767  WARNING     Skipping row due to error: (sqlite3.OperationalError) near "RETURNING": syntax error
[SQL: INSERT INTO skills (name) VALUES (?) ON CONFLICT (name) DO NOTHING RETURNING id;]
[parameters: ('python',)]
(Background on this error at: https://sqlalche.me/e/20/e3q8)
2026-04-12 19:18:27,768  WARNING     Skipping row due to error: The truth value of an array with more than one element is ambiguous. Use a.any() or a.all()
2026-04-12 19:18:27,771  WARNING     Skipping row due to error: (sqlite3.OperationalError) near "RETURNING": syntax error
[SQL: INSERT INTO skills (name) VALUES (?) ON CONFLICT (name) DO NOTHING RETURNING id;]
[parameters: ('python',)]
(Background on this error at: https://sqlalche.me/e/20/e3q8)
2026-04-12 19:18:27,773  WARNING     Skipping row due to error: The truth value of an array with more than one element is ambiguous. Use a.any() or a.all()
2026-04-12 19:18:27,775  WARNING     Skipping row due to error: (sqlite3.OperationalError) near "RETURNING": syntax error
[SQL: INSERT INTO skills (name) VALUES (?) ON CONFLICT (name) DO NOTHING RETURNING id;]
[parameters: ('python',)]
(Background on this error at: https://sqlalche.me/e/20/e3q8)
2026-04-12 19:18:27,778  WARNING     Skipping row due to error: (sqlite3.OperationalError) near "RETURNING": syntax error
[SQL: INSERT INTO skills (name) VALUES (?) ON CONFLICT (name) DO NOTHING RETURNING id;]
[parameters: ('python',)]
(Background on this error at: https://sqlalche.me/e/20/e3q8)
2026-04-12 19:18:27,779  WARNING     Skipping row due to error: The truth value of an array with more than one element is ambiguous. Use a.any() or a.all()
2026-04-12 19:18:27,780  WARNING     Skipping row due to error: The truth value of an array with more than one element is ambiguous. Use a.any() or a.all()
2026-04-12 19:18:27,781  WARNING     Skipping row due to error: The truth value of an array with more than one element is ambiguous. Use a.any() or a.all()
2026-04-12 19:18:27,782  WARNING     Skipping row due to error: (sqlite3.OperationalError) near "RETURNING": syntax error
[SQL: INSERT INTO skills (name) VALUES (?) ON CONFLICT (name) DO NOTHING RETURNING id;]
[parameters: ('python',)]
(Background on this error at: https://sqlalche.me/e/20/e3q8)
2026-04-12 19:18:27,784  WARNING     Skipping row due to error: The truth value of an array with more than one element is ambiguous. Use a.any() or a.all()
2026-04-12 19:18:27,785  WARNING     Skipping row due to error: The truth value of an array with more than one element is ambiguous. Use a.any() or a.all()
2026-04-12 19:18:27,786  WARNING     Skipping row due to error: The truth value of an array with more than one element is ambiguous. Use a.any() or a.all()
2026-04-12 19:18:27,788  WARNING     Skipping row due to error: (sqlite3.OperationalError) near "RETURNING": syntax error
[SQL: INSERT INTO skills (name) VALUES (?) ON CONFLICT (name) DO NOTHING RETURNING id;]
[parameters: ('python',)]
(Background on this error at: https://sqlalche.me/e/20/e3q8)
2026-04-12 19:18:27,789  WARNING     Skipping row due to error: The truth value of an array with more than one element is ambiguous. Use a.any() or a.all()
2026-04-12 19:18:27,791  WARNING     Skipping row due to error: The truth value of an array with more than one element is ambiguous. Use a.any() or a.all()
2026-04-12 19:18:27,792  WARNING     Skipping row due to error: The truth value of an array with more than one element is ambiguous. Use a.any() or a.all()
2026-04-12 19:18:27,793  WARNING     Skipping row due to error: (sqlite3.OperationalError) near "RETURNING": syntax error
[SQL: INSERT INTO skills (name) VALUES (?) ON CONFLICT (name) DO NOTHING RETURNING id;]
[parameters: ('python',)]
(Background on this error at: https://sqlalche.me/e/20/e3q8)
2026-04-12 19:18:27,795  WARNING     Skipping row due to error: (sqlite3.OperationalError) near "RETURNING": syntax error
[SQL: INSERT INTO skills (name) VALUES (?) ON CONFLICT (name) DO NOTHING RETURNING id;]
[parameters: ('python',)]
(Background on this error at: https://sqlalche.me/e/20/e3q8)
2026-04-12 19:18:27,796  WARNING     Skipping row due to error: (sqlite3.OperationalError) near "RETURNING": syntax error
[SQL: INSERT INTO skills (name) VALUES (?) ON CONFLICT (name) DO NOTHING RETURNING id;]
[parameters: ('python',)]
(Background on this error at: https://sqlalche.me/e/20/e3q8)
2026-04-12 19:18:27,798  WARNING     Skipping row due to error: The truth value of an array with more than one element is ambiguous. Use a.any() or a.all()
2026-04-12 19:18:27,799  WARNING     Skipping row due to error: The truth value of an array with more than one element is ambiguous. Use a.any() or a.all()
2026-04-12 19:18:27,800  WARNING     Skipping row due to error: (sqlite3.OperationalError) near "RETURNING": syntax error
[SQL: INSERT INTO skills (name) VALUES (?) ON CONFLICT (name) DO NOTHING RETURNING id;]
[parameters: ('python',)]
(Background on this error at: https://sqlalche.me/e/20/e3q8)
2026-04-12 19:18:27,802  WARNING     Skipping row due to error: The truth value of an array with more than one element is ambiguous. Use a.any() or a.all()
2026-04-12 19:18:27,804  WARNING     Skipping row due to error: The truth value of an array with more than one element is ambiguous. Use a.any() or a.all()
2026-04-12 19:18:27,805  WARNING     Skipping row due to error: The truth value of an array with more than one element is ambiguous. Use a.any() or a.all()
2026-04-12 19:18:27,806  WARNING     Skipping row due to error: The truth value of an array with more than one element is ambiguous. Use a.any() or a.all()
2026-04-12 19:18:27,807  WARNING     Skipping row due to error: (sqlite3.OperationalError) near "RETURNING": syntax error
[SQL: INSERT INTO skills (name) VALUES (?) ON CONFLICT (name) DO NOTHING RETURNING id;]
[parameters: ('python',)]
(Background on this error at: https://sqlalche.me/e/20/e3q8)
2026-04-12 19:18:27,809  WARNING     Skipping row due to error: The truth value of an array with more than one element is ambiguous. Use a.any() or a.all()
2026-04-12 19:18:27,810  WARNING     Skipping row due to error: (sqlite3.OperationalError) near "RETURNING": syntax error
[SQL: INSERT INTO skills (name) VALUES (?) ON CONFLICT (name) DO NOTHING RETURNING id;]
[parameters: ('python',)]
(Background on this error at: https://sqlalche.me/e/20/e3q8)
2026-04-12 19:18:27,812  WARNING     Skipping row due to error: The truth value of an array with more than one element is ambiguous. Use a.any() or a.all()
2026-04-12 19:18:27,813  WARNING     Skipping row due to error: The truth value of an array with more than one element is ambiguous. Use a.any() or a.all()
2026-04-12 19:18:27,814  WARNING     Skipping row due to error: (sqlite3.OperationalError) near "RETURNING": syntax error
[SQL: INSERT INTO skills (name) VALUES (?) ON CONFLICT (name) DO NOTHING RETURNING id;]
[parameters: ('python',)]
(Background on this error at: https://sqlalche.me/e/20/e3q8)
2026-04-12 19:18:27,815  WARNING     Skipping row due to error: (sqlite3.OperationalError) near "RETURNING": syntax error
[SQL: INSERT INTO skills (name) VALUES (?) ON CONFLICT (name) DO NOTHING RETURNING id;]
[parameters: ('python',)]
(Background on this error at: https://sqlalche.me/e/20/e3q8)
2026-04-12 19:18:27,817  WARNING     Skipping row due to error: (sqlite3.OperationalError) near "RETURNING": syntax error
[SQL: INSERT INTO skills (name) VALUES (?) ON CONFLICT (name) DO NOTHING RETURNING id;]
[parameters: ('python',)]
(Background on this error at: https://sqlalche.me/e/20/e3q8)
2026-04-12 19:18:27,819  WARNING     Skipping row due to error: (sqlite3.OperationalError) near "RETURNING": syntax error
[SQL: INSERT INTO skills (name) VALUES (?) ON CONFLICT (name) DO NOTHING RETURNING id;]
[parameters: ('python',)]
(Background on this error at: https://sqlalche.me/e/20/e3q8)
2026-04-12 19:18:27,820  WARNING     Skipping row due to error: (sqlite3.OperationalError) near "RETURNING": syntax error
[SQL: INSERT INTO skills (name) VALUES (?) ON CONFLICT (name) DO NOTHING RETURNING id;]
[parameters: ('python',)]
(Background on this error at: https://sqlalche.me/e/20/e3q8)
2026-04-12 19:18:27,822  WARNING     Skipping row due to error: (sqlite3.OperationalError) near "RETURNING": syntax error
[SQL: INSERT INTO skills (name) VALUES (?) ON CONFLICT (name) DO NOTHING RETURNING id;]
[parameters: ('python',)]
(Background on this error at: https://sqlalche.me/e/20/e3q8)
2026-04-12 19:18:27,823  WARNING     Skipping row due to error: (sqlite3.OperationalError) near "RETURNING": syntax error
[SQL: INSERT INTO skills (name) VALUES (?) ON CONFLICT (name) DO NOTHING RETURNING id;]
[parameters: ('python',)]
(Background on this error at: https://sqlalche.me/e/20/e3q8)
2026-04-12 19:18:27,824  WARNING     Skipping row due to error: The truth value of an array with more than one element is ambiguous. Use a.any() or a.all()
2026-04-12 19:18:27,826  WARNING     Skipping row due to error: The truth value of an array with more than one element is ambiguous. Use a.any() or a.all()
2026-04-12 19:18:27,827  WARNING     Skipping row due to error: (sqlite3.OperationalError) near "RETURNING": syntax error
[SQL: INSERT INTO skills (name) VALUES (?) ON CONFLICT (name) DO NOTHING RETURNING id;]
[parameters: ('python',)]
(Background on this error at: https://sqlalche.me/e/20/e3q8)
2026-04-12 19:18:27,828  WARNING     Skipping row due to error: (sqlite3.OperationalError) near "RETURNING": syntax error
[SQL: INSERT INTO skills (name) VALUES (?) ON CONFLICT (name) DO NOTHING RETURNING id;]
[parameters: ('python',)]
(Background on this error at: https://sqlalche.me/e/20/e3q8)
2026-04-12 19:18:27,870  WARNING     Skipping row due to error: (sqlite3.OperationalError) near "RETURNING": syntax error
[SQL: INSERT INTO skills (name) VALUES (?) ON CONFLICT (name) DO NOTHING RETURNING id;]
[parameters: ('typescript',)]
(Background on this error at: https://sqlalche.me/e/20/e3q8)
2026-04-12 19:18:28,079  WARNING     Skipping row due to error: The truth value of an array with more than one element is ambiguous. Use a.any() or a.all()
2026-04-12 19:18:28,091  WARNING     Skipping row due to error: (sqlite3.OperationalError) near "RETURNING": syntax error
[SQL: INSERT INTO skills (name) VALUES (?) ON CONFLICT (name) DO NOTHING RETURNING id;]
[parameters: ('sql',)]
(Background on this error at: https://sqlalche.me/e/20/e3q8)
2026-04-12 19:18:28,099  WARNING     Skipping row due to error: (sqlite3.OperationalError) near "RETURNING": syntax error
[SQL: INSERT INTO skills (name) VALUES (?) ON CONFLICT (name) DO NOTHING RETURNING id;]
[parameters: ('sql',)]
(Background on this error at: https://sqlalche.me/e/20/e3q8)
2026-04-12 19:18:28,152  WARNING     Skipping row due to error: (sqlite3.OperationalError) near "RETURNING": syntax error
[SQL: INSERT INTO skills (name) VALUES (?) ON CONFLICT (name) DO NOTHING RETURNING id;]
[parameters: ('azure',)]
(Background on this error at: https://sqlalche.me/e/20/e3q8)
2026-04-12 19:18:28,194  WARNING     Skipping row due to error: (sqlite3.OperationalError) near "RETURNING": syntax error
[SQL: INSERT INTO skills (name) VALUES (?) ON CONFLICT (name) DO NOTHING RETURNING id;]
[parameters: ('go',)]
(Background on this error at: https://sqlalche.me/e/20/e3q8)
2026-04-12 19:18:28,195  WARNING     Skipping row due to error: (sqlite3.OperationalError) near "RETURNING": syntax error
[SQL: INSERT INTO skills (name) VALUES (?) ON CONFLICT (name) DO NOTHING RETURNING id;]
[parameters: ('snowflake',)]
(Background on this error at: https://sqlalche.me/e/20/e3q8)
2026-04-12 19:18:28,231  WARNING     Skipping row due to error: (sqlite3.OperationalError) near "RETURNING": syntax error
[SQL: INSERT INTO skills (name) VALUES (?) ON CONFLICT (name) DO NOTHING RETURNING id;]
[parameters: ('sql',)]
(Background on this error at: https://sqlalche.me/e/20/e3q8)
2026-04-12 19:18:28,653  WARNING     Skipping row due to error: (sqlite3.OperationalError) near "RETURNING": syntax error
[SQL: INSERT INTO skills (name) VALUES (?) ON CONFLICT (name) DO NOTHING RETURNING id;]
[parameters: ('python',)]
(Background on this error at: https://sqlalche.me/e/20/e3q8)
2026-04-12 19:18:28,777  WARNING     Skipping row due to error: The truth value of an array with more than one element is ambiguous. Use a.any() or a.all()
2026-04-12 19:18:28,785  WARNING     Skipping row due to error: (sqlite3.OperationalError) near "RETURNING": syntax error
[SQL: INSERT INTO skills (name) VALUES (?) ON CONFLICT (name) DO NOTHING RETURNING id;]
[parameters: ('aws',)]
(Background on this error at: https://sqlalche.me/e/20/e3q8)
2026-04-12 19:18:28,819  WARNING     Skipping row due to error: The truth value of an array with more than one element is ambiguous. Use a.any() or a.all()
2026-04-12 19:18:28,827  WARNING     Skipping row due to error: (sqlite3.OperationalError) near "RETURNING": syntax error
[SQL: INSERT INTO skills (name) VALUES (?) ON CONFLICT (name) DO NOTHING RETURNING id;]
[parameters: ('aws',)]
(Background on this error at: https://sqlalche.me/e/20/e3q8)
2026-04-12 19:18:28,828  WARNING     Skipping row due to error: The truth value of an array with more than one element is ambiguous. Use a.any() or a.all()
2026-04-12 19:18:28,842  WARNING     Skipping row due to error: The truth value of an array with more than one element is ambiguous. Use a.any() or a.all()
2026-04-12 19:18:28,843  WARNING     Skipping row due to error: (sqlite3.OperationalError) near "RETURNING": syntax error
[SQL: INSERT INTO skills (name) VALUES (?) ON CONFLICT (name) DO NOTHING RETURNING id;]
[parameters: ('typescript',)]
(Background on this error at: https://sqlalche.me/e/20/e3q8)
2026-04-12 19:18:28,866  WARNING     Skipping row due to error: (sqlite3.OperationalError) near "RETURNING": syntax error
[SQL: INSERT INTO skills (name) VALUES (?) ON CONFLICT (name) DO NOTHING RETURNING id;]
[parameters: ('ci/cd',)]
(Background on this error at: https://sqlalche.me/e/20/e3q8)
2026-04-12 19:18:28,954  WARNING     Skipping row due to error: The truth value of an array with more than one element is ambiguous. Use a.any() or a.all()
2026-04-12 19:18:28,955  WARNING     Skipping row due to error: The truth value of an array with more than one element is ambiguous. Use a.any() or a.all()
2026-04-12 19:18:29,263  WARNING     Skipping row due to error: (sqlite3.OperationalError) near "RETURNING": syntax error
[SQL: INSERT INTO skills (name) VALUES (?) ON CONFLICT (name) DO NOTHING RETURNING id;]
[parameters: ('go',)]
(Background on this error at: https://sqlalche.me/e/20/e3q8)
2026-04-12 19:18:29,294  WARNING     Skipping row due to error: (sqlite3.OperationalError) near "RETURNING": syntax error
[SQL: INSERT INTO skills (name) VALUES (?) ON CONFLICT (name) DO NOTHING RETURNING id;]
[parameters: ('llm',)]
(Background on this error at: https://sqlalche.me/e/20/e3q8)
2026-04-12 19:18:29,562  WARNING     Skipping row due to error: (sqlite3.OperationalError) near "RETURNING": syntax error
[SQL: INSERT INTO skills (name) VALUES (?) ON CONFLICT (name) DO NOTHING RETURNING id;]
[parameters: ('java',)]
(Background on this error at: https://sqlalche.me/e/20/e3q8)
2026-04-12 19:18:29,563  WARNING     Skipping row due to error: (sqlite3.OperationalError) near "RETURNING": syntax error
[SQL: INSERT INTO skills (name) VALUES (?) ON CONFLICT (name) DO NOTHING RETURNING id;]
[parameters: ('java',)]
(Background on this error at: https://sqlalche.me/e/20/e3q8)
2026-04-12 19:18:29,577  WARNING     Skipping row due to error: The truth value of an array with more than one element is ambiguous. Use a.any() or a.all()
2026-04-12 19:18:29,584  WARNING     Skipping row due to error: (sqlite3.OperationalError) near "RETURNING": syntax error
[SQL: INSERT INTO skills (name) VALUES (?) ON CONFLICT (name) DO NOTHING RETURNING id;]
[parameters: ('java',)]
(Background on this error at: https://sqlalche.me/e/20/e3q8)
2026-04-12 19:18:29,586  WARNING     Skipping row due to error: (sqlite3.OperationalError) near "RETURNING": syntax error
[SQL: INSERT INTO skills (name) VALUES (?) ON CONFLICT (name) DO NOTHING RETURNING id;]
[parameters: ('java',)]
(Background on this error at: https://sqlalche.me/e/20/e3q8)
2026-04-12 19:18:29,611  WARNING     Skipping row due to error: (sqlite3.OperationalError) near "RETURNING": syntax error
[SQL: INSERT INTO skills (name) VALUES (?) ON CONFLICT (name) DO NOTHING RETURNING id;]
[parameters: ('java',)]
(Background on this error at: https://sqlalche.me/e/20/e3q8)
2026-04-12 19:18:29,613  WARNING     Skipping row due to error: (sqlite3.OperationalError) near "RETURNING": syntax error
[SQL: INSERT INTO skills (name) VALUES (?) ON CONFLICT (name) DO NOTHING RETURNING id;]
[parameters: ('python',)]
(Background on this error at: https://sqlalche.me/e/20/e3q8)
2026-04-12 19:18:29,615  WARNING     Skipping row due to error: (sqlite3.OperationalError) near "RETURNING": syntax error
[SQL: INSERT INTO skills (name) VALUES (?) ON CONFLICT (name) DO NOTHING RETURNING id;]
[parameters: ('java',)]
(Background on this error at: https://sqlalche.me/e/20/e3q8)
2026-04-12 19:18:29,617  WARNING     Skipping row due to error: (sqlite3.OperationalError) near "RETURNING": syntax error
[SQL: INSERT INTO skills (name) VALUES (?) ON CONFLICT (name) DO NOTHING RETURNING id;]
[parameters: ('java',)]
(Background on this error at: https://sqlalche.me/e/20/e3q8)
2026-04-12 19:18:29,619  WARNING     Skipping row due to error: (sqlite3.OperationalError) near "RETURNING": syntax error
[SQL: INSERT INTO skills (name) VALUES (?) ON CONFLICT (name) DO NOTHING RETURNING id;]
[parameters: ('java',)]
(Background on this error at: https://sqlalche.me/e/20/e3q8)
2026-04-12 19:18:29,621  WARNING     Skipping row due to error: (sqlite3.OperationalError) near "RETURNING": syntax error
[SQL: INSERT INTO skills (name) VALUES (?) ON CONFLICT (name) DO NOTHING RETURNING id;]
[parameters: ('java',)]
(Background on this error at: https://sqlalche.me/e/20/e3q8)
2026-04-12 19:18:29,622  WARNING     Skipping row due to error: (sqlite3.OperationalError) near "RETURNING": syntax error
[SQL: INSERT INTO skills (name) VALUES (?) ON CONFLICT (name) DO NOTHING RETURNING id;]
[parameters: ('java',)]
(Background on this error at: https://sqlalche.me/e/20/e3q8)
2026-04-12 19:18:29,630  WARNING     Skipping row due to error: (sqlite3.OperationalError) near "RETURNING": syntax error
[SQL: INSERT INTO skills (name) VALUES (?) ON CONFLICT (name) DO NOTHING RETURNING id;]
[parameters: ('java',)]
(Background on this error at: https://sqlalche.me/e/20/e3q8)
2026-04-12 19:18:29,928  WARNING     Skipping row due to error: (sqlite3.OperationalError) near "RETURNING": syntax error
[SQL: INSERT INTO skills (name) VALUES (?) ON CONFLICT (name) DO NOTHING RETURNING id;]
[parameters: ('typescript',)]
(Background on this error at: https://sqlalche.me/e/20/e3q8)
2026-04-12 19:18:29,933  WARNING     Skipping row due to error: The truth value of an array with more than one element is ambiguous. Use a.any() or a.all()
2026-04-12 19:18:29,945  WARNING     Skipping row due to error: The truth value of an array with more than one element is ambiguous. Use a.any() or a.all()
2026-04-12 19:18:29,946  WARNING     Skipping row due to error: The truth value of an array with more than one element is ambiguous. Use a.any() or a.all()
2026-04-12 19:18:29,953  WARNING     Skipping row due to error: (sqlite3.OperationalError) near "RETURNING": syntax error
[SQL: INSERT INTO skills (name) VALUES (?) ON CONFLICT (name) DO NOTHING RETURNING id;]
[parameters: ('javascript',)]
(Background on this error at: https://sqlalche.me/e/20/e3q8)
2026-04-12 19:18:29,967  WARNING     Skipping row due to error: The truth value of an array with more than one element is ambiguous. Use a.any() or a.all()
2026-04-12 19:18:29,973  WARNING     Skipping row due to error: (sqlite3.OperationalError) near "RETURNING": syntax error
[SQL: INSERT INTO skills (name) VALUES (?) ON CONFLICT (name) DO NOTHING RETURNING id;]
[parameters: ('rest api',)]
(Background on this error at: https://sqlalche.me/e/20/e3q8)
2026-04-12 19:18:29,974  WARNING     Skipping row due to error: (sqlite3.OperationalError) near "RETURNING": syntax error
[SQL: INSERT INTO skills (name) VALUES (?) ON CONFLICT (name) DO NOTHING RETURNING id;]
[parameters: ('java',)]
(Background on this error at: https://sqlalche.me/e/20/e3q8)
2026-04-12 19:18:29,995  WARNING     Skipping row due to error: The truth value of an array with more than one element is ambiguous. Use a.any() or a.all()
2026-04-12 19:18:29,996  WARNING     Skipping row due to error: The truth value of an array with more than one element is ambiguous. Use a.any() or a.all()
2026-04-12 19:18:30,001  WARNING     Skipping row due to error: (sqlite3.OperationalError) near "RETURNING": syntax error
[SQL: INSERT INTO skills (name) VALUES (?) ON CONFLICT (name) DO NOTHING RETURNING id;]
[parameters: ('java',)]
(Background on this error at: https://sqlalche.me/e/20/e3q8)
2026-04-12 19:18:30,003  WARNING     Skipping row due to error: (sqlite3.OperationalError) near "RETURNING": syntax error
[SQL: INSERT INTO skills (name) VALUES (?) ON CONFLICT (name) DO NOTHING RETURNING id;]
[parameters: ('java',)]
(Background on this error at: https://sqlalche.me/e/20/e3q8)
2026-04-12 19:18:30,004  WARNING     Skipping row due to error: (sqlite3.OperationalError) near "RETURNING": syntax error
[SQL: INSERT INTO skills (name) VALUES (?) ON CONFLICT (name) DO NOTHING RETURNING id;]
[parameters: ('typescript',)]
(Background on this error at: https://sqlalche.me/e/20/e3q8)
2026-04-12 19:18:30,012  WARNING     Skipping row due to error: (sqlite3.OperationalError) near "RETURNING": syntax error
[SQL: INSERT INTO skills (name) VALUES (?) ON CONFLICT (name) DO NOTHING RETURNING id;]
[parameters: ('java',)]
(Background on this error at: https://sqlalche.me/e/20/e3q8)
2026-04-12 19:18:30,015  WARNING     Skipping row due to error: (sqlite3.OperationalError) near "RETURNING": syntax error
[SQL: INSERT INTO skills (name) VALUES (?) ON CONFLICT (name) DO NOTHING RETURNING id;]
[parameters: ('java',)]
(Background on this error at: https://sqlalche.me/e/20/e3q8)
2026-04-12 19:18:30,029  WARNING     Skipping row due to error: The truth value of an array with more than one element is ambiguous. Use a.any() or a.all()
2026-04-12 19:18:30,030  WARNING     Skipping row due to error: (sqlite3.OperationalError) near "RETURNING": syntax error
[SQL: INSERT INTO skills (name) VALUES (?) ON CONFLICT (name) DO NOTHING RETURNING id;]
[parameters: ('java',)]
(Background on this error at: https://sqlalche.me/e/20/e3q8)
2026-04-12 19:18:30,031  WARNING     Skipping row due to error: (sqlite3.OperationalError) near "RETURNING": syntax error
[SQL: INSERT INTO skills (name) VALUES (?) ON CONFLICT (name) DO NOTHING RETURNING id;]
[parameters: ('java',)]
(Background on this error at: https://sqlalche.me/e/20/e3q8)
2026-04-12 19:18:30,032  WARNING     Skipping row due to error: (sqlite3.OperationalError) near "RETURNING": syntax error
[SQL: INSERT INTO skills (name) VALUES (?) ON CONFLICT (name) DO NOTHING RETURNING id;]
[parameters: ('python',)]
(Background on this error at: https://sqlalche.me/e/20/e3q8)
2026-04-12 19:18:30,034  WARNING     Skipping row due to error: (sqlite3.OperationalError) near "RETURNING": syntax error
[SQL: INSERT INTO skills (name) VALUES (?) ON CONFLICT (name) DO NOTHING RETURNING id;]
[parameters: ('java',)]
(Background on this error at: https://sqlalche.me/e/20/e3q8)
2026-04-12 19:18:30,036  WARNING     Skipping row due to error: The truth value of an array with more than one element is ambiguous. Use a.any() or a.all()
2026-04-12 19:18:30,045  WARNING     Skipping row due to error: (sqlite3.OperationalError) near "RETURNING": syntax error
[SQL: INSERT INTO skills (name) VALUES (?) ON CONFLICT (name) DO NOTHING RETURNING id;]
[parameters: ('java',)]
(Background on this error at: https://sqlalche.me/e/20/e3q8)
2026-04-12 19:18:30,047  WARNING     Skipping row due to error: (sqlite3.OperationalError) near "RETURNING": syntax error
[SQL: INSERT INTO skills (name) VALUES (?) ON CONFLICT (name) DO NOTHING RETURNING id;]
[parameters: ('java',)]
(Background on this error at: https://sqlalche.me/e/20/e3q8)
2026-04-12 19:18:30,049  WARNING     Skipping row due to error: The truth value of an array with more than one element is ambiguous. Use a.any() or a.all()
2026-04-12 19:18:30,051  WARNING     Skipping row due to error: (sqlite3.OperationalError) near "RETURNING": syntax error
[SQL: INSERT INTO skills (name) VALUES (?) ON CONFLICT (name) DO NOTHING RETURNING id;]
[parameters: ('java',)]
(Background on this error at: https://sqlalche.me/e/20/e3q8)
2026-04-12 19:18:30,052  WARNING     Skipping row due to error: (sqlite3.OperationalError) near "RETURNING": syntax error
[SQL: INSERT INTO skills (name) VALUES (?) ON CONFLICT (name) DO NOTHING RETURNING id;]
[parameters: ('java',)]
(Background on this error at: https://sqlalche.me/e/20/e3q8)
2026-04-12 19:18:30,053  WARNING     Skipping row due to error: The truth value of an array with more than one element is ambiguous. Use a.any() or a.all()
2026-04-12 19:18:30,062  WARNING     Skipping row due to error: The truth value of an array with more than one element is ambiguous. Use a.any() or a.all()
2026-04-12 19:18:30,064  WARNING     Skipping row due to error: (sqlite3.OperationalError) near "RETURNING": syntax error
[SQL: INSERT INTO skills (name) VALUES (?) ON CONFLICT (name) DO NOTHING RETURNING id;]
[parameters: ('python',)]
(Background on this error at: https://sqlalche.me/e/20/e3q8)
2026-04-12 19:18:30,066  WARNING     Skipping row due to error: (sqlite3.OperationalError) near "RETURNING": syntax error
[SQL: INSERT INTO skills (name) VALUES (?) ON CONFLICT (name) DO NOTHING RETURNING id;]
[parameters: ('java',)]
(Background on this error at: https://sqlalche.me/e/20/e3q8)
2026-04-12 19:18:30,067  WARNING     Skipping row due to error: (sqlite3.OperationalError) near "RETURNING": syntax error
[SQL: INSERT INTO skills (name) VALUES (?) ON CONFLICT (name) DO NOTHING RETURNING id;]
[parameters: ('java',)]
(Background on this error at: https://sqlalche.me/e/20/e3q8)
2026-04-12 19:18:30,068  WARNING     Skipping row due to error: (sqlite3.OperationalError) near "RETURNING": syntax error
[SQL: INSERT INTO skills (name) VALUES (?) ON CONFLICT (name) DO NOTHING RETURNING id;]
[parameters: ('java',)]
(Background on this error at: https://sqlalche.me/e/20/e3q8)
2026-04-12 19:18:30,084  WARNING     Skipping row due to error: The truth value of an array with more than one element is ambiguous. Use a.any() or a.all()
2026-04-12 19:18:30,092  WARNING     Skipping row due to error: The truth value of an array with more than one element is ambiguous. Use a.any() or a.all()
2026-04-12 19:18:30,093  WARNING     Skipping row due to error: (sqlite3.OperationalError) near "RETURNING": syntax error
[SQL: INSERT INTO skills (name) VALUES (?) ON CONFLICT (name) DO NOTHING RETURNING id;]
[parameters: ('java',)]
(Background on this error at: https://sqlalche.me/e/20/e3q8)
2026-04-12 19:18:30,094  WARNING     Skipping row due to error: (sqlite3.OperationalError) near "RETURNING": syntax error
[SQL: INSERT INTO skills (name) VALUES (?) ON CONFLICT (name) DO NOTHING RETURNING id;]
[parameters: ('java',)]
(Background on this error at: https://sqlalche.me/e/20/e3q8)
2026-04-12 19:18:30,102  WARNING     Skipping row due to error: (sqlite3.OperationalError) near "RETURNING": syntax error
[SQL: INSERT INTO skills (name) VALUES (?) ON CONFLICT (name) DO NOTHING RETURNING id;]
[parameters: ('rest api',)]
(Background on this error at: https://sqlalche.me/e/20/e3q8)
2026-04-12 19:18:30,103  WARNING     Skipping row due to error: (sqlite3.OperationalError) near "RETURNING": syntax error
[SQL: INSERT INTO skills (name) VALUES (?) ON CONFLICT (name) DO NOTHING RETURNING id;]
[parameters: ('java',)]
(Background on this error at: https://sqlalche.me/e/20/e3q8)
2026-04-12 19:18:30,106  WARNING     Skipping row due to error: (sqlite3.OperationalError) near "RETURNING": syntax error
[SQL: INSERT INTO skills (name) VALUES (?) ON CONFLICT (name) DO NOTHING RETURNING id;]
[parameters: ('java',)]
(Background on this error at: https://sqlalche.me/e/20/e3q8)
2026-04-12 19:18:30,107  WARNING     Skipping row due to error: (sqlite3.OperationalError) near "RETURNING": syntax error
[SQL: INSERT INTO skills (name) VALUES (?) ON CONFLICT (name) DO NOTHING RETURNING id;]
[parameters: ('java',)]
(Background on this error at: https://sqlalche.me/e/20/e3q8)
2026-04-12 19:18:30,123  WARNING     Skipping row due to error: (sqlite3.OperationalError) near "RETURNING": syntax error
[SQL: INSERT INTO skills (name) VALUES (?) ON CONFLICT (name) DO NOTHING RETURNING id;]
[parameters: ('java',)]
(Background on this error at: https://sqlalche.me/e/20/e3q8)
2026-04-12 19:18:30,148  WARNING     Skipping row due to error: (sqlite3.OperationalError) near "RETURNING": syntax error
[SQL: INSERT INTO skills (name) VALUES (?) ON CONFLICT (name) DO NOTHING RETURNING id;]
[parameters: ('python',)]
(Background on this error at: https://sqlalche.me/e/20/e3q8)
2026-04-12 19:18:30,162  WARNING     Skipping row due to error: The truth value of an array with more than one element is ambiguous. Use a.any() or a.all()
2026-04-12 19:18:30,170  WARNING     Skipping row due to error: (sqlite3.OperationalError) near "RETURNING": syntax error
[SQL: INSERT INTO skills (name) VALUES (?) ON CONFLICT (name) DO NOTHING RETURNING id;]
[parameters: ('java',)]
(Background on this error at: https://sqlalche.me/e/20/e3q8)
2026-04-12 19:18:30,171  WARNING     Skipping row due to error: (sqlite3.OperationalError) near "RETURNING": syntax error
[SQL: INSERT INTO skills (name) VALUES (?) ON CONFLICT (name) DO NOTHING RETURNING id;]
[parameters: ('java',)]
(Background on this error at: https://sqlalche.me/e/20/e3q8)
2026-04-12 19:18:30,173  WARNING     Skipping row due to error: (sqlite3.OperationalError) near "RETURNING": syntax error
[SQL: INSERT INTO skills (name) VALUES (?) ON CONFLICT (name) DO NOTHING RETURNING id;]
[parameters: ('java',)]
(Background on this error at: https://sqlalche.me/e/20/e3q8)
2026-04-12 19:18:30,180  WARNING     Skipping row due to error: (sqlite3.OperationalError) near "RETURNING": syntax error
[SQL: INSERT INTO skills (name) VALUES (?) ON CONFLICT (name) DO NOTHING RETURNING id;]
[parameters: ('javascript',)]
(Background on this error at: https://sqlalche.me/e/20/e3q8)
2026-04-12 19:18:30,182  WARNING     Skipping row due to error: (sqlite3.OperationalError) near "RETURNING": syntax error
[SQL: INSERT INTO skills (name) VALUES (?) ON CONFLICT (name) DO NOTHING RETURNING id;]
[parameters: ('go',)]
(Background on this error at: https://sqlalche.me/e/20/e3q8)
2026-04-12 19:18:30,184  WARNING     Skipping row due to error: (sqlite3.OperationalError) near "RETURNING": syntax error
[SQL: INSERT INTO skills (name) VALUES (?) ON CONFLICT (name) DO NOTHING RETURNING id;]
[parameters: ('java',)]
(Background on this error at: https://sqlalche.me/e/20/e3q8)
2026-04-12 19:18:30,185  WARNING     Skipping row due to error: (sqlite3.OperationalError) near "RETURNING": syntax error
[SQL: INSERT INTO skills (name) VALUES (?) ON CONFLICT (name) DO NOTHING RETURNING id;]
[parameters: ('sql',)]
(Background on this error at: https://sqlalche.me/e/20/e3q8)
2026-04-12 19:18:30,187  WARNING     Skipping row due to error: The truth value of an array with more than one element is ambiguous. Use a.any() or a.all()
2026-04-12 19:18:30,195  WARNING     Skipping row due to error: The truth value of an array with more than one element is ambiguous. Use a.any() or a.all()
2026-04-12 19:18:30,203  WARNING     Skipping row due to error: The truth value of an array with more than one element is ambiguous. Use a.any() or a.all()
2026-04-12 19:18:30,212  WARNING     Skipping row due to error: (sqlite3.OperationalError) near "RETURNING": syntax error
[SQL: INSERT INTO skills (name) VALUES (?) ON CONFLICT (name) DO NOTHING RETURNING id;]
[parameters: ('aws',)]
(Background on this error at: https://sqlalche.me/e/20/e3q8)
2026-04-12 19:18:30,213  WARNING     Skipping row due to error: The truth value of an array with more than one element is ambiguous. Use a.any() or a.all()
2026-04-12 19:18:30,214  WARNING     Skipping row due to error: The truth value of an array with more than one element is ambiguous. Use a.any() or a.all()
2026-04-12 19:18:30,250  WARNING     Skipping row due to error: The truth value of an array with more than one element is ambiguous. Use a.any() or a.all()
2026-04-12 19:18:30,257  WARNING     Skipping row due to error: (sqlite3.OperationalError) near "RETURNING": syntax error
[SQL: INSERT INTO skills (name) VALUES (?) ON CONFLICT (name) DO NOTHING RETURNING id;]
[parameters: ('go',)]
(Background on this error at: https://sqlalche.me/e/20/e3q8)
2026-04-12 19:18:30,259  WARNING     Skipping row due to error: The truth value of an array with more than one element is ambiguous. Use a.any() or a.all()
2026-04-12 19:18:30,266  WARNING     Skipping row due to error: The truth value of an array with more than one element is ambiguous. Use a.any() or a.all()
2026-04-12 19:18:30,267  WARNING     Skipping row due to error: The truth value of an array with more than one element is ambiguous. Use a.any() or a.all()
2026-04-12 19:18:30,274  WARNING     Skipping row due to error: The truth value of an array with more than one element is ambiguous. Use a.any() or a.all()
2026-04-12 19:18:30,275  WARNING     Skipping row due to error: The truth value of an array with more than one element is ambiguous. Use a.any() or a.all()
2026-04-12 19:18:30,318  WARNING     Skipping row due to error: (sqlite3.OperationalError) near "RETURNING": syntax error
[SQL: INSERT INTO skills (name) VALUES (?) ON CONFLICT (name) DO NOTHING RETURNING id;]
[parameters: ('javascript',)]
(Background on this error at: https://sqlalche.me/e/20/e3q8)
2026-04-12 19:18:30,399  WARNING     Skipping row due to error: (sqlite3.OperationalError) near "RETURNING": syntax error
[SQL: INSERT INTO skills (name) VALUES (?) ON CONFLICT (name) DO NOTHING RETURNING id;]
[parameters: ('sql',)]
(Background on this error at: https://sqlalche.me/e/20/e3q8)
2026-04-12 19:18:30,454  WARNING     Skipping row due to error: (sqlite3.OperationalError) near "RETURNING": syntax error
[SQL: INSERT INTO skills (name) VALUES (?) ON CONFLICT (name) DO NOTHING RETURNING id;]
[parameters: ('go',)]
(Background on this error at: https://sqlalche.me/e/20/e3q8)
2026-04-12 19:18:30,455  WARNING     Skipping row due to error: The truth value of an array with more than one element is ambiguous. Use a.any() or a.all()
2026-04-12 19:18:30,468  WARNING     Skipping row due to error: The truth value of an array with more than one element is ambiguous. Use a.any() or a.all()
2026-04-12 19:18:30,469  WARNING     Skipping row due to error: The truth value of an array with more than one element is ambiguous. Use a.any() or a.all()
2026-04-12 19:18:30,481  WARNING     Skipping row due to error: (sqlite3.OperationalError) near "RETURNING": syntax error
[SQL: INSERT INTO skills (name) VALUES (?) ON CONFLICT (name) DO NOTHING RETURNING id;]
[parameters: ('go',)]
(Background on this error at: https://sqlalche.me/e/20/e3q8)
2026-04-12 19:18:30,482  WARNING     Skipping row due to error: The truth value of an array with more than one element is ambiguous. Use a.any() or a.all()
2026-04-12 19:18:30,496  WARNING     Skipping row due to error: The truth value of an array with more than one element is ambiguous. Use a.any() or a.all()
2026-04-12 19:18:30,502  WARNING     Skipping row due to error: The truth value of an array with more than one element is ambiguous. Use a.any() or a.all()
2026-04-12 19:18:30,522  WARNING     Skipping row due to error: The truth value of an array with more than one element is ambiguous. Use a.any() or a.all()
2026-04-12 19:18:30,531  WARNING     Skipping row due to error: (sqlite3.OperationalError) near "RETURNING": syntax error
[SQL: INSERT INTO skills (name) VALUES (?) ON CONFLICT (name) DO NOTHING RETURNING id;]
[parameters: ('sql',)]
(Background on this error at: https://sqlalche.me/e/20/e3q8)
2026-04-12 19:18:30,532  WARNING     Skipping row due to error: The truth value of an array with more than one element is ambiguous. Use a.any() or a.all()
2026-04-12 19:18:30,551  WARNING     Skipping row due to error: (sqlite3.OperationalError) near "RETURNING": syntax error
[SQL: INSERT INTO skills (name) VALUES (?) ON CONFLICT (name) DO NOTHING RETURNING id;]
[parameters: ('go',)]
(Background on this error at: https://sqlalche.me/e/20/e3q8)
2026-04-12 19:18:30,552  WARNING     Skipping row due to error: (sqlite3.OperationalError) near "RETURNING": syntax error
[SQL: INSERT INTO skills (name) VALUES (?) ON CONFLICT (name) DO NOTHING RETURNING id;]
[parameters: ('javascript',)]
(Background on this error at: https://sqlalche.me/e/20/e3q8)
2026-04-12 19:18:30,553  WARNING     Skipping row due to error: (sqlite3.OperationalError) near "RETURNING": syntax error
[SQL: INSERT INTO skills (name) VALUES (?) ON CONFLICT (name) DO NOTHING RETURNING id;]
[parameters: ('sql',)]
(Background on this error at: https://sqlalche.me/e/20/e3q8)
2026-04-12 19:18:30,592  WARNING     Skipping row due to error: The truth value of an array with more than one element is ambiguous. Use a.any() or a.all()
2026-04-12 19:18:30,593  WARNING     Skipping row due to error: The truth value of an array with more than one element is ambiguous. Use a.any() or a.all()
2026-04-12 19:18:30,623  WARNING     Skipping row due to error: The truth value of an array with more than one element is ambiguous. Use a.any() or a.all()
2026-04-12 19:18:30,641  INFO        Inserted 846 new jobs (0 duplicates skipped)
2026-04-12 19:18:30,641  INFO         Inserted/updated 846 rows
2026-04-12 19:18:30,641  INFO      ✔ Pipeline finished successfully
2026-04-12 19:22:11,647  INFO      ════════════════════════════════════════════════════════════
2026-04-12 19:22:11,647  INFO      Job Market Pipeline  |  mode=load  |  2026-04-12 19:22:11.647688
2026-04-12 19:22:11,647  INFO      ════════════════════════════════════════════════════════════
2026-04-12 19:22:11,647  INFO      ▶ STAGE 3 — Load
2026-04-12 19:22:12,284  INFO        Loading 846 rows from data/clean/jobs_2026-04-12.parquet
2026-04-12 19:22:17,206  INFO        Inserted 846 new jobs (0 duplicates skipped)
2026-04-12 19:22:17,207  INFO         Inserted/updated 846 rows
2026-04-12 19:22:17,207  INFO      ✔ Pipeline finished successfully
